[27Sep2026 08:50:03.810] [main/INFO] [cpw.mods.modlauncher.Launcher/MODLAUNCHER]: ModLauncher running: args [--username, Offline, --version, 1.21.1-forge-52.1.16, --gameDir, /home/runner/work/MCVoice/MCVoice/run, --assetsDir, /home/runner/.minecraft/assets, --assetIndex, 17, --uuid, 22689332a7fd41919600b0fe1135ee34, --accessToken, **********, --clientId, , --xuid, , --userType, msa, --versionType, release, --launchTarget, forge_client]
[27Sep2026 08:50:03.813] [main/INFO] [cpw.mods.modlauncher.Launcher/MODLAUNCHER]: JVM identified as Eclipse Adoptium OpenJDK 64-Bit Server VM 21.0.12.1+1-LTS
[27Sep2026 08:50:03.813] [main/INFO] [cpw.mods.modlauncher.Launcher/MODLAUNCHER]: ModLauncher 10.2.4 starting: java version 21.0.12.1 by Eclipse Adoptium; OS Linux arch amd64 version 6.17.0-1022-azure
[27Sep2026 08:50:03.889] [main/WARN] [net.minecraftforge.fml.loading.FMLConfig/CORE]: Configuration file /home/runner/work/MCVoice/MCVoice/run/config/fml.toml is not correct. Correcting
[27Sep2026 08:50:03.891] [main/INFO] [net.minecraftforge.fml.loading.FMLConfig/CORE]: Incorrect key [earlyWindowSkipGLVersions] was corrected from null to []
[27Sep2026 08:50:03.891] [main/INFO] [net.minecraftforge.fml.loading.FMLConfig/CORE]: Incorrect key [earlyWindowLogHelpMessage] was corrected from null to true
[27Sep2026 08:50:03.891] [main/INFO] [net.minecraftforge.fml.loading.FMLConfig/CORE]: Incorrect key [earlyWindowSquir] was corrected from null to false
[27Sep2026 08:50:03.892] [main/INFO] [net.minecraftforge.fml.loading.FMLConfig/CORE]: Incorrect key [earlyWindowShowCPU] was corrected from null to false
[27Sep2026 08:50:03.909] [main/INFO] [net.minecraftforge.fml.loading.ImmediateWindowHandler/]: Loading ImmediateWindowProvider fmlearlywindow
[27Sep2026 08:50:04.262] [main/INFO] [EARLYDISPLAY/]: Trying GL version 4.6
[27Sep2026 08:50:04.263] [main/INFO] [EARLYDISPLAY/]: If this message is the only thing at the bottom of your log before a crash, you probably have a driver issue.

Possible solutions:
A) Make sure Minecraft is set to prefer high performance graphics in the OS and/or driver control panel
B) Check for driver updates on the graphics brand's website
C) Try reinstalling your graphics drivers
D) If still not working after trying all of the above, ask for further help on the Forge forums or Discord

You can safely ignore this message if the game starts up successfully.
[27Sep2026 08:50:07.201] [main/INFO] [EARLYDISPLAY/]: Trying GL version 4.5
[27Sep2026 08:50:08.514] [main/INFO] [EARLYDISPLAY/]: Requested GL version 4.5 got version 4.5
[27Sep2026 08:50:08.598] [main/INFO] [mixin/]: SpongePowered MIXIN Subsystem Version=0.8.7 Source=jar:file:///home/runner/.minecraft/libraries/org/spongepowered/mixin/0.8.7/mixin-0.8.7.jar!/ Service=ModLauncher Env=CLIENT
[27Sep2026 08:50:08.701] [EarlyDisplay/INFO] [EARLYDISPLAY/]: GL info: llvmpipe (LLVM 20.1.2, 256 bits) GL version 4.5 (Core Profile) Mesa 25.2.8-0ubuntu0.24.04.2, Mesa
[27Sep2026 08:50:08.995] [main/INFO] [net.minecraftforge.fml.loading.moddiscovery.JarInJarDependencyLocator/]: No dependencies to load found. Skipping!
[27Sep2026 08:50:09.955] [main/INFO] [cpw.mods.modlauncher.LaunchServiceHandler/MODLAUNCHER]: Launching target 'forge_client' with arguments [--version, 1.21.1-forge-52.1.16, --gameDir, /home/runner/work/MCVoice/MCVoice/run, --assetsDir, /home/runner/.minecraft/assets, --uuid, 22689332a7fd41919600b0fe1135ee34, --username, Offline, --assetIndex, 17, --accessToken, **********, --clientId, , --xuid, , --userType, msa, --versionType, release]
[27Sep2026 08:50:11.079] [main/WARN] [oshi.util.FileUtil/]: Configuration conflict: there is more than one oshi.properties file on the classpath: [jar:file:///home/runner/.minecraft/libraries/com/github/oshi/oshi-core/6.4.10/oshi-core-6.4.10.jar!/oshi.properties, jar:file:/home/runner/.minecraft/libraries/com/github/oshi/oshi-core/6.4.10/oshi-core-6.4.10.jar!/oshi.properties, jar:file:///home/runner/.minecraft/libraries/com/github/oshi/oshi-core/6.4.10/oshi-core-6.4.10.jar!/oshi.properties, jar:file:/home/runner/.minecraft/libraries/com/github/oshi/oshi-core/6.4.10/oshi-core-6.4.10.jar!/oshi.properties]
[27Sep2026 08:50:11.414] [Datafixer Bootstrap/INFO] [com.mojang.datafixers.DataFixerBuilder/]: 226 Datafixer optimizations took 358 milliseconds
[27Sep2026 08:50:11.541] [main/WARN] [oshi.util.FileUtil/]: Configuration conflict: there is more than one oshi.architecture.properties file on the classpath: [jar:file:///home/runner/.minecraft/libraries/com/github/oshi/oshi-core/6.4.10/oshi-core-6.4.10.jar!/oshi.architecture.properties, jar:file:/home/runner/.minecraft/libraries/com/github/oshi/oshi-core/6.4.10/oshi-core-6.4.10.jar!/oshi.architecture.properties, jar:file:///home/runner/.minecraft/libraries/com/github/oshi/oshi-core/6.4.10/oshi-core-6.4.10.jar!/oshi.architecture.properties, jar:file:/home/runner/.minecraft/libraries/com/github/oshi/oshi-core/6.4.10/oshi-core-6.4.10.jar!/oshi.architecture.properties]
[27Sep2026 08:50:15.914] [Render thread/INFO] [com.mojang.authlib.yggdrasil.YggdrasilAuthenticationService/]: Environment: Environment[sessionHost=https://sessionserver.mojang.com, servicesHost=https://api.minecraftservices.com, name=PROD]
[27Sep2026 08:50:15.933] [Render thread/INFO] [net.minecraft.client.Minecraft/]: Setting user: Offline
[27Sep2026 08:50:16.085] [Render thread/INFO] [net.minecraft.client.Minecraft/]: Backend library: LWJGL version 3.3.3+5
[27Sep2026 08:50:16.498] [Download-2/ERROR] [net.minecraft.client.Minecraft/]: Failed to fetch user properties
com.mojang.authlib.exceptions.InvalidCredentialsException: Status: 401
	at SECURE-BOOTSTRAP/authlib@6.0.54/com.mojang.authlib.exceptions.MinecraftClientHttpException.toAuthenticationException(MinecraftClientHttpException.java:59) ~[authlib-6.0.54.jar!/:?]
	at SECURE-BOOTSTRAP/authlib@6.0.54/com.mojang.authlib.yggdrasil.YggdrasilUserApiService.fetchProperties(YggdrasilUserApiService.java:150) ~[authlib-6.0.54.jar!/:?]
	at TRANSFORMER/minecraft@1.21.1/net.minecraft.client.Minecraft.lambda$new$2(Minecraft.java:427) ~[forge-1.21.1-52.1.16-client.jar!/:?]
	at java.base/java.util.concurrent.CompletableFuture$AsyncSupply.run(CompletableFuture.java:1768) ~[?:?]
	at java.base/java.util.concurrent.ThreadPoolExecutor.runWorker(ThreadPoolExecutor.java:1144) ~[?:?]
	at java.base/java.util.concurrent.ThreadPoolExecutor$Worker.run(ThreadPoolExecutor.java:642) ~[?:?]
	at java.base/java.lang.Thread.run(Thread.java:1583) [?:?]
Caused by: com.mojang.authlib.exceptions.MinecraftClientHttpException: Status: 401
	at SECURE-BOOTSTRAP/authlib@6.0.54/com.mojang.authlib.minecraft.client.MinecraftClient.readInputStream(MinecraftClient.java:100) ~[authlib-6.0.54.jar!/:?]
	at SECURE-BOOTSTRAP/authlib@6.0.54/com.mojang.authlib.minecraft.client.MinecraftClient.get(MinecraftClient.java:57) ~[authlib-6.0.54.jar!/:?]
	at SECURE-BOOTSTRAP/authlib@6.0.54/com.mojang.authlib.yggdrasil.YggdrasilUserApiService.fetchProperties(YggdrasilUserApiService.java:121) ~[authlib-6.0.54.jar!/:?]
	... 5 more
[27Sep2026 08:50:16.588] [modloading-worker-0/INFO] [net.minecraftforge.common.ForgeMod/FORGEMOD]: Forge mod loading, version 52.1.16, for MC 1.21.1 with MCP 20240808.132146
[27Sep2026 08:50:16.588] [modloading-worker-0/INFO] [net.minecraftforge.common.MinecraftForge/FORGE]: MinecraftForge v52.1.16 Initialized
[27Sep2026 08:50:16.629] [modloading-worker-0/INFO] [net.minecraftforge.common.ForgeMod/FORGEMOD]: Opening jdk.naming.dns/com.sun.jndi.dns to java.naming
[27Sep2026 08:50:17.406] [Render thread/ERROR] [com.mojang.text2speech.Narrator/]: Error while loading the narrator
com.mojang.text2speech.Narrator$InitializeException: Failed to load library flite
	at SECURE-BOOTSTRAP/text2speech@1.17.9/com.mojang.text2speech.NarratorLinux$FliteLibrary.loadNative(NarratorLinux.java:69) ~[text2speech-1.17.9.jar:?]
	at SECURE-BOOTSTRAP/text2speech@1.17.9/com.mojang.text2speech.NarratorLinux.<init>(NarratorLinux.java:18) ~[text2speech-1.17.9.jar:?]
	at SECURE-BOOTSTRAP/text2speech@1.17.9/com.mojang.text2speech.Narrator.getNarrator(Narrator.java:41) ~[text2speech-1.17.9.jar:?]
	at TRANSFORMER/minecraft@1.21.1/net.minecraft.client.GameNarrator.<init>(GameNarrator.java:19) ~[forge-1.21.1-52.1.16-client.jar:?]
	at TRANSFORMER/minecraft@1.21.1/net.minecraft.client.Minecraft.<init>(Minecraft.java:595) ~[forge-1.21.1-52.1.16-client.jar:?]
	at TRANSFORMER/minecraft@1.21.1/net.minecraft.client.main.Main.main(Main.java:212) ~[forge-1.21.1-52.1.16-client.jar:?]
	at java.base/jdk.internal.reflect.DirectMethodHandleAccessor.invoke(DirectMethodHandleAccessor.java:103) ~[?:?]
	at java.base/java.lang.reflect.Method.invoke(Method.java:580) ~[?:?]
	at SECURE-BOOTSTRAP/net.minecraftforge.fmlloader@1.21.1-52.1.16/net.minecraftforge.fml.loading.targets.CommonLaunchHandler.runTarget(CommonLaunchHandler.java:85) ~[fmlloader-1.21.1-52.1.16.jar!/:?]
	at SECURE-BOOTSTRAP/net.minecraftforge.fmlloader@1.21.1-52.1.16/net.minecraftforge.fml.loading.targets.CommonLaunchHandler.lambda$makeService$0(CommonLaunchHandler.java:69) ~[fmlloader-1.21.1-52.1.16.jar!/:?]
	at SECURE-BOOTSTRAP/cpw.mods.modlauncher@10.2.4/cpw.mods.modlauncher.LaunchServiceHandler.launch(LaunchServiceHandler.java:77) [modlauncher-10.2.4.jar!/:?]
	at SECURE-BOOTSTRAP/cpw.mods.modlauncher@10.2.4/cpw.mods.modlauncher.LaunchServiceHandler.launch(LaunchServiceHandler.java:97) [modlauncher-10.2.4.jar!/:?]
	at SECURE-BOOTSTRAP/cpw.mods.modlauncher@10.2.4/cpw.mods.modlauncher.Launcher.run(Launcher.java:116) [modlauncher-10.2.4.jar!/:?]
	at SECURE-BOOTSTRAP/cpw.mods.modlauncher@10.2.4/cpw.mods.modlauncher.Launcher.main(Launcher.java:75) [modlauncher-10.2.4.jar!/:?]
	at SECURE-BOOTSTRAP/cpw.mods.modlauncher@10.2.4/cpw.mods.modlauncher.BootstrapEntry.main(BootstrapEntry.java:17) [modlauncher-10.2.4.jar!/:?]
	at net.minecraftforge.bootstrap@2.1.7/net.minecraftforge.bootstrap.Bootstrap.moduleMain(Bootstrap.java:188) [bootstrap-2.1.8.jar!/:?]
	at java.base/jdk.internal.reflect.DirectMethodHandleAccessor.invoke(DirectMethodHandleAccessor.java:103) ~[?:?]
	at java.base/java.lang.reflect.Method.invoke(Method.java:580) ~[?:?]
	at net.minecraftforge.bootstrap.Bootstrap.bootstrapMain(Bootstrap.java:133) [bootstrap-2.1.8.jar:2.1.8]
	at net.minecraftforge.bootstrap.Bootstrap.start(Bootstrap.java:53) [bootstrap-2.1.8.jar:2.1.8]
	at net.minecraftforge.bootstrap.ForgeBootstrap.main(ForgeBootstrap.java:19) [bootstrap-2.1.8.jar:2.1.8]
Caused by: java.lang.UnsatisfiedLinkError: Unable to load library 'flite':
libflite.so: cannot open shared object file: No such file or directory
libflite.so: cannot open shared object file: No such file or directory
Native library (linux-x86-64/libflite.so) not found in resource path (/home/runner/.minecraft/libraries/com/github/oshi/oshi-core/6.4.10/oshi-core-6.4.10.jar:/home/runner/.minecraft/libraries/com/google/code/gson/gson/2.10.1/gson-2.10.1.jar:/home/runner/.minecraft/libraries/com/ibm/icu/icu4j/73.2/icu4j-73.2.jar:/home/runner/.minecraft/libraries/com/mojang/authlib/6.0.54/authlib-6.0.54.jar:/home/runner/.minecraft/libraries/com/mojang/blocklist/1.0.10/blocklist-1.0.10.jar:/home/runner/.minecraft/libraries/com/mojang/brigadier/1.3.10/brigadier-1.3.10.jar:/home/runner/.minecraft/libraries/com/mojang/datafixerupper/8.0.16/datafixerupper-8.0.16.jar:/home/runner/.minecraft/libraries/com/mojang/logging/1.2.7/logging-1.2.7.jar:/home/runner/.minecraft/libraries/com/mojang/patchy/2.2.10/patchy-2.2.10.jar:/home/runner/.minecraft/libraries/com/mojang/text2speech/1.17.9/text2speech-1.17.9.jar:/home/runner/.minecraft/libraries/commons-codec/commons-codec/1.16.0/commons-codec-1.16.0.jar:/home/runner/.minecraft/libraries/commons-io/commons-io/2.15.1/commons-io-2.15.1.jar:/home/runner/.minecraft/libraries/commons-logging/commons-logging/1.2/commons-logging-1.2.jar:/home/runner/.minecraft/libraries/io/netty/netty-buffer/4.1.97.Final/netty-buffer-4.1.97.Final.jar:/home/runner/.minecraft/libraries/io/netty/netty-codec/4.1.97.Final/netty-codec-4.1.97.Final.jar:/home/runner/.minecraft/libraries/io/netty/netty-common/4.1.97.Final/netty-common-4.1.97.Final.jar:/home/runner/.minecraft/libraries/io/netty/netty-handler/4.1.97.Final/netty-handler-4.1.97.Final.jar:/home/runner/.minecraft/libraries/io/netty/netty-resolver/4.1.97.Final/netty-resolver-4.1.97.Final.jar:/home/runner/.minecraft/libraries/io/netty/netty-transport-classes-epoll/4.1.97.Final/netty-transport-classes-epoll-4.1.97.Final.jar:/home/runner/.minecraft/libraries/io/netty/netty-transport-native-epoll/4.1.97.Final/netty-transport-native-epoll-4.1.97.Final-linux-aarch_64.jar:/home/runner/.minecraft/libraries/io/netty/netty-transport-native-epoll/4.1.97.Final/netty-transport-native-epoll-4.1.97.Final-linux-x86_64.jar:/home/runner/.minecraft/libraries/io/netty/netty-transport-native-unix-common/4.1.97.Final/netty-transport-native-unix-common-4.1.97.Final.jar:/home/runner/.minecraft/libraries/io/netty/netty-transport/4.1.97.Final/netty-transport-4.1.97.Final.jar:/home/runner/.minecraft/libraries/it/unimi/dsi/fastutil/8.5.12/fastutil-8.5.12.jar:/home/runner/.minecraft/libraries/net/java/dev/jna/jna-platform/5.14.0/jna-platform-5.14.0.jar:/home/runner/.minecraft/libraries/net/java/dev/jna/jna/5.14.0/jna-5.14.0.jar:/home/runner/.minecraft/libraries/net/sf/jopt-simple/jopt-simple/5.0.4/jopt-simple-5.0.4.jar:/home/runner/.minecraft/libraries/org/apache/commons/commons-compress/1.26.0/commons-compress-1.26.0.jar:/home/runner/.minecraft/libraries/org/apache/commons/commons-lang3/3.14.0/commons-lang3-3.14.0.jar:/home/runner/.minecraft/libraries/org/apache/httpcomponents/httpclient/4.5.13/httpclient-4.5.13.jar:/home/runner/.minecraft/libraries/org/apache/httpcomponents/httpcore/4.4.16/httpcore-4.4.16.jar:/home/runner/work/MCVoice/MCVoice/HeadlessMC/25795964-ad4d-43eb-9384-7e5631fbd8ea/log4j-api-2.22.1.jar:/home/runner/work/MCVoice/MCVoice/HeadlessMC/25795964-ad4d-43eb-9384-7e5631fbd8ea/log4j-core-2.22.1.jar:/home/runner/work/MCVoice/MCVoice/HeadlessMC/25795964-ad4d-43eb-9384-7e5631fbd8ea/log4j-slf4j2-impl-2.22.1.jar:/home/runner/.minecraft/libraries/org/jcraft/jorbis/0.0.17/jorbis-0.0.17.jar:/home/runner/.minecraft/libraries/org/joml/joml/1.10.5/joml-1.10.5.jar:/home/runner/.minecraft/libraries/org/lwjgl/lwjgl-freetype/3.3.3/lwjgl-freetype-3.3.3.jar:/home/runner/.minecraft/libraries/org/lwjgl/lwjgl-freetype/3.3.3/lwjgl-freetype-3.3.3-natives-linux.jar:/home/runner/.minecraft/libraries/org/lwjgl/lwjgl-glfw/3.3.3/lwjgl-glfw-3.3.3.jar:/home/runner/.minecraft/libraries/org/lwjgl/lwjgl-glfw/3.3.3/lwjgl-glfw-3.3.3-natives-linux.jar:/home/runner/.minecraft/libraries/org/lwjgl/lwjgl-jemalloc/3.3.3/lwjgl-jemalloc-3.3.3.jar:/home/runner/.minecraft/libraries/org/lwjgl/lwjgl-jemalloc/3.3.3/lwjgl-jemalloc-3.3.3-natives-linux.jar:/home/runner/.minecraft/libraries/org/lwjgl/lwjgl-openal/3.3.3/lwjgl-openal-3.3.3.jar:/home/runner/.minecraft/libraries/org/lwjgl/lwjgl-openal/3.3.3/lwjgl-openal-3.3.3-natives-linux.jar:/home/runner/.minecraft/libraries/org/lwjgl/lwjgl-opengl/3.3.3/lwjgl-opengl-3.3.3.jar:/home/runner/.minecraft/libraries/org/lwjgl/lwjgl-opengl/3.3.3/lwjgl-opengl-3.3.3-natives-linux.jar:/home/runner/.minecraft/libraries/org/lwjgl/lwjgl-stb/3.3.3/lwjgl-stb-3.3.3.jar:/home/runner/.minecraft/libraries/org/lwjgl/lwjgl-stb/3.3.3/lwjgl-stb-3.3.3-natives-linux.jar:/home/runner/.minecraft/libraries/org/lwjgl/lwjgl-tinyfd/3.3.3/lwjgl-tinyfd-3.3.3.jar:/home/runner/.minecraft/libraries/org/lwjgl/lwjgl-tinyfd/3.3.3/lwjgl-tinyfd-3.3.3-natives-linux.jar:/home/runner/.minecraft/libraries/org/lwjgl/lwjgl/3.3.3/lwjgl-3.3.3.jar:/home/runner/.minecraft/libraries/org/lwjgl/lwjgl/3.3.3/lwjgl-3.3.3-natives-linux.jar:/home/runner/.minecraft/libraries/org/lz4/lz4-java/1.8.0/lz4-java-1.8.0.jar:/home/runner/.minecraft/libraries/org/slf4j/slf4j-api/2.0.9/slf4j-api-2.0.9.jar:/home/runner/.minecraft/libraries/net/minecraftforge/forge/1.21.1-52.1.16/forge-1.21.1-52.1.16-universal.jar:/home/runner/.minecraft/libraries/net/minecraftforge/forge/1.21.1-52.1.16/forge-1.21.1-52.1.16-client.jar:/home/runner/.minecraft/libraries/net/minecraftforge/JarJarFileSystems/0.3.26/JarJarFileSystems-0.3.26.jar:/home/runner/.minecraft/libraries/com/google/guava/guava/32.1.2-jre/guava-32.1.2-jre.jar:/home/runner/.minecraft/libraries/com/google/guava/failureaccess/1.0.1/failureaccess-1.0.1.jar:/home/runner/.minecraft/libraries/net/minecraftforge/securemodules/2.2.24/securemodules-2.2.24.jar:/home/runner/.minecraft/libraries/net/minecraftforge/unsafe/0.9.2/unsafe-0.9.2.jar:/home/runner/.minecraft/libraries/org/ow2/asm/asm/9.9.1/asm-9.9.1.jar:/home/runner/.minecraft/libraries/org/ow2/asm/asm-tree/9.9.1/asm-tree-9.9.1.jar:/home/runner/.minecraft/libraries/org/ow2/asm/asm-util/9.9.1/asm-util-9.9.1.jar:/home/runner/.minecraft/libraries/org/ow2/asm/asm-commons/9.9.1/asm-commons-9.9.1.jar:/home/runner/.minecraft/libraries/org/ow2/asm/asm-analysis/9.9.1/asm-analysis-9.9.1.jar:/home/runner/.minecraft/libraries/de/oceanlabs/mcp/mcp_config/1.21.1-20240808.132146/mcp_config-1.21.1-20240808.132146-srg2off.jar:/home/runner/.minecraft/libraries/net/minecraftforge/bootstrap/2.1.8/bootstrap-2.1.8.jar:/home/runner/.minecraft/libraries/net/minecraftforge/bootstrap-api/2.1.8/bootstrap-api-2.1.8.jar:/home/runner/.minecraft/libraries/net/minecraftforge/accesstransformers/8.2.2/accesstransformers-8.2.2.jar:/home/runner/.minecraft/libraries/net/minecraftforge/eventbus/6.2.33/eventbus-6.2.33.jar:/home/runner/.minecraft/libraries/net/jodah/typetools/0.6.3/typetools-0.6.3.jar:/home/runner/.minecraft/libraries/net/minecraftforge/forgespi/7.1.5/forgespi-7.1.5.jar:/home/runner/.minecraft/libraries/net/minecraftforge/coremods/5.2.6/coremods-5.2.6.jar:/home/runner/.minecraft/libraries/org/openjdk/nashorn/nashorn-core/15.4/nashorn-core-15.4.jar:/home/runner/.minecraft/libraries/net/minecraftforge/modlauncher/10.2.4/modlauncher-10.2.4.jar:/home/runner/.minecraft/libraries/net/minecraftforge/mergetool-api/1.0/mergetool-api-1.0.jar:/home/runner/.minecraft/libraries/com/electronwill/night-config/toml/3.7.4/toml-3.7.4.jar:/home/runner/.minecraft/libraries/com/electronwill/night-config/core/3.7.4/core-3.7.4.jar:/home/runner/.minecraft/libraries/org/apache/maven/maven-artifact/3.8.8/maven-artifact-3.8.8.jar:/home/runner/.minecraft/libraries/net/minecrell/terminalconsoleappender/1.2.0/terminalconsoleappender-1.2.0.jar:/home/runner/.minecraft/libraries/org/jline/jline-reader/3.25.1/jline-reader-3.25.1.jar:/home/runner/.minecraft/libraries/org/jline/jline-terminal/3.25.1/jline-terminal-3.25.1.jar:/home/runner/.minecraft/libraries/org/jline/jline-terminal-jna/3.25.1/jline-terminal-jna-3.25.1.jar:/home/runner/.minecraft/libraries/org/spongepowered/mixin/0.8.7/mixin-0.8.7.jar:/home/runner/.minecraft/libraries/net/minecraftforge/JarJarSelector/0.3.26/JarJarSelector-0.3.26.jar:/home/runner/.minecraft/libraries/net/minecraftforge/JarJarMetadata/0.3.26/JarJarMetadata-0.3.26.jar:/home/runner/.minecraft/libraries/net/minecraftforge/fmlcore/1.21.1-52.1.16/fmlcore-1.21.1-52.1.16.jar:/home/runner/.minecraft/libraries/net/minecraftforge/fmlloader/1.21.1-52.1.16/fmlloader-1.21.1-52.1.16.jar:/home/runner/.minecraft/libraries/net/minecraftforge/fmlearlydisplay/1.21.1-52.1.16/fmlearlydisplay-1.21.1-52.1.16.jar:/home/runner/.minecraft/libraries/net/minecraftforge/javafmllanguage/1.21.1-52.1.16/javafmllanguage-1.21.1-52.1.16.jar:/home/runner/.minecraft/libraries/net/minecraftforge/lowcodelanguage/1.21.1-52.1.16/lowcodelanguage-1.21.1-52.1.16.jar:/home/runner/.minecraft/libraries/net/minecraftforge/mclanguage/1.21.1-52.1.16/mclanguage-1.21.1-52.1.16.jar:/home/runner/.minecraft/versions/1.21.1-forge-52.1.16/1.21.1-forge-52.1.16.jar)
	at SECURE-BOOTSTRAP/com.sun.jna@5.14.0/com.sun.jna.NativeLibrary.loadLibrary(NativeLibrary.java:325) ~[jna-5.14.0.jar:5.14.0 (b0)]
	at SECURE-BOOTSTRAP/com.sun.jna@5.14.0/com.sun.jna.NativeLibrary.getInstance(NativeLibrary.java:481) ~[jna-5.14.0.jar:5.14.0 (b0)]
	at SECURE-BOOTSTRAP/com.sun.jna@5.14.0/com.sun.jna.NativeLibrary.getInstance(NativeLibrary.java:423) ~[jna-5.14.0.jar:5.14.0 (b0)]
	at SECURE-BOOTSTRAP/text2speech@1.17.9/com.mojang.text2speech.NarratorLinux$FliteLibrary.loadNative(NarratorLinux.java:67) ~[text2speech-1.17.9.jar:?]
	... 20 more
	Suppressed: java.lang.UnsatisfiedLinkError: libflite.so: cannot open shared object file: No such file or directory
		at SECURE-BOOTSTRAP/com.sun.jna@5.14.0/com.sun.jna.Native.open(Native Method) ~[jna-5.14.0.jar:5.14.0 (b0)]
		at SECURE-BOOTSTRAP/com.sun.jna@5.14.0/com.sun.jna.NativeLibrary.loadLibrary(NativeLibrary.java:213) ~[jna-5.14.0.jar:5.14.0 (b0)]
		at SECURE-BOOTSTRAP/com.sun.jna@5.14.0/com.sun.jna.NativeLibrary.getInstance(NativeLibrary.java:481) ~[jna-5.14.0.jar:5.14.0 (b0)]
		at SECURE-BOOTSTRAP/com.sun.jna@5.14.0/com.sun.jna.NativeLibrary.getInstance(NativeLibrary.java:423) ~[jna-5.14.0.jar:5.14.0 (b0)]
		at SECURE-BOOTSTRAP/text2speech@1.17.9/com.mojang.text2speech.NarratorLinux$FliteLibrary.loadNative(NarratorLinux.java:67) ~[text2speech-1.17.9.jar:?]
		at SECURE-BOOTSTRAP/text2speech@1.17.9/com.mojang.text2speech.NarratorLinux.<init>(NarratorLinux.java:18) ~[text2speech-1.17.9.jar:?]
		at SECURE-BOOTSTRAP/text2speech@1.17.9/com.mojang.text2speech.Narrator.getNarrator(Narrator.java:41) ~[text2speech-1.17.9.jar:?]
		at TRANSFORMER/minecraft@1.21.1/net.minecraft.client.GameNarrator.<init>(GameNarrator.java:19) ~[forge-1.21.1-52.1.16-client.jar:?]
		at TRANSFORMER/minecraft@1.21.1/net.minecraft.client.Minecraft.<init>(Minecraft.java:595) ~[forge-1.21.1-52.1.16-client.jar:?]
		at TRANSFORMER/minecraft@1.21.1/net.minecraft.client.main.Main.main(Main.java:212) ~[forge-1.21.1-52.1.16-client.jar:?]
		at java.base/jdk.internal.reflect.DirectMethodHandleAccessor.invoke(DirectMethodHandleAccessor.java:103) ~[?:?]
		at java.base/java.lang.reflect.Method.invoke(Method.java:580) ~[?:?]
		at SECURE-BOOTSTRAP/net.minecraftforge.fmlloader@1.21.1-52.1.16/net.minecraftforge.fml.loading.targets.CommonLaunchHandler.runTarget(CommonLaunchHandler.java:85) ~[fmlloader-1.21.1-52.1.16.jar!/:?]
		at SECURE-BOOTSTRAP/net.minecraftforge.fmlloader@1.21.1-52.1.16/net.minecraftforge.fml.loading.targets.CommonLaunchHandler.lambda$makeService$0(CommonLaunchHandler.java:69) ~[fmlloader-1.21.1-52.1.16.jar!/:?]
		at SECURE-BOOTSTRAP/cpw.mods.modlauncher@10.2.4/cpw.mods.modlauncher.LaunchServiceHandler.launch(LaunchServiceHandler.java:77) [modlauncher-10.2.4.jar!/:?]
		at SECURE-BOOTSTRAP/cpw.mods.modlauncher@10.2.4/cpw.mods.modlauncher.LaunchServiceHandler.launch(LaunchServiceHandler.java:97) [modlauncher-10.2.4.jar!/:?]
		at SECURE-BOOTSTRAP/cpw.mods.modlauncher@10.2.4/cpw.mods.modlauncher.Launcher.run(Launcher.java:116) [modlauncher-10.2.4.jar!/:?]
		at SECURE-BOOTSTRAP/cpw.mods.modlauncher@10.2.4/cpw.mods.modlauncher.Launcher.main(Launcher.java:75) [modlauncher-10.2.4.jar!/:?]
		at SECURE-BOOTSTRAP/cpw.mods.modlauncher@10.2.4/cpw.mods.modlauncher.BootstrapEntry.main(BootstrapEntry.java:17) [modlauncher-10.2.4.jar!/:?]
		at net.minecraftforge.bootstrap@2.1.7/net.minecraftforge.bootstrap.Bootstrap.moduleMain(Bootstrap.java:188) [bootstrap-2.1.8.jar!/:?]
		at java.base/jdk.internal.reflect.DirectMethodHandleAccessor.invoke(DirectMethodHandleAccessor.java:103) ~[?:?]
		at java.base/java.lang.reflect.Method.invoke(Method.java:580) ~[?:?]
		at net.minecraftforge.bootstrap.Bootstrap.bootstrapMain(Bootstrap.java:133) [bootstrap-2.1.8.jar:2.1.8]
		at net.minecraftforge.bootstrap.Bootstrap.start(Bootstrap.java:53) [bootstrap-2.1.8.jar:2.1.8]
		at net.minecraftforge.bootstrap.ForgeBootstrap.main(ForgeBootstrap.java:19) [bootstrap-2.1.8.jar:2.1.8]
	Suppressed: java.lang.UnsatisfiedLinkError: libflite.so: cannot open shared object file: No such file or directory
		at SECURE-BOOTSTRAP/com.sun.jna@5.14.0/com.sun.jna.Native.open(Native Method) ~[jna-5.14.0.jar:5.14.0 (b0)]
		at SECURE-BOOTSTRAP/com.sun.jna@5.14.0/com.sun.jna.NativeLibrary.loadLibrary(NativeLibrary.java:226) ~[jna-5.14.0.jar:5.14.0 (b0)]
		at SECURE-BOOTSTRAP/com.sun.jna@5.14.0/com.sun.jna.NativeLibrary.getInstance(NativeLibrary.java:481) ~[jna-5.14.0.jar:5.14.0 (b0)]
		at SECURE-BOOTSTRAP/com.sun.jna@5.14.0/com.sun.jna.NativeLibrary.getInstance(NativeLibrary.java:423) ~[jna-5.14.0.jar:5.14.0 (b0)]
		at SECURE-BOOTSTRAP/text2speech@1.17.9/com.mojang.text2speech.NarratorLinux$FliteLibrary.loadNative(NarratorLinux.java:67) ~[text2speech-1.17.9.jar:?]
		at SECURE-BOOTSTRAP/text2speech@1.17.9/com.mojang.text2speech.NarratorLinux.<init>(NarratorLinux.java:18) ~[text2speech-1.17.9.jar:?]
		at SECURE-BOOTSTRAP/text2speech@1.17.9/com.mojang.text2speech.Narrator.getNarrator(Narrator.java:41) ~[text2speech-1.17.9.jar:?]
		at TRANSFORMER/minecraft@1.21.1/net.minecraft.client.GameNarrator.<init>(GameNarrator.java:19) ~[forge-1.21.1-52.1.16-client.jar:?]
		at TRANSFORMER/minecraft@1.21.1/net.minecraft.client.Minecraft.<init>(Minecraft.java:595) ~[forge-1.21.1-52.1.16-client.jar:?]
		at TRANSFORMER/minecraft@1.21.1/net.minecraft.client.main.Main.main(Main.java:212) ~[forge-1.21.1-52.1.16-client.jar:?]
		at java.base/jdk.internal.reflect.DirectMethodHandleAccessor.invoke(DirectMethodHandleAccessor.java:103) ~[?:?]
		at java.base/java.lang.reflect.Method.invoke(Method.java:580) ~[?:?]
		at SECURE-BOOTSTRAP/net.minecraftforge.fmlloader@1.21.1-52.1.16/net.minecraftforge.fml.loading.targets.CommonLaunchHandler.runTarget(CommonLaunchHandler.java:85) ~[fmlloader-1.21.1-52.1.16.jar!/:?]
		at SECURE-BOOTSTRAP/net.minecraftforge.fmlloader@1.21.1-52.1.16/net.minecraftforge.fml.loading.targets.CommonLaunchHandler.lambda$makeService$0(CommonLaunchHandler.java:69) ~[fmlloader-1.21.1-52.1.16.jar!/:?]
		at SECURE-BOOTSTRAP/cpw.mods.modlauncher@10.2.4/cpw.mods.modlauncher.LaunchServiceHandler.launch(LaunchServiceHandler.java:77) [modlauncher-10.2.4.jar!/:?]
		at SECURE-BOOTSTRAP/cpw.mods.modlauncher@10.2.4/cpw.mods.modlauncher.LaunchServiceHandler.launch(LaunchServiceHandler.java:97) [modlauncher-10.2.4.jar!/:?]
		at SECURE-BOOTSTRAP/cpw.mods.modlauncher@10.2.4/cpw.mods.modlauncher.Launcher.run(Launcher.java:116) [modlauncher-10.2.4.jar!/:?]
		at SECURE-BOOTSTRAP/cpw.mods.modlauncher@10.2.4/cpw.mods.modlauncher.Launcher.main(Launcher.java:75) [modlauncher-10.2.4.jar!/:?]
		at SECURE-BOOTSTRAP/cpw.mods.modlauncher@10.2.4/cpw.mods.modlauncher.BootstrapEntry.main(BootstrapEntry.java:17) [modlauncher-10.2.4.jar!/:?]
		at net.minecraftforge.bootstrap@2.1.7/net.minecraftforge.bootstrap.Bootstrap.moduleMain(Bootstrap.java:188) [bootstrap-2.1.8.jar!/:?]
		at java.base/jdk.internal.reflect.DirectMethodHandleAccessor.invoke(DirectMethodHandleAccessor.java:103) ~[?:?]
		at java.base/java.lang.reflect.Method.invoke(Method.java:580) ~[?:?]
		at net.minecraftforge.bootstrap.Bootstrap.bootstrapMain(Bootstrap.java:133) [bootstrap-2.1.8.jar:2.1.8]
		at net.minecraftforge.bootstrap.Bootstrap.start(Bootstrap.java:53) [bootstrap-2.1.8.jar:2.1.8]
		at net.minecraftforge.bootstrap.ForgeBootstrap.main(ForgeBootstrap.java:19) [bootstrap-2.1.8.jar:2.1.8]
	Suppressed: java.io.IOException: Native library (linux-x86-64/libflite.so) not found in resource path (/home/runner/.minecraft/libraries/com/github/oshi/oshi-core/6.4.10/oshi-core-6.4.10.jar:/home/runner/.minecraft/libraries/com/google/code/gson/gson/2.10.1/gson-2.10.1.jar:/home/runner/.minecraft/libraries/com/ibm/icu/icu4j/73.2/icu4j-73.2.jar:/home/runner/.minecraft/libraries/com/mojang/authlib/6.0.54/authlib-6.0.54.jar:/home/runner/.minecraft/libraries/com/mojang/blocklist/1.0.10/blocklist-1.0.10.jar:/home/runner/.minecraft/libraries/com/mojang/brigadier/1.3.10/brigadier-1.3.10.jar:/home/runner/.minecraft/libraries/com/mojang/datafixerupper/8.0.16/datafixerupper-8.0.16.jar:/home/runner/.minecraft/libraries/com/mojang/logging/1.2.7/logging-1.2.7.jar:/home/runner/.minecraft/libraries/com/mojang/patchy/2.2.10/patchy-2.2.10.jar:/home/runner/.minecraft/libraries/com/mojang/text2speech/1.17.9/text2speech-1.17.9.jar:/home/runner/.minecraft/libraries/commons-codec/commons-codec/1.16.0/commons-codec-1.16.0.jar:/home/runner/.minecraft/libraries/commons-io/commons-io/2.15.1/commons-io-2.15.1.jar:/home/runner/.minecraft/libraries/commons-logging/commons-logging/1.2/commons-logging-1.2.jar:/home/runner/.minecraft/libraries/io/netty/netty-buffer/4.1.97.Final/netty-buffer-4.1.97.Final.jar:/home/runner/.minecraft/libraries/io/netty/netty-codec/4.1.97.Final/netty-codec-4.1.97.Final.jar:/home/runner/.minecraft/libraries/io/netty/netty-common/4.1.97.Final/netty-common-4.1.97.Final.jar:/home/runner/.minecraft/libraries/io/netty/netty-handler/4.1.97.Final/netty-handler-4.1.97.Final.jar:/home/runner/.minecraft/libraries/io/netty/netty-resolver/4.1.97.Final/netty-resolver-4.1.97.Final.jar:/home/runner/.minecraft/libraries/io/netty/netty-transport-classes-epoll/4.1.97.Final/netty-transport-classes-epoll-4.1.97.Final.jar:/home/runner/.minecraft/libraries/io/netty/netty-transport-native-epoll/4.1.97.Final/netty-transport-native-epoll-4.1.97.Final-linux-aarch_64.jar:/home/runner/.minecraft/libraries/io/netty/netty-transport-native-epoll/4.1.97.Final/netty-transport-native-epoll-4.1.97.Final-linux-x86_64.jar:/home/runner/.minecraft/libraries/io/netty/netty-transport-native-unix-common/4.1.97.Final/netty-transport-native-unix-common-4.1.97.Final.jar:/home/runner/.minecraft/libraries/io/netty/netty-transport/4.1.97.Final/netty-transport-4.1.97.Final.jar:/home/runner/.minecraft/libraries/it/unimi/dsi/fastutil/8.5.12/fastutil-8.5.12.jar:/home/runner/.minecraft/libraries/net/java/dev/jna/jna-platform/5.14.0/jna-platform-5.14.0.jar:/home/runner/.minecraft/libraries/net/java/dev/jna/jna/5.14.0/jna-5.14.0.jar:/home/runner/.minecraft/libraries/net/sf/jopt-simple/jopt-simple/5.0.4/jopt-simple-5.0.4.jar:/home/runner/.minecraft/libraries/org/apache/commons/commons-compress/1.26.0/commons-compress-1.26.0.jar:/home/runner/.minecraft/libraries/org/apache/commons/commons-lang3/3.14.0/commons-lang3-3.14.0.jar:/home/runner/.minecraft/libraries/org/apache/httpcomponents/httpclient/4.5.13/httpclient-4.5.13.jar:/home/runner/.minecraft/libraries/org/apache/httpcomponents/httpcore/4.4.16/httpcore-4.4.16.jar:/home/runner/work/MCVoice/MCVoice/HeadlessMC/25795964-ad4d-43eb-9384-7e5631fbd8ea/log4j-api-2.22.1.jar:/home/runner/work/MCVoice/MCVoice/HeadlessMC/25795964-ad4d-43eb-9384-7e5631fbd8ea/log4j-core-2.22.1.jar:/home/runner/work/MCVoice/MCVoice/HeadlessMC/25795964-ad4d-43eb-9384-7e5631fbd8ea/log4j-slf4j2-impl-2.22.1.jar:/home/runner/.minecraft/libraries/org/jcraft/jorbis/0.0.17/jorbis-0.0.17.jar:/home/runner/.minecraft/libraries/org/joml/joml/1.10.5/joml-1.10.5.jar:/home/runner/.minecraft/libraries/org/lwjgl/lwjgl-freetype/3.3.3/lwjgl-freetype-3.3.3.jar:/home/runner/.minecraft/libraries/org/lwjgl/lwjgl-freetype/3.3.3/lwjgl-freetype-3.3.3-natives-linux.jar:/home/runner/.minecraft/libraries/org/lwjgl/lwjgl-glfw/3.3.3/lwjgl-glfw-3.3.3.jar:/home/runner/.minecraft/libraries/org/lwjgl/lwjgl-glfw/3.3.3/lwjgl-glfw-3.3.3-natives-linux.jar:/home/runner/.minecraft/libraries/org/lwjgl/lwjgl-jemalloc/3.3.3/lwjgl-jemalloc-3.3.3.jar:/home/runner/.minecraft/libraries/org/lwjgl/lwjgl-jemalloc/3.3.3/lwjgl-jemalloc-3.3.3-natives-linux.jar:/home/runner/.minecraft/libraries/org/lwjgl/lwjgl-openal/3.3.3/lwjgl-openal-3.3.3.jar:/home/runner/.minecraft/libraries/org/lwjgl/lwjgl-openal/3.3.3/lwjgl-openal-3.3.3-natives-linux.jar:/home/runner/.minecraft/libraries/org/lwjgl/lwjgl-opengl/3.3.3/lwjgl-opengl-3.3.3.jar:/home/runner/.minecraft/libraries/org/lwjgl/lwjgl-opengl/3.3.3/lwjgl-opengl-3.3.3-natives-linux.jar:/home/runner/.minecraft/libraries/org/lwjgl/lwjgl-stb/3.3.3/lwjgl-stb-3.3.3.jar:/home/runner/.minecraft/libraries/org/lwjgl/lwjgl-stb/3.3.3/lwjgl-stb-3.3.3-natives-linux.jar:/home/runner/.minecraft/libraries/org/lwjgl/lwjgl-tinyfd/3.3.3/lwjgl-tinyfd-3.3.3.jar:/home/runner/.minecraft/libraries/org/lwjgl/lwjgl-tinyfd/3.3.3/lwjgl-tinyfd-3.3.3-natives-linux.jar:/home/runner/.minecraft/libraries/org/lwjgl/lwjgl/3.3.3/lwjgl-3.3.3.jar:/home/runner/.minecraft/libraries/org/lwjgl/lwjgl/3.3.3/lwjgl-3.3.3-natives-linux.jar:/home/runner/.minecraft/libraries/org/lz4/lz4-java/1.8.0/lz4-java-1.8.0.jar:/home/runner/.minecraft/libraries/org/slf4j/slf4j-api/2.0.9/slf4j-api-2.0.9.jar:/home/runner/.minecraft/libraries/net/minecraftforge/forge/1.21.1-52.1.16/forge-1.21.1-52.1.16-universal.jar:/home/runner/.minecraft/libraries/net/minecraftforge/forge/1.21.1-52.1.16/forge-1.21.1-52.1.16-client.jar:/home/runner/.minecraft/libraries/net/minecraftforge/JarJarFileSystems/0.3.26/JarJarFileSystems-0.3.26.jar:/home/runner/.minecraft/libraries/com/google/guava/guava/32.1.2-jre/guava-32.1.2-jre.jar:/home/runner/.minecraft/libraries/com/google/guava/failureaccess/1.0.1/failureaccess-1.0.1.jar:/home/runner/.minecraft/libraries/net/minecraftforge/securemodules/2.2.24/securemodules-2.2.24.jar:/home/runner/.minecraft/libraries/net/minecraftforge/unsafe/0.9.2/unsafe-0.9.2.jar:/home/runner/.minecraft/libraries/org/ow2/asm/asm/9.9.1/asm-9.9.1.jar:/home/runner/.minecraft/libraries/org/ow2/asm/asm-tree/9.9.1/asm-tree-9.9.1.jar:/home/runner/.minecraft/libraries/org/ow2/asm/asm-util/9.9.1/asm-util-9.9.1.jar:/home/runner/.minecraft/libraries/org/ow2/asm/asm-commons/9.9.1/asm-commons-9.9.1.jar:/home/runner/.minecraft/libraries/org/ow2/asm/asm-analysis/9.9.1/asm-analysis-9.9.1.jar:/home/runner/.minecraft/libraries/de/oceanlabs/mcp/mcp_config/1.21.1-20240808.132146/mcp_config-1.21.1-20240808.132146-srg2off.jar:/home/runner/.minecraft/libraries/net/minecraftforge/bootstrap/2.1.8/bootstrap-2.1.8.jar:/home/runner/.minecraft/libraries/net/minecraftforge/bootstrap-api/2.1.8/bootstrap-api-2.1.8.jar:/home/runner/.minecraft/libraries/net/minecraftforge/accesstransformers/8.2.2/accesstransformers-8.2.2.jar:/home/runner/.minecraft/libraries/net/minecraftforge/eventbus/6.2.33/eventbus-6.2.33.jar:/home/runner/.minecraft/libraries/net/jodah/typetools/0.6.3/typetools-0.6.3.jar:/home/runner/.minecraft/libraries/net/minecraftforge/forgespi/7.1.5/forgespi-7.1.5.jar:/home/runner/.minecraft/libraries/net/minecraftforge/coremods/5.2.6/coremods-5.2.6.jar:/home/runner/.minecraft/libraries/org/openjdk/nashorn/nashorn-core/15.4/nashorn-core-15.4.jar:/home/runner/.minecraft/libraries/net/minecraftforge/modlauncher/10.2.4/modlauncher-10.2.4.jar:/home/runner/.minecraft/libraries/net/minecraftforge/mergetool-api/1.0/mergetool-api-1.0.jar:/home/runner/.minecraft/libraries/com/electronwill/night-config/toml/3.7.4/toml-3.7.4.jar:/home/runner/.minecraft/libraries/com/electronwill/night-config/core/3.7.4/core-3.7.4.jar:/home/runner/.minecraft/libraries/org/apache/maven/maven-artifact/3.8.8/maven-artifact-3.8.8.jar:/home/runner/.minecraft/libraries/net/minecrell/terminalconsoleappender/1.2.0/terminalconsoleappender-1.2.0.jar:/home/runner/.minecraft/libraries/org/jline/jline-reader/3.25.1/jline-reader-3.25.1.jar:/home/runner/.minecraft/libraries/org/jline/jline-terminal/3.25.1/jline-terminal-3.25.1.jar:/home/runner/.minecraft/libraries/org/jline/jline-terminal-jna/3.25.1/jline-terminal-jna-3.25.1.jar:/home/runner/.minecraft/libraries/org/spongepowered/mixin/0.8.7/mixin-0.8.7.jar:/home/runner/.minecraft/libraries/net/minecraftforge/JarJarSelector/0.3.26/JarJarSelector-0.3.26.jar:/home/runner/.minecraft/libraries/net/minecraftforge/JarJarMetadata/0.3.26/JarJarMetadata-0.3.26.jar:/home/runner/.minecraft/libraries/net/minecraftforge/fmlcore/1.21.1-52.1.16/fmlcore-1.21.1-52.1.16.jar:/home/runner/.minecraft/libraries/net/minecraftforge/fmlloader/1.21.1-52.1.16/fmlloader-1.21.1-52.1.16.jar:/home/runner/.minecraft/libraries/net/minecraftforge/fmlearlydisplay/1.21.1-52.1.16/fmlearlydisplay-1.21.1-52.1.16.jar:/home/runner/.minecraft/libraries/net/minecraftforge/javafmllanguage/1.21.1-52.1.16/javafmllanguage-1.21.1-52.1.16.jar:/home/runner/.minecraft/libraries/net/minecraftforge/lowcodelanguage/1.21.1-52.1.16/lowcodelanguage-1.21.1-52.1.16.jar:/home/runner/.minecraft/libraries/net/minecraftforge/mclanguage/1.21.1-52.1.16/mclanguage-1.21.1-52.1.16.jar:/home/runner/.minecraft/versions/1.21.1-forge-52.1.16/1.21.1-forge-52.1.16.jar)
		at SECURE-BOOTSTRAP/com.sun.jna@5.14.0/com.sun.jna.Native.extractFromResourcePath(Native.java:1141) ~[jna-5.14.0.jar:5.14.0 (b0)]
		at SECURE-BOOTSTRAP/com.sun.jna@5.14.0/com.sun.jna.NativeLibrary.loadLibrary(NativeLibrary.java:297) ~[jna-5.14.0.jar:5.14.0 (b0)]
		at SECURE-BOOTSTRAP/com.sun.jna@5.14.0/com.sun.jna.NativeLibrary.getInstance(NativeLibrary.java:481) ~[jna-5.14.0.jar:5.14.0 (b0)]
		at SECURE-BOOTSTRAP/com.sun.jna@5.14.0/com.sun.jna.NativeLibrary.getInstance(NativeLibrary.java:423) ~[jna-5.14.0.jar:5.14.0 (b0)]
		at SECURE-BOOTSTRAP/text2speech@1.17.9/com.mojang.text2speech.NarratorLinux$FliteLibrary.loadNative(NarratorLinux.java:67) ~[text2speech-1.17.9.jar:?]
		at SECURE-BOOTSTRAP/text2speech@1.17.9/com.mojang.text2speech.NarratorLinux.<init>(NarratorLinux.java:18) ~[text2speech-1.17.9.jar:?]
		at SECURE-BOOTSTRAP/text2speech@1.17.9/com.mojang.text2speech.Narrator.getNarrator(Narrator.java:41) ~[text2speech-1.17.9.jar:?]
		at TRANSFORMER/minecraft@1.21.1/net.minecraft.client.GameNarrator.<init>(GameNarrator.java:19) ~[forge-1.21.1-52.1.16-client.jar:?]
		at TRANSFORMER/minecraft@1.21.1/net.minecraft.client.Minecraft.<init>(Minecraft.java:595) ~[forge-1.21.1-52.1.16-client.jar:?]
		at TRANSFORMER/minecraft@1.21.1/net.minecraft.client.main.Main.main(Main.java:212) ~[forge-1.21.1-52.1.16-client.jar:?]
		at java.base/jdk.internal.reflect.DirectMethodHandleAccessor.invoke(DirectMethodHandleAccessor.java:103) ~[?:?]
		at java.base/java.lang.reflect.Method.invoke(Method.java:580) ~[?:?]
		at SECURE-BOOTSTRAP/net.minecraftforge.fmlloader@1.21.1-52.1.16/net.minecraftforge.fml.loading.targets.CommonLaunchHandler.runTarget(CommonLaunchHandler.java:85) ~[fmlloader-1.21.1-52.1.16.jar!/:?]
		at SECURE-BOOTSTRAP/net.minecraftforge.fmlloader@1.21.1-52.1.16/net.minecraftforge.fml.loading.targets.CommonLaunchHandler.lambda$makeService$0(CommonLaunchHandler.java:69) ~[fmlloader-1.21.1-52.1.16.jar!/:?]
		at SECURE-BOOTSTRAP/cpw.mods.modlauncher@10.2.4/cpw.mods.modlauncher.LaunchServiceHandler.launch(LaunchServiceHandler.java:77) [modlauncher-10.2.4.jar!/:?]
		at SECURE-BOOTSTRAP/cpw.mods.modlauncher@10.2.4/cpw.mods.modlauncher.LaunchServiceHandler.launch(LaunchServiceHandler.java:97) [modlauncher-10.2.4.jar!/:?]
		at SECURE-BOOTSTRAP/cpw.mods.modlauncher@10.2.4/cpw.mods.modlauncher.Launcher.run(Launcher.java:116) [modlauncher-10.2.4.jar!/:?]
		at SECURE-BOOTSTRAP/cpw.mods.modlauncher@10.2.4/cpw.mods.modlauncher.Launcher.main(Launcher.java:75) [modlauncher-10.2.4.jar!/:?]
		at SECURE-BOOTSTRAP/cpw.mods.modlauncher@10.2.4/cpw.mods.modlauncher.BootstrapEntry.main(BootstrapEntry.java:17) [modlauncher-10.2.4.jar!/:?]
		at net.minecraftforge.bootstrap@2.1.7/net.minecraftforge.bootstrap.Bootstrap.moduleMain(Bootstrap.java:188) [bootstrap-2.1.8.jar!/:?]
		at java.base/jdk.internal.reflect.DirectMethodHandleAccessor.invoke(DirectMethodHandleAccessor.java:103) ~[?:?]
		at java.base/java.lang.reflect.Method.invoke(Method.java:580) ~[?:?]
		at net.minecraftforge.bootstrap.Bootstrap.bootstrapMain(Bootstrap.java:133) [bootstrap-2.1.8.jar:2.1.8]
		at net.minecraftforge.bootstrap.Bootstrap.start(Bootstrap.java:53) [bootstrap-2.1.8.jar:2.1.8]
		at net.minecraftforge.bootstrap.ForgeBootstrap.main(ForgeBootstrap.java:19) [bootstrap-2.1.8.jar:2.1.8]
[27Sep2026 08:50:17.438] [Render thread/INFO] [net.minecraft.server.packs.resources.ReloadableResourceManager/]: Reloading ResourceManager: vanilla, mod_resources
[27Sep2026 08:50:17.473] [modloading-worker-0/WARN] [net.minecraftforge.common.ForgeConfigSpec/CORE]: Configuration file /home/runner/work/MCVoice/MCVoice/run/config/forge-client.toml is not correct. Correcting
[27Sep2026 08:50:17.474] [modloading-worker-0/WARN] [net.minecraftforge.common.ForgeConfigSpec/CORE]: Incorrect key client was corrected from null to its default, SynchronizedConfig{DataHolder:{}}. 
[27Sep2026 08:50:17.475] [modloading-worker-0/WARN] [net.minecraftforge.common.ForgeConfigSpec/CORE]: Incorrect key client.alwaysSetupTerrainOffThread was corrected from null to its default, false. 
[27Sep2026 08:50:17.475] [modloading-worker-0/WARN] [net.minecraftforge.common.ForgeConfigSpec/CORE]: Incorrect key client.experimentalForgeLightPipelineEnabled was corrected from null to its default, false. 
[27Sep2026 08:50:17.475] [modloading-worker-0/WARN] [net.minecraftforge.common.ForgeConfigSpec/CORE]: Incorrect key client.showLoadWarnings was corrected from null to its default, true. 
[27Sep2026 08:50:17.475] [modloading-worker-0/WARN] [net.minecraftforge.common.ForgeConfigSpec/CORE]: Incorrect key client.useCombinedDepthStencilAttachment was corrected from null to its default, false. 
[27Sep2026 08:50:17.475] [modloading-worker-0/WARN] [net.minecraftforge.common.ForgeConfigSpec/CORE]: Incorrect key client.calculateAllNormals was corrected from null to its default, false. 
[27Sep2026 08:50:17.480] [modloading-worker-0/WARN] [net.minecraftforge.common.ForgeConfigSpec/CORE]: Incorrect key client.stabilizeDirectionGetNearest was corrected from null to its default, true. 
[27Sep2026 08:50:17.480] [modloading-worker-0/WARN] [net.minecraftforge.common.ForgeConfigSpec/CORE]: Incorrect key client.allowMipmapLowering was corrected from null to its default, false. 
[27Sep2026 08:50:17.489] [Render thread/INFO] [net.minecraft.client.Minecraft/]: Waiting for overlay to disappear...
[27Sep2026 08:50:17.489] [Render thread/INFO] [net.minecraft.client.Minecraft/]: Waiting for player to load...
[27Sep2026 08:50:17.492] [modloading-worker-0/WARN] [net.minecraftforge.common.ForgeConfigSpec/CORE]: Configuration file /home/runner/work/MCVoice/MCVoice/run/config/forge-common.toml is not correct. Correcting
[27Sep2026 08:50:17.493] [modloading-worker-0/WARN] [net.minecraftforge.common.ForgeConfigSpec/CORE]: Incorrect key general was corrected from null to its default, SynchronizedConfig{DataHolder:{}}. 
[27Sep2026 08:50:17.493] [modloading-worker-0/WARN] [net.minecraftforge.common.ForgeConfigSpec/CORE]: Incorrect key general.logLegacyTagWarnings was corrected from null to its default, OFF. 
[27Sep2026 08:50:17.493] [modloading-worker-0/WARN] [net.minecraftforge.common.ForgeConfigSpec/CORE]: Incorrect key general.fixGameTestBlockPosAsserts was corrected from null to its default, true. 
[27Sep2026 08:50:17.493] [Render thread/INFO] [net.minecraft.client.Minecraft/]: Waiting for overlay to disappear...
[27Sep2026 08:50:17.493] [Render thread/INFO] [net.minecraft.client.Minecraft/]: Waiting for player to load...
[27Sep2026 08:50:17.493] [Render thread/INFO] [net.minecraft.client.Minecraft/]: Waiting for overlay to disappear...
[27Sep2026 08:50:17.493] [Render thread/INFO] [net.minecraft.client.Minecraft/]: Waiting for player to load...
[27Sep2026 08:50:17.494] [Render thread/INFO] [net.minecraft.client.Minecraft/]: Waiting for overlay to disappear...
[27Sep2026 08:50:17.495] [Render thread/INFO] [net.minecraft.client.Minecraft/]: Waiting for player to load...
[27Sep2026 08:50:17.495] [Render thread/INFO] [net.minecraft.client.Minecraft/]: Waiting for overlay to disappear...
[27Sep2026 08:50:17.496] [Render thread/INFO] [net.minecraft.client.Minecraft/]: Waiting for player to load...
[27Sep2026 08:50:17.496] [Render thread/INFO] [net.minecraft.client.Minecraft/]: Waiting for overlay to disappear...
[27Sep2026 08:50:17.496] [Render thread/INFO] [net.minecraft.client.Minecraft/]: Waiting for player to load...
[27Sep2026 08:50:17.496] [Render thread/INFO] [net.minecraft.client.Minecraft/]: Waiting for overlay to disappear...
[27Sep2026 08:50:17.496] [Render thread/INFO] [net.minecraft.client.Minecraft/]: Waiting for player to load...
[27Sep2026 08:50:17.496] [Render thread/INFO] [net.minecraft.client.Minecraft/]: Waiting for overlay to disappear...
[27Sep2026 08:50:17.497] [Render thread/INFO] [net.minecraft.client.Minecraft/]: Waiting for player to load...
[27Sep2026 08:50:17.497] [Render thread/INFO] [net.minecraft.client.Minecraft/]: Waiting for overlay to disappear...
[27Sep2026 08:50:17.497] [Render thread/INFO] [net.minecraft.client.Minecraft/]: Waiting for player to load...
[27Sep2026 08:50:17.497] [Render thread/INFO] [net.minecraft.client.Minecraft/]: Waiting for overlay to disappear...
[27Sep2026 08:50:17.497] [Render thread/INFO] [net.minecraft.client.Minecraft/]: Waiting for player to load...
[27Sep2026 08:50:17.530] [Worker-Main-3/WARN] [net.minecraft.client.gui.font.FontManager/]: Unable to load font 'minecraft:include/unifont' in fonts.json in resourcepack: 'vanilla'
com.google.gson.JsonParseException: No key providers in MapLike[{}]
	at SECURE-BOOTSTRAP/datafixerupper@8.0.16/com.mojang.serialization.DataResult$Error.getOrThrow(DataResult.java:287) ~[datafixerupper-8.0.16.jar!/:?]
	at TRANSFORMER/minecraft@1.21.1/net.minecraft.client.gui.font.FontManager.loadResourceStack(FontManager.java:310) ~[forge-1.21.1-52.1.16-client.jar!/:?]
	at TRANSFORMER/minecraft@1.21.1/net.minecraft.client.gui.font.FontManager.lambda$prepare$4(FontManager.java:173) ~[forge-1.21.1-52.1.16-client.jar!/:?]
	at java.base/java.util.concurrent.CompletableFuture$AsyncSupply.run(CompletableFuture.java:1768) [?:?]
	at java.base/java.util.concurrent.CompletableFuture$AsyncSupply.exec(CompletableFuture.java:1760) [?:?]
	at java.base/java.util.concurrent.ForkJoinTask.doExec(ForkJoinTask.java:387) [?:?]
	at java.base/java.util.concurrent.ForkJoinPool$WorkQueue.topLevelExec(ForkJoinPool.java:1312) [?:?]
	at java.base/java.util.concurrent.ForkJoinPool.scan(ForkJoinPool.java:1843) [?:?]
	at java.base/java.util.concurrent.ForkJoinPool.runWorker(ForkJoinPool.java:1808) [?:?]
	at java.base/java.util.concurrent.ForkJoinWorkerThread.run(ForkJoinWorkerThread.java:188) [?:?]
[27Sep2026 08:50:17.890] [Render thread/INFO] [net.minecraft.client.Minecraft/]: Waiting for overlay to disappear...
[27Sep2026 08:50:17.890] [Render thread/INFO] [net.minecraft.client.Minecraft/]: Waiting for player to load...
[27Sep2026 08:50:17.891] [Render thread/INFO] [net.minecraft.client.Minecraft/]: Waiting for overlay to disappear...
[27Sep2026 08:50:17.891] [Render thread/INFO] [net.minecraft.client.Minecraft/]: Waiting for player to load...
[27Sep2026 08:50:17.891] [Render thread/INFO] [net.minecraft.client.Minecraft/]: Waiting for overlay to disappear...
[27Sep2026 08:50:17.891] [Render thread/INFO] [net.minecraft.client.Minecraft/]: Waiting for player to load...
[27Sep2026 08:50:17.891] [Render thread/INFO] [net.minecraft.client.Minecraft/]: Waiting for overlay to disappear...
[27Sep2026 08:50:17.891] [Render thread/INFO] [net.minecraft.client.Minecraft/]: Waiting for player to load...
[27Sep2026 08:50:17.891] [Render thread/INFO] [net.minecraft.client.Minecraft/]: Waiting for overlay to disappear...
[27Sep2026 08:50:17.891] [Render thread/INFO] [net.minecraft.client.Minecraft/]: Waiting for player to load...
[27Sep2026 08:50:17.891] [Render thread/INFO] [net.minecraft.client.Minecraft/]: Waiting for overlay to disappear...
[27Sep2026 08:50:17.891] [Render thread/INFO] [net.minecraft.client.Minecraft/]: Waiting for player to load...
[27Sep2026 08:50:17.892] [Render thread/INFO] [net.minecraft.client.Minecraft/]: Waiting for overlay to disappear...
[27Sep2026 08:50:17.892] [Render thread/INFO] [net.minecraft.client.Minecraft/]: Waiting for player to load...
[27Sep2026 08:50:17.892] [Render thread/INFO] [net.minecraft.client.Minecraft/]: Waiting for overlay to disappear...
[27Sep2026 08:50:17.892] [Render thread/INFO] [net.minecraft.client.Minecraft/]: Waiting for player to load...
[27Sep2026 08:50:17.985] [Render thread/INFO] [net.minecraft.client.Minecraft/]: Waiting for overlay to disappear...
[27Sep2026 08:50:17.986] [Render thread/INFO] [net.minecraft.client.Minecraft/]: Waiting for player to load...
[27Sep2026 08:50:17.986] [Render thread/INFO] [net.minecraft.client.Minecraft/]: Waiting for overlay to disappear...
[27Sep2026 08:50:17.986] [Render thread/INFO] [net.minecraft.client.Minecraft/]: Waiting for player to load...
[27Sep2026 08:50:18.012] [Render thread/INFO] [net.minecraft.client.Minecraft/]: Waiting for overlay to disappear...
[27Sep2026 08:50:18.012] [Render thread/INFO] [net.minecraft.client.Minecraft/]: Waiting for player to load...
[27Sep2026 08:50:18.067] [Render thread/INFO] [net.minecraft.client.Minecraft/]: Waiting for overlay to disappear...
[27Sep2026 08:50:18.067] [Render thread/INFO] [net.minecraft.client.Minecraft/]: Waiting for player to load...
[27Sep2026 08:50:18.147] [Render thread/INFO] [net.minecraft.client.Minecraft/]: Waiting for overlay to disappear...
[27Sep2026 08:50:18.148] [Render thread/INFO] [net.minecraft.client.Minecraft/]: Waiting for player to load...
[27Sep2026 08:50:18.170] [Render thread/INFO] [net.minecraft.client.Minecraft/]: Waiting for overlay to disappear...
[27Sep2026 08:50:18.171] [Render thread/INFO] [net.minecraft.client.Minecraft/]: Waiting for player to load...
[27Sep2026 08:50:18.209] [Render thread/INFO] [net.minecraft.client.Minecraft/]: Waiting for overlay to disappear...
[27Sep2026 08:50:18.210] [Render thread/INFO] [net.minecraft.client.Minecraft/]: Waiting for player to load...
[27Sep2026 08:50:18.261] [Render thread/INFO] [net.minecraft.client.Minecraft/]: Waiting for overlay to disappear...
[27Sep2026 08:50:18.262] [Render thread/INFO] [net.minecraft.client.Minecraft/]: Waiting for player to load...
[27Sep2026 08:50:18.332] [Render thread/INFO] [net.minecraft.client.Minecraft/]: Waiting for overlay to disappear...
[27Sep2026 08:50:18.333] [Render thread/INFO] [net.minecraft.client.Minecraft/]: Waiting for player to load...
[27Sep2026 08:50:18.375] [Render thread/INFO] [net.minecraft.client.Minecraft/]: Waiting for overlay to disappear...
[27Sep2026 08:50:18.376] [Render thread/INFO] [net.minecraft.client.Minecraft/]: Waiting for player to load...
[27Sep2026 08:50:18.426] [Forge Version Check/INFO] [net.minecraftforge.fml.VersionChecker/]: [forge] Starting version check at https://files.minecraftforge.net/net/minecraftforge/forge/promotions_slim.json
[27Sep2026 08:50:18.427] [Render thread/INFO] [net.minecraft.client.Minecraft/]: Waiting for overlay to disappear...
[27Sep2026 08:50:18.427] [Render thread/INFO] [net.minecraft.client.Minecraft/]: Waiting for player to load...
[27Sep2026 08:50:18.470] [Render thread/INFO] [net.minecraft.client.Minecraft/]: Waiting for overlay to disappear...
[27Sep2026 08:50:18.471] [Render thread/INFO] [net.minecraft.client.Minecraft/]: Waiting for player to load...
[27Sep2026 08:50:18.493] [Worker-Main-1/INFO] [MCVoice/]: [VOICE] MCVoice 0.1.3-rc.1 initialised (Minecraft 1.21.1, forge, protocol 1.1)
[27Sep2026 08:50:18.509] [Render thread/INFO] [net.minecraft.client.Minecraft/]: Waiting for overlay to disappear...
[27Sep2026 08:50:18.509] [Render thread/INFO] [net.minecraft.client.Minecraft/]: Waiting for player to load...
[27Sep2026 08:50:18.571] [Render thread/INFO] [net.minecraft.client.Minecraft/]: Waiting for overlay to disappear...
[27Sep2026 08:50:18.572] [Render thread/INFO] [net.minecraft.client.Minecraft/]: Waiting for player to load...
[27Sep2026 08:50:18.609] [Render thread/INFO] [net.minecraft.client.Minecraft/]: Waiting for overlay to disappear...
[27Sep2026 08:50:18.610] [Render thread/INFO] [net.minecraft.client.Minecraft/]: Waiting for player to load...
[27Sep2026 08:50:18.657] [Forge Version Check/INFO] [net.minecraftforge.fml.VersionChecker/]: [forge] Found status: AHEAD Current: 52.1.16 Target: null
[27Sep2026 08:50:18.660] [Render thread/INFO] [net.minecraft.client.Minecraft/]: Waiting for overlay to disappear...
[27Sep2026 08:50:18.660] [Render thread/INFO] [net.minecraft.client.Minecraft/]: Waiting for player to load...
[27Sep2026 08:50:18.710] [Render thread/INFO] [net.minecraft.client.Minecraft/]: Waiting for overlay to disappear...
[27Sep2026 08:50:18.710] [Render thread/INFO] [net.minecraft.client.Minecraft/]: Waiting for player to load...
[27Sep2026 08:50:18.760] [Render thread/INFO] [net.minecraft.client.Minecraft/]: Waiting for overlay to disappear...
[27Sep2026 08:50:18.761] [Render thread/INFO] [net.minecraft.client.Minecraft/]: Waiting for player to load...
[27Sep2026 08:50:18.811] [Render thread/INFO] [net.minecraft.client.Minecraft/]: Waiting for overlay to disappear...
[27Sep2026 08:50:18.811] [Render thread/INFO] [net.minecraft.client.Minecraft/]: Waiting for player to load...
[27Sep2026 08:50:18.879] [Render thread/INFO] [net.minecraft.client.Minecraft/]: Waiting for overlay to disappear...
[27Sep2026 08:50:18.880] [Render thread/INFO] [net.minecraft.client.Minecraft/]: Waiting for player to load...
[27Sep2026 08:50:18.919] [Render thread/INFO] [net.minecraft.client.Minecraft/]: Waiting for overlay to disappear...
[27Sep2026 08:50:18.920] [Render thread/INFO] [net.minecraft.client.Minecraft/]: Waiting for player to load...
[27Sep2026 08:50:18.981] [Render thread/INFO] [net.minecraft.client.Minecraft/]: Waiting for overlay to disappear...
[27Sep2026 08:50:18.982] [Render thread/INFO] [net.minecraft.client.Minecraft/]: Waiting for player to load...
[27Sep2026 08:50:19.018] [Render thread/INFO] [net.minecraft.client.Minecraft/]: Waiting for overlay to disappear...
[27Sep2026 08:50:19.019] [Render thread/INFO] [net.minecraft.client.Minecraft/]: Waiting for player to load...
[27Sep2026 08:50:19.059] [Render thread/INFO] [net.minecraft.client.Minecraft/]: Waiting for overlay to disappear...
[27Sep2026 08:50:19.060] [Render thread/INFO] [net.minecraft.client.Minecraft/]: Waiting for player to load...
[27Sep2026 08:50:19.122] [Render thread/INFO] [net.minecraft.client.Minecraft/]: Waiting for overlay to disappear...
[27Sep2026 08:50:19.122] [Render thread/INFO] [net.minecraft.client.Minecraft/]: Waiting for player to load...
[27Sep2026 08:50:19.183] [Render thread/INFO] [net.minecraft.client.Minecraft/]: Waiting for overlay to disappear...
[27Sep2026 08:50:19.183] [Render thread/INFO] [net.minecraft.client.Minecraft/]: Waiting for player to load...
[27Sep2026 08:50:19.220] [Render thread/INFO] [net.minecraft.client.Minecraft/]: Waiting for overlay to disappear...
[27Sep2026 08:50:19.221] [Render thread/INFO] [net.minecraft.client.Minecraft/]: Waiting for player to load...
[27Sep2026 08:50:19.275] [Render thread/INFO] [net.minecraft.client.Minecraft/]: Waiting for overlay to disappear...
[27Sep2026 08:50:19.275] [Render thread/INFO] [net.minecraft.client.Minecraft/]: Waiting for player to load...
[27Sep2026 08:50:19.309] [Render thread/INFO] [net.minecraft.client.Minecraft/]: Waiting for overlay to disappear...
[27Sep2026 08:50:19.310] [Render thread/INFO] [net.minecraft.client.Minecraft/]: Waiting for player to load...
[27Sep2026 08:50:19.368] [Render thread/INFO] [net.minecraft.client.Minecraft/]: Waiting for overlay to disappear...
[27Sep2026 08:50:19.369] [Render thread/INFO] [net.minecraft.client.Minecraft/]: Waiting for player to load...
[27Sep2026 08:50:19.424] [Render thread/INFO] [net.minecraft.client.Minecraft/]: Waiting for overlay to disappear...
[27Sep2026 08:50:19.425] [Render thread/INFO] [net.minecraft.client.Minecraft/]: Waiting for player to load...
[27Sep2026 08:50:19.462] [Render thread/INFO] [net.minecraft.client.Minecraft/]: Waiting for overlay to disappear...
[27Sep2026 08:50:19.462] [Render thread/INFO] [net.minecraft.client.Minecraft/]: Waiting for player to load...
[27Sep2026 08:50:19.512] [Render thread/INFO] [net.minecraft.client.Minecraft/]: Waiting for overlay to disappear...
[27Sep2026 08:50:19.513] [Render thread/INFO] [net.minecraft.client.Minecraft/]: Waiting for player to load...
[27Sep2026 08:50:19.573] [Render thread/INFO] [net.minecraft.client.Minecraft/]: Waiting for overlay to disappear...
[27Sep2026 08:50:19.574] [Render thread/INFO] [net.minecraft.client.Minecraft/]: Waiting for player to load...
[27Sep2026 08:50:19.624] [Render thread/INFO] [net.minecraft.client.Minecraft/]: Waiting for overlay to disappear...
[27Sep2026 08:50:19.624] [Render thread/INFO] [net.minecraft.client.Minecraft/]: Waiting for player to load...
[27Sep2026 08:50:19.674] [Render thread/INFO] [net.minecraft.client.Minecraft/]: Waiting for overlay to disappear...
[27Sep2026 08:50:19.675] [Render thread/INFO] [net.minecraft.client.Minecraft/]: Waiting for player to load...
[27Sep2026 08:50:19.724] [Render thread/INFO] [net.minecraft.client.Minecraft/]: Waiting for overlay to disappear...
[27Sep2026 08:50:19.724] [Render thread/INFO] [net.minecraft.client.Minecraft/]: Waiting for player to load...
[27Sep2026 08:50:19.775] [Render thread/INFO] [net.minecraft.client.Minecraft/]: Waiting for overlay to disappear...
[27Sep2026 08:50:19.775] [Render thread/INFO] [net.minecraft.client.Minecraft/]: Waiting for player to load...
[27Sep2026 08:50:19.808] [Render thread/INFO] [net.minecraft.client.Minecraft/]: Waiting for overlay to disappear...
[27Sep2026 08:50:19.808] [Render thread/INFO] [net.minecraft.client.Minecraft/]: Waiting for player to load...
[27Sep2026 08:50:19.858] [Render thread/INFO] [net.minecraft.client.Minecraft/]: Waiting for overlay to disappear...
[27Sep2026 08:50:19.859] [Render thread/INFO] [net.minecraft.client.Minecraft/]: Waiting for player to load...
[27Sep2026 08:50:19.911] [Render thread/INFO] [net.minecraft.client.Minecraft/]: Waiting for overlay to disappear...
[27Sep2026 08:50:19.912] [Render thread/INFO] [net.minecraft.client.Minecraft/]: Waiting for player to load...
[27Sep2026 08:50:19.963] [Render thread/INFO] [net.minecraft.client.Minecraft/]: Waiting for overlay to disappear...
[27Sep2026 08:50:19.964] [Render thread/INFO] [net.minecraft.client.Minecraft/]: Waiting for player to load...
[27Sep2026 08:50:20.019] [Render thread/INFO] [net.minecraft.client.Minecraft/]: Waiting for overlay to disappear...
[27Sep2026 08:50:20.020] [Render thread/INFO] [net.minecraft.client.Minecraft/]: Waiting for player to load...
[27Sep2026 08:50:20.070] [Render thread/INFO] [net.minecraft.client.Minecraft/]: Waiting for overlay to disappear...
[27Sep2026 08:50:20.070] [Render thread/INFO] [net.minecraft.client.Minecraft/]: Waiting for player to load...
[27Sep2026 08:50:20.120] [Render thread/INFO] [net.minecraft.client.Minecraft/]: Waiting for overlay to disappear...
[27Sep2026 08:50:20.120] [Render thread/INFO] [net.minecraft.client.Minecraft/]: Waiting for player to load...
[27Sep2026 08:50:20.170] [Render thread/INFO] [net.minecraft.client.Minecraft/]: Waiting for overlay to disappear...
[27Sep2026 08:50:20.170] [Render thread/INFO] [net.minecraft.client.Minecraft/]: Waiting for player to load...
[27Sep2026 08:50:20.222] [Render thread/INFO] [net.minecraft.client.Minecraft/]: Waiting for overlay to disappear...
[27Sep2026 08:50:20.223] [Render thread/INFO] [net.minecraft.client.Minecraft/]: Waiting for player to load...
[27Sep2026 08:50:20.272] [Render thread/INFO] [net.minecraft.client.Minecraft/]: Waiting for overlay to disappear...
[27Sep2026 08:50:20.272] [Render thread/INFO] [net.minecraft.client.Minecraft/]: Waiting for player to load...
[27Sep2026 08:50:20.322] [Render thread/INFO] [net.minecraft.client.Minecraft/]: Waiting for overlay to disappear...
[27Sep2026 08:50:20.323] [Render thread/INFO] [net.minecraft.client.Minecraft/]: Waiting for player to load...
[27Sep2026 08:50:20.372] [Render thread/INFO] [net.minecraft.client.Minecraft/]: Waiting for overlay to disappear...
[27Sep2026 08:50:20.373] [Render thread/INFO] [net.minecraft.client.Minecraft/]: Waiting for player to load...
[27Sep2026 08:50:20.423] [Render thread/INFO] [net.minecraft.client.Minecraft/]: Waiting for overlay to disappear...
[27Sep2026 08:50:20.423] [Render thread/INFO] [net.minecraft.client.Minecraft/]: Waiting for player to load...
[27Sep2026 08:50:20.473] [Render thread/INFO] [net.minecraft.client.Minecraft/]: Waiting for overlay to disappear...
[27Sep2026 08:50:20.474] [Render thread/INFO] [net.minecraft.client.Minecraft/]: Waiting for player to load...
[27Sep2026 08:50:20.509] [Render thread/INFO] [net.minecraft.client.Minecraft/]: Waiting for overlay to disappear...
[27Sep2026 08:50:20.510] [Render thread/INFO] [net.minecraft.client.Minecraft/]: Waiting for player to load...
[27Sep2026 08:50:20.574] [Render thread/INFO] [net.minecraft.client.Minecraft/]: Waiting for overlay to disappear...
[27Sep2026 08:50:20.574] [Render thread/INFO] [net.minecraft.client.Minecraft/]: Waiting for player to load...
[27Sep2026 08:50:20.621] [Render thread/INFO] [net.minecraft.client.Minecraft/]: Waiting for overlay to disappear...
[27Sep2026 08:50:20.622] [Render thread/INFO] [net.minecraft.client.Minecraft/]: Waiting for player to load...
[27Sep2026 08:50:20.672] [Render thread/INFO] [net.minecraft.client.Minecraft/]: Waiting for overlay to disappear...
[27Sep2026 08:50:20.672] [Render thread/INFO] [net.minecraft.client.Minecraft/]: Waiting for player to load...
[27Sep2026 08:50:20.722] [Render thread/INFO] [net.minecraft.client.Minecraft/]: Waiting for overlay to disappear...
[27Sep2026 08:50:20.722] [Render thread/INFO] [net.minecraft.client.Minecraft/]: Waiting for player to load...
[27Sep2026 08:50:20.760] [Render thread/INFO] [net.minecraft.client.Minecraft/]: Waiting for overlay to disappear...
[27Sep2026 08:50:20.760] [Render thread/INFO] [net.minecraft.client.Minecraft/]: Waiting for player to load...
[27Sep2026 08:50:20.810] [Render thread/INFO] [net.minecraft.client.Minecraft/]: Waiting for overlay to disappear...
[27Sep2026 08:50:20.811] [Render thread/INFO] [net.minecraft.client.Minecraft/]: Waiting for player to load...
[27Sep2026 08:50:20.861] [Render thread/INFO] [net.minecraft.client.Minecraft/]: Waiting for overlay to disappear...
[27Sep2026 08:50:20.861] [Render thread/INFO] [net.minecraft.client.Minecraft/]: Waiting for player to load...
[27Sep2026 08:50:20.911] [Render thread/INFO] [net.minecraft.client.Minecraft/]: Waiting for overlay to disappear...
[27Sep2026 08:50:20.911] [Render thread/INFO] [net.minecraft.client.Minecraft/]: Waiting for player to load...
[27Sep2026 08:50:20.962] [Render thread/INFO] [net.minecraft.client.Minecraft/]: Waiting for overlay to disappear...
[27Sep2026 08:50:20.963] [Render thread/INFO] [net.minecraft.client.Minecraft/]: Waiting for player to load...
[27Sep2026 08:50:21.036] [Render thread/INFO] [net.minecraft.client.Minecraft/]: Waiting for overlay to disappear...
[27Sep2026 08:50:21.036] [Render thread/INFO] [net.minecraft.client.Minecraft/]: Waiting for player to load...
[27Sep2026 08:50:21.052] [Render thread/WARN] [net.minecraft.client.sounds.SoundEngine/]: Missing sound for event: minecraft:entity.allay.ambient_with_item
[27Sep2026 08:50:21.052] [Render thread/WARN] [net.minecraft.client.sounds.SoundEngine/]: Missing sound for event: minecraft:entity.allay.ambient_without_item
[27Sep2026 08:50:21.052] [Render thread/WARN] [net.minecraft.client.sounds.SoundEngine/]: Missing sound for event: minecraft:entity.allay.death
[27Sep2026 08:50:21.052] [Render thread/WARN] [net.minecraft.client.sounds.SoundEngine/]: Missing sound for event: minecraft:entity.allay.hurt
[27Sep2026 08:50:21.052] [Render thread/WARN] [net.minecraft.client.sounds.SoundEngine/]: Missing sound for event: minecraft:entity.allay.item_given
[27Sep2026 08:50:21.052] [Render thread/WARN] [net.minecraft.client.sounds.SoundEngine/]: Missing sound for event: minecraft:entity.allay.item_taken
[27Sep2026 08:50:21.052] [Render thread/WARN] [net.minecraft.client.sounds.SoundEngine/]: Missing sound for event: minecraft:entity.allay.item_thrown
[27Sep2026 08:50:21.053] [Render thread/WARN] [net.minecraft.client.sounds.SoundEngine/]: Missing sound for event: minecraft:ambient.cave
[27Sep2026 08:50:21.053] [Render thread/WARN] [net.minecraft.client.sounds.SoundEngine/]: Missing sound for event: minecraft:ambient.basalt_deltas.additions
[27Sep2026 08:50:21.053] [Render thread/WARN] [net.minecraft.client.sounds.SoundEngine/]: Missing sound for event: minecraft:ambient.basalt_deltas.loop
[27Sep2026 08:50:21.053] [Render thread/WARN] [net.minecraft.client.sounds.SoundEngine/]: Missing sound for event: minecraft:ambient.basalt_deltas.mood
[27Sep2026 08:50:21.053] [Render thread/WARN] [net.minecraft.client.sounds.SoundEngine/]: Missing sound for event: minecraft:ambient.crimson_forest.additions
[27Sep2026 08:50:21.053] [Render thread/WARN] [net.minecraft.client.sounds.SoundEngine/]: Missing sound for event: minecraft:ambient.crimson_forest.loop
[27Sep2026 08:50:21.053] [Render thread/WARN] [net.minecraft.client.sounds.SoundEngine/]: Missing sound for event: minecraft:ambient.crimson_forest.mood
[27Sep2026 08:50:21.053] [Render thread/WARN] [net.minecraft.client.sounds.SoundEngine/]: Missing sound for event: minecraft:ambient.nether_wastes.additions
[27Sep2026 08:50:21.053] [Render thread/WARN] [net.minecraft.client.sounds.SoundEngine/]: Missing sound for event: minecraft:ambient.nether_wastes.loop
[27Sep2026 08:50:21.053] [Render thread/WARN] [net.minecraft.client.sounds.SoundEngine/]: Missing sound for event: minecraft:ambient.nether_wastes.mood
[27Sep2026 08:50:21.053] [Render thread/WARN] [net.minecraft.client.sounds.SoundEngine/]: Missing sound for event: minecraft:ambient.soul_sand_valley.additions
[27Sep2026 08:50:21.053] [Render thread/WARN] [net.minecraft.client.sounds.SoundEngine/]: Missing sound for event: minecraft:ambient.soul_sand_valley.loop
[27Sep2026 08:50:21.053] [Render thread/WARN] [net.minecraft.client.sounds.SoundEngine/]: Missing sound for event: minecraft:ambient.soul_sand_valley.mood
[27Sep2026 08:50:21.053] [Render thread/WARN] [net.minecraft.client.sounds.SoundEngine/]: Missing sound for event: minecraft:ambient.warped_forest.additions
[27Sep2026 08:50:21.053] [Render thread/WARN] [net.minecraft.client.sounds.SoundEngine/]: Missing sound for event: minecraft:ambient.warped_forest.loop
[27Sep2026 08:50:21.054] [Render thread/WARN] [net.minecraft.client.sounds.SoundEngine/]: Missing sound for event: minecraft:ambient.warped_forest.mood
[27Sep2026 08:50:21.054] [Render thread/WARN] [net.minecraft.client.sounds.SoundEngine/]: Missing sound for event: minecraft:ambient.underwater.enter
[27Sep2026 08:50:21.054] [Render thread/WARN] [net.minecraft.client.sounds.SoundEngine/]: Missing sound for event: minecraft:ambient.underwater.exit
[27Sep2026 08:50:21.054] [Render thread/WARN] [net.minecraft.client.sounds.SoundEngine/]: Missing sound for event: minecraft:ambient.underwater.loop
[27Sep2026 08:50:21.054] [Render thread/WARN] [net.minecraft.client.sounds.SoundEngine/]: Missing sound for event: minecraft:ambient.underwater.loop.additions
[27Sep2026 08:50:21.054] [Render thread/WARN] [net.minecraft.client.sounds.SoundEngine/]: Missing sound for event: minecraft:ambient.underwater.loop.additions.rare
[27Sep2026 08:50:21.054] [Render thread/WARN] [net.minecraft.client.sounds.SoundEngine/]: Missing sound for event: minecraft:ambient.underwater.loop.additions.ultra_rare
[27Sep2026 08:50:21.054] [Render thread/WARN] [net.minecraft.client.sounds.SoundEngine/]: Missing sound for event: minecraft:block.amethyst_block.break
[27Sep2026 08:50:21.054] [Render thread/WARN] [net.minecraft.client.sounds.SoundEngine/]: Missing sound for event: minecraft:block.amethyst_block.chime
[27Sep2026 08:50:21.054] [Render thread/WARN] [net.minecraft.client.sounds.SoundEngine/]: Missing sound for event: minecraft:block.amethyst_block.fall
[27Sep2026 08:50:21.054] [Render thread/WARN] [net.minecraft.client.sounds.SoundEngine/]: Missing sound for event: minecraft:block.amethyst_block.hit
[27Sep2026 08:50:21.054] [Render thread/WARN] [net.minecraft.client.sounds.SoundEngine/]: Missing sound for event: minecraft:block.amethyst_block.place
[27Sep2026 08:50:21.054] [Render thread/WARN] [net.minecraft.client.sounds.SoundEngine/]: Missing sound for event: minecraft:block.amethyst_block.resonate
[27Sep2026 08:50:21.055] [Render thread/WARN] [net.minecraft.client.sounds.SoundEngine/]: Missing sound for event: minecraft:block.amethyst_block.step
[27Sep2026 08:50:21.055] [Render thread/WARN] [net.minecraft.client.sounds.SoundEngine/]: Missing sound for event: minecraft:block.amethyst_cluster.break
[27Sep2026 08:50:21.055] [Render thread/WARN] [net.minecraft.client.sounds.SoundEngine/]: Missing sound for event: minecraft:block.amethyst_cluster.fall
[27Sep2026 08:50:21.055] [Render thread/WARN] [net.minecraft.client.sounds.SoundEngine/]: Missing sound for event: minecraft:block.amethyst_cluster.hit
[27Sep2026 08:50:21.055] [Render thread/WARN] [net.minecraft.client.sounds.SoundEngine/]: Missing sound for event: minecraft:block.amethyst_cluster.place
[27Sep2026 08:50:21.055] [Render thread/WARN] [net.minecraft.client.sounds.SoundEngine/]: Missing sound for event: minecraft:block.amethyst_cluster.step
[27Sep2026 08:50:21.055] [Render thread/WARN] [net.minecraft.client.sounds.SoundEngine/]: Missing sound for event: minecraft:block.ancient_debris.break
[27Sep2026 08:50:21.055] [Render thread/WARN] [net.minecraft.client.sounds.SoundEngine/]: Missing sound for event: minecraft:block.ancient_debris.step
[27Sep2026 08:50:21.055] [Render thread/WARN] [net.minecraft.client.sounds.SoundEngine/]: Missing sound for event: minecraft:block.ancient_debris.place
[27Sep2026 08:50:21.055] [Render thread/WARN] [net.minecraft.client.sounds.SoundEngine/]: Missing sound for event: minecraft:block.ancient_debris.hit
[27Sep2026 08:50:21.055] [Render thread/WARN] [net.minecraft.client.sounds.SoundEngine/]: Missing sound for event: minecraft:block.ancient_debris.fall
[27Sep2026 08:50:21.055] [Render thread/WARN] [net.minecraft.client.sounds.SoundEngine/]: Missing sound for event: minecraft:block.anvil.break
[27Sep2026 08:50:21.055] [Render thread/WARN] [net.minecraft.client.sounds.SoundEngine/]: Missing sound for event: minecraft:block.anvil.destroy
[27Sep2026 08:50:21.056] [Render thread/WARN] [net.minecraft.client.sounds.SoundEngine/]: Missing sound for event: minecraft:block.anvil.fall
[27Sep2026 08:50:21.056] [Render thread/WARN] [net.minecraft.client.sounds.SoundEngine/]: Missing sound for event: minecraft:block.anvil.hit
[27Sep2026 08:50:21.056] [Render thread/WARN] [net.minecraft.client.sounds.SoundEngine/]: Missing sound for event: minecraft:block.anvil.land
[27Sep2026 08:50:21.056] [Render thread/WARN] [net.minecraft.client.sounds.SoundEngine/]: Missing sound for event: minecraft:block.anvil.place
[27Sep2026 08:50:21.056] [Render thread/WARN] [net.minecraft.client.sounds.SoundEngine/]: Missing sound for event: minecraft:block.anvil.step
[27Sep2026 08:50:21.056] [Render thread/WARN] [net.minecraft.client.sounds.SoundEngine/]: Missing sound for event: minecraft:block.anvil.use
[27Sep2026 08:50:21.056] [Render thread/WARN] [net.minecraft.client.sounds.SoundEngine/]: Missing sound for event: minecraft:entity.armadillo.eat
[27Sep2026 08:50:21.056] [Render thread/WARN] [net.minecraft.client.sounds.SoundEngine/]: Missing sound for event: minecraft:entity.armadillo.hurt
[27Sep2026 08:50:21.056] [Render thread/WARN] [net.minecraft.client.sounds.SoundEngine/]: Missing sound for event: minecraft:entity.armadillo.hurt_reduced
[27Sep2026 08:50:21.056] [Render thread/WARN] [net.minecraft.client.sounds.SoundEngine/]: Missing sound for event: minecraft:entity.armadillo.ambient
[27Sep2026 08:50:21.056] [Render thread/WARN] [net.minecraft.client.sounds.SoundEngine/]: Missing sound for event: minecraft:entity.armadillo.step
[27Sep2026 08:50:21.056] [Render thread/WARN] [net.minecraft.client.sounds.SoundEngine/]: Missing sound for event: minecraft:entity.armadillo.death
[27Sep2026 08:50:21.056] [Render thread/WARN] [net.minecraft.client.sounds.SoundEngine/]: Missing sound for event: minecraft:entity.armadillo.roll
[27Sep2026 08:50:21.056] [Render thread/WARN] [net.minecraft.client.sounds.SoundEngine/]: Missing sound for event: minecraft:entity.armadillo.land
[27Sep2026 08:50:21.056] [Render thread/WARN] [net.minecraft.client.sounds.SoundEngine/]: Missing sound for event: minecraft:entity.armadillo.scute_drop
[27Sep2026 08:50:21.057] [Render thread/WARN] [net.minecraft.client.sounds.SoundEngine/]: Missing sound for event: minecraft:entity.armadillo.unroll_finish
[27Sep2026 08:50:21.057] [Render thread/WARN] [net.minecraft.client.sounds.SoundEngine/]: Missing sound for event: minecraft:entity.armadillo.peek
[27Sep2026 08:50:21.057] [Render thread/WARN] [net.minecraft.client.sounds.SoundEngine/]: Missing sound for event: minecraft:entity.armadillo.unroll_start
[27Sep2026 08:50:21.057] [Render thread/WARN] [net.minecraft.client.sounds.SoundEngine/]: Missing sound for event: minecraft:entity.armadillo.brush
[27Sep2026 08:50:21.057] [Render thread/WARN] [net.minecraft.client.sounds.SoundEngine/]: Missing sound for event: minecraft:item.armor.equip_chain
[27Sep2026 08:50:21.057] [Render thread/WARN] [net.minecraft.client.sounds.SoundEngine/]: Missing sound for event: minecraft:item.armor.equip_diamond
[27Sep2026 08:50:21.057] [Render thread/WARN] [net.minecraft.client.sounds.SoundEngine/]: Missing sound for event: minecraft:item.armor.equip_elytra
[27Sep2026 08:50:21.057] [Render thread/WARN] [net.minecraft.client.sounds.SoundEngine/]: Missing sound for event: minecraft:item.armor.equip_generic
[27Sep2026 08:50:21.057] [Render thread/WARN] [net.minecraft.client.sounds.SoundEngine/]: Missing sound for event: minecraft:item.armor.equip_gold
[27Sep2026 08:50:21.057] [Render thread/WARN] [net.minecraft.client.sounds.SoundEngine/]: Missing sound for event: minecraft:item.armor.equip_iron
[27Sep2026 08:50:21.057] [Render thread/WARN] [net.minecraft.client.sounds.SoundEngine/]: Missing sound for event: minecraft:item.armor.equip_leather
[27Sep2026 08:50:21.057] [Render thread/WARN] [net.minecraft.client.sounds.SoundEngine/]: Missing sound for event: minecraft:item.armor.equip_netherite
[27Sep2026 08:50:21.057] [Render thread/WARN] [net.minecraft.client.sounds.SoundEngine/]: Missing sound for event: minecraft:item.armor.equip_turtle
[27Sep2026 08:50:21.058] [Render thread/WARN] [net.minecraft.client.sounds.SoundEngine/]: Missing sound for event: minecraft:item.armor.equip_wolf
[27Sep2026 08:50:21.058] [Render thread/WARN] [net.minecraft.client.sounds.SoundEngine/]: Missing sound for event: minecraft:item.armor.unequip_wolf
[27Sep2026 08:50:21.058] [Render thread/WARN] [net.minecraft.client.sounds.SoundEngine/]: Missing sound for event: minecraft:entity.armor_stand.break
[27Sep2026 08:50:21.058] [Render thread/WARN] [net.minecraft.client.sounds.SoundEngine/]: Missing sound for event: minecraft:entity.armor_stand.fall
[27Sep2026 08:50:21.058] [Render thread/WARN] [net.minecraft.client.sounds.SoundEngine/]: Missing sound for event: minecraft:entity.armor_stand.hit
[27Sep2026 08:50:21.058] [Render thread/WARN] [net.minecraft.client.sounds.SoundEngine/]: Missing sound for event: minecraft:entity.armor_stand.place
[27Sep2026 08:50:21.058] [Render thread/WARN] [net.minecraft.client.sounds.SoundEngine/]: Missing sound for event: minecraft:entity.arrow.hit
[27Sep2026 08:50:21.058] [Render thread/WARN] [net.minecraft.client.sounds.SoundEngine/]: Missing sound for event: minecraft:entity.arrow.hit_player
[27Sep2026 08:50:21.058] [Render thread/WARN] [net.minecraft.client.sounds.SoundEngine/]: Missing sound for event: minecraft:entity.arrow.shoot
[27Sep2026 08:50:21.058] [Render thread/WARN] [net.minecraft.client.sounds.SoundEngine/]: Missing sound for event: minecraft:item.axe.strip
[27Sep2026 08:50:21.058] [Render thread/WARN] [net.minecraft.client.sounds.SoundEngine/]: Missing sound for event: minecraft:item.axe.scrape
[27Sep2026 08:50:21.058] [Render thread/WARN] [net.minecraft.client.sounds.SoundEngine/]: Missing sound for event: minecraft:item.axe.wax_off
[27Sep2026 08:50:21.058] [Render thread/WARN] [net.minecraft.client.sounds.SoundEngine/]: Missing sound for event: minecraft:entity.axolotl.attack
[27Sep2026 08:50:21.058] [Render thread/WARN] [net.minecraft.client.sounds.SoundEngine/]: Missing sound for event: minecraft:entity.axolotl.death
[27Sep2026 08:50:21.058] [Render thread/WARN] [net.minecraft.client.sounds.SoundEngine/]: Missing sound for event: minecraft:entity.axolotl.hurt
[27Sep2026 08:50:21.058] [Render thread/WARN] [net.minecraft.client.sounds.SoundEngine/]: Missing sound for event: minecraft:entity.axolotl.idle_air
[27Sep2026 08:50:21.058] [Render thread/WARN] [net.minecraft.client.sounds.SoundEngine/]: Missing sound for event: minecraft:entity.axolotl.idle_water
[27Sep2026 08:50:21.058] [Render thread/WARN] [net.minecraft.client.sounds.SoundEngine/]: Missing sound for event: minecraft:entity.axolotl.splash
[27Sep2026 08:50:21.058] [Render thread/WARN] [net.minecraft.client.sounds.SoundEngine/]: Missing sound for event: minecraft:entity.axolotl.swim
[27Sep2026 08:50:21.059] [Render thread/WARN] [net.minecraft.client.sounds.SoundEngine/]: Missing sound for event: minecraft:block.azalea.break
[27Sep2026 08:50:21.059] [Render thread/WARN] [net.minecraft.client.sounds.SoundEngine/]: Missing sound for event: minecraft:block.azalea.fall
[27Sep2026 08:50:21.059] [Render thread/WARN] [net.minecraft.client.sounds.SoundEngine/]: Missing sound for event: minecraft:block.azalea.hit
[27Sep2026 08:50:21.059] [Render thread/WARN] [net.minecraft.client.sounds.SoundEngine/]: Missing sound for event: minecraft:block.azalea.place
[27Sep2026 08:50:21.059] [Render thread/WARN] [net.minecraft.client.sounds.SoundEngine/]: Missing sound for event: minecraft:block.azalea.step
[27Sep2026 08:50:21.059] [Render thread/WARN] [net.minecraft.client.sounds.SoundEngine/]: Missing sound for event: minecraft:block.azalea_leaves.break
[27Sep2026 08:50:21.059] [Render thread/WARN] [net.minecraft.client.sounds.SoundEngine/]: Missing sound for event: minecraft:block.azalea_leaves.fall
[27Sep2026 08:50:21.059] [Render thread/WARN] [net.minecraft.client.sounds.SoundEngine/]: Missing sound for event: minecraft:block.azalea_leaves.hit
[27Sep2026 08:50:21.059] [Render thread/WARN] [net.minecraft.client.sounds.SoundEngine/]: Missing sound for event: minecraft:block.azalea_leaves.place
[27Sep2026 08:50:21.059] [Render thread/WARN] [net.minecraft.client.sounds.SoundEngine/]: Missing sound for event: minecraft:block.azalea_leaves.step
[27Sep2026 08:50:21.059] [Render thread/WARN] [net.minecraft.client.sounds.SoundEngine/]: Missing sound for event: minecraft:block.bamboo.break
[27Sep2026 08:50:21.059] [Render thread/WARN] [net.minecraft.client.sounds.SoundEngine/]: Missing sound for event: minecraft:block.bamboo.fall
[27Sep2026 08:50:21.059] [Render thread/WARN] [net.minecraft.client.sounds.SoundEngine/]: Missing sound for event: minecraft:block.bamboo.hit
[27Sep2026 08:50:21.059] [Render thread/WARN] [net.minecraft.client.sounds.SoundEngine/]: Missing sound for event: minecraft:block.bamboo.place
[27Sep2026 08:50:21.059] [Render thread/WARN] [net.minecraft.client.sounds.SoundEngine/]: Missing sound for event: minecraft:block.bamboo.step
[27Sep2026 08:50:21.059] [Render thread/WARN] [net.minecraft.client.sounds.SoundEngine/]: Missing sound for event: minecraft:block.bamboo_sapling.break
[27Sep2026 08:50:21.059] [Render thread/WARN] [net.minecraft.client.sounds.SoundEngine/]: Missing sound for event: minecraft:block.bamboo_sapling.hit
[27Sep2026 08:50:21.059] [Render thread/WARN] [net.minecraft.client.sounds.SoundEngine/]: Missing sound for event: minecraft:block.bamboo_sapling.place
[27Sep2026 08:50:21.059] [Render thread/WARN] [net.minecraft.client.sounds.SoundEngine/]: Missing sound for event: minecraft:block.bamboo_wood.break
[27Sep2026 08:50:21.060] [Render thread/WARN] [net.minecraft.client.sounds.SoundEngine/]: Missing sound for event: minecraft:block.bamboo_wood.fall
[27Sep2026 08:50:21.060] [Render thread/WARN] [net.minecraft.client.sounds.SoundEngine/]: Missing sound for event: minecraft:block.bamboo_wood.hit
[27Sep2026 08:50:21.060] [Render thread/WARN] [net.minecraft.client.sounds.SoundEngine/]: Missing sound for event: minecraft:block.bamboo_wood.place
[27Sep2026 08:50:21.060] [Render thread/WARN] [net.minecraft.client.sounds.SoundEngine/]: Missing sound for event: minecraft:block.bamboo_wood.step
[27Sep2026 08:50:21.060] [Render thread/WARN] [net.minecraft.client.sounds.SoundEngine/]: Missing sound for event: minecraft:block.bamboo_wood_door.close
[27Sep2026 08:50:21.060] [Render thread/WARN] [net.minecraft.client.sounds.SoundEngine/]: Missing sound for event: minecraft:block.bamboo_wood_door.open
[27Sep2026 08:50:21.060] [Render thread/WARN] [net.minecraft.client.sounds.SoundEngine/]: Missing sound for event: minecraft:block.bamboo_wood_trapdoor.close
[27Sep2026 08:50:21.060] [Render thread/WARN] [net.minecraft.client.sounds.SoundEngine/]: Missing sound for event: minecraft:block.bamboo_wood_trapdoor.open
[27Sep2026 08:50:21.060] [Render thread/WARN] [net.minecraft.client.sounds.SoundEngine/]: Missing sound for event: minecraft:block.bamboo_wood_button.click_off
[27Sep2026 08:50:21.060] [Render thread/WARN] [net.minecraft.client.sounds.SoundEngine/]: Missing sound for event: minecraft:block.bamboo_wood_button.click_on
[27Sep2026 08:50:21.060] [Render thread/WARN] [net.minecraft.client.sounds.SoundEngine/]: Missing sound for event: minecraft:block.bamboo_wood_pressure_plate.click_off
[27Sep2026 08:50:21.060] [Render thread/WARN] [net.minecraft.client.sounds.SoundEngine/]: Missing sound for event: minecraft:block.bamboo_wood_pressure_plate.click_on
[27Sep2026 08:50:21.060] [Render thread/WARN] [net.minecraft.client.sounds.SoundEngine/]: Missing sound for event: minecraft:block.bamboo_wood_fence_gate.close
[27Sep2026 08:50:21.060] [Render thread/WARN] [net.minecraft.client.sounds.SoundEngine/]: Missing sound for event: minecraft:block.bamboo_wood_fence_gate.open
[27Sep2026 08:50:21.060] [Render thread/WARN] [net.minecraft.client.sounds.SoundEngine/]: Missing sound for event: minecraft:block.barrel.close
[27Sep2026 08:50:21.060] [Render thread/WARN] [net.minecraft.client.sounds.SoundEngine/]: Missing sound for event: minecraft:block.barrel.open
[27Sep2026 08:50:21.060] [Render thread/WARN] [net.minecraft.client.sounds.SoundEngine/]: Missing sound for event: minecraft:block.basalt.break
[27Sep2026 08:50:21.060] [Render thread/WARN] [net.minecraft.client.sounds.SoundEngine/]: Missing sound for event: minecraft:block.basalt.step
[27Sep2026 08:50:21.061] [Render thread/WARN] [net.minecraft.client.sounds.SoundEngine/]: Missing sound for event: minecraft:block.basalt.place
[27Sep2026 08:50:21.061] [Render thread/WARN] [net.minecraft.client.sounds.SoundEngine/]: Missing sound for event: minecraft:block.basalt.hit
[27Sep2026 08:50:21.061] [Render thread/WARN] [net.minecraft.client.sounds.SoundEngine/]: Missing sound for event: minecraft:block.basalt.fall
[27Sep2026 08:50:21.061] [Render thread/WARN] [net.minecraft.client.sounds.SoundEngine/]: Missing sound for event: minecraft:entity.bat.ambient
[27Sep2026 08:50:21.061] [Render thread/WARN] [net.minecraft.client.sounds.SoundEngine/]: Missing sound for event: minecraft:entity.bat.death
[27Sep2026 08:50:21.061] [Render thread/WARN] [net.minecraft.client.sounds.SoundEngine/]: Missing sound for event: minecraft:entity.bat.hurt
[27Sep2026 08:50:21.061] [Render thread/WARN] [net.minecraft.client.sounds.SoundEngine/]: Missing sound for event: minecraft:entity.bat.loop
[27Sep2026 08:50:21.061] [Render thread/WARN] [net.minecraft.client.sounds.SoundEngine/]: Missing sound for event: minecraft:entity.bat.takeoff
[27Sep2026 08:50:21.061] [Render thread/WARN] [net.minecraft.client.sounds.SoundEngine/]: Missing sound for event: minecraft:block.beacon.activate
[27Sep2026 08:50:21.061] [Render thread/WARN] [net.minecraft.client.sounds.SoundEngine/]: Missing sound for event: minecraft:block.beacon.ambient
[27Sep2026 08:50:21.061] [Render thread/WARN] [net.minecraft.client.sounds.SoundEngine/]: Missing sound for event: minecraft:block.beacon.deactivate
[27Sep2026 08:50:21.061] [Render thread/WARN] [net.minecraft.client.sounds.SoundEngine/]: Missing sound for event: minecraft:block.beacon.power_select
[27Sep2026 08:50:21.061] [Render thread/WARN] [net.minecraft.client.sounds.SoundEngine/]: Missing sound for event: minecraft:entity.bee.death
[27Sep2026 08:50:21.061] [Render thread/WARN] [net.minecraft.client.sounds.SoundEngine/]: Missing sound for event: minecraft:entity.bee.hurt
[27Sep2026 08:50:21.061] [Render thread/WARN] [net.minecraft.client.sounds.SoundEngine/]: Missing sound for event: minecraft:entity.bee.loop_aggressive
[27Sep2026 08:50:21.061] [Render thread/WARN] [net.minecraft.client.sounds.SoundEngine/]: Missing sound for event: minecraft:entity.bee.loop
[27Sep2026 08:50:21.061] [Render thread/WARN] [net.minecraft.client.sounds.SoundEngine/]: Missing sound for event: minecraft:entity.bee.sting
[27Sep2026 08:50:21.061] [Render thread/WARN] [net.minecraft.client.sounds.SoundEngine/]: Missing sound for event: minecraft:entity.bee.pollinate
[27Sep2026 08:50:21.061] [Render thread/WARN] [net.minecraft.client.sounds.SoundEngine/]: Missing sound for event: minecraft:block.beehive.drip
[27Sep2026 08:50:21.061] [Render thread/WARN] [net.minecraft.client.sounds.SoundEngine/]: Missing sound for event: minecraft:block.beehive.enter
[27Sep2026 08:50:21.062] [Render thread/WARN] [net.minecraft.client.sounds.SoundEngine/]: Missing sound for event: minecraft:block.beehive.exit
[27Sep2026 08:50:21.062] [Render thread/WARN] [net.minecraft.client.sounds.SoundEngine/]: Missing sound for event: minecraft:block.beehive.shear
[27Sep2026 08:50:21.062] [Render thread/WARN] [net.minecraft.client.sounds.SoundEngine/]: Missing sound for event: minecraft:block.beehive.work
[27Sep2026 08:50:21.062] [Render thread/WARN] [net.minecraft.client.sounds.SoundEngine/]: Missing sound for event: minecraft:block.bell.use
[27Sep2026 08:50:21.062] [Render thread/WARN] [net.minecraft.client.sounds.SoundEngine/]: Missing sound for event: minecraft:block.bell.resonate
[27Sep2026 08:50:21.062] [Render thread/WARN] [net.minecraft.client.sounds.SoundEngine/]: Missing sound for event: minecraft:block.big_dripleaf.break
[27Sep2026 08:50:21.062] [Render thread/WARN] [net.minecraft.client.sounds.SoundEngine/]: Missing sound for event: minecraft:block.big_dripleaf.fall
[27Sep2026 08:50:21.062] [Render thread/WARN] [net.minecraft.client.sounds.SoundEngine/]: Missing sound for event: minecraft:block.big_dripleaf.hit
[27Sep2026 08:50:21.062] [Render thread/WARN] [net.minecraft.client.sounds.SoundEngine/]: Missing sound for event: minecraft:block.big_dripleaf.place
[27Sep2026 08:50:21.062] [Render thread/WARN] [net.minecraft.client.sounds.SoundEngine/]: Missing sound for event: minecraft:block.big_dripleaf.step
[27Sep2026 08:50:21.062] [Render thread/WARN] [net.minecraft.client.sounds.SoundEngine/]: Missing sound for event: minecraft:entity.blaze.ambient
[27Sep2026 08:50:21.062] [Render thread/WARN] [net.minecraft.client.sounds.SoundEngine/]: Missing sound for event: minecraft:entity.blaze.burn
[27Sep2026 08:50:21.062] [Render thread/WARN] [net.minecraft.client.sounds.SoundEngine/]: Missing sound for event: minecraft:entity.blaze.death
[27Sep2026 08:50:21.062] [Render thread/WARN] [net.minecraft.client.sounds.SoundEngine/]: Missing sound for event: minecraft:entity.blaze.hurt
[27Sep2026 08:50:21.062] [Render thread/WARN] [net.minecraft.client.sounds.SoundEngine/]: Missing sound for event: minecraft:entity.blaze.shoot
[27Sep2026 08:50:21.062] [Render thread/WARN] [net.minecraft.client.sounds.SoundEngine/]: Missing sound for event: minecraft:entity.boat.paddle_land
[27Sep2026 08:50:21.062] [Render thread/WARN] [net.minecraft.client.sounds.SoundEngine/]: Missing sound for event: minecraft:entity.boat.paddle_water
[27Sep2026 08:50:21.062] [Render thread/WARN] [net.minecraft.client.sounds.SoundEngine/]: Missing sound for event: minecraft:entity.bogged.ambient
[27Sep2026 08:50:21.062] [Render thread/WARN] [net.minecraft.client.sounds.SoundEngine/]: Missing sound for event: minecraft:entity.bogged.death
[27Sep2026 08:50:21.062] [Render thread/WARN] [net.minecraft.client.sounds.SoundEngine/]: Missing sound for event: minecraft:entity.bogged.hurt
[27Sep2026 08:50:21.062] [Render thread/WARN] [net.minecraft.client.sounds.SoundEngine/]: Missing sound for event: minecraft:entity.bogged.shear
[27Sep2026 08:50:21.062] [Render thread/WARN] [net.minecraft.client.sounds.SoundEngine/]: Missing sound for event: minecraft:entity.bogged.step
[27Sep2026 08:50:21.062] [Render thread/WARN] [net.minecraft.client.sounds.SoundEngine/]: Missing sound for event: minecraft:block.bone_block.break
[27Sep2026 08:50:21.063] [Render thread/WARN] [net.minecraft.client.sounds.SoundEngine/]: Missing sound for event: minecraft:block.bone_block.fall
[27Sep2026 08:50:21.063] [Render thread/WARN] [net.minecraft.client.sounds.SoundEngine/]: Missing sound for event: minecraft:block.bone_block.hit
[27Sep2026 08:50:21.063] [Render thread/WARN] [net.minecraft.client.sounds.SoundEngine/]: Missing sound for event: minecraft:block.bone_block.place
[27Sep2026 08:50:21.063] [Render thread/WARN] [net.minecraft.client.sounds.SoundEngine/]: Missing sound for event: minecraft:block.bone_block.step
[27Sep2026 08:50:21.063] [Render thread/WARN] [net.minecraft.client.sounds.SoundEngine/]: Missing sound for event: minecraft:item.bone_meal.use
[27Sep2026 08:50:21.063] [Render thread/WARN] [net.minecraft.client.sounds.SoundEngine/]: Missing sound for event: minecraft:item.book.page_turn
[27Sep2026 08:50:21.063] [Render thread/WARN] [net.minecraft.client.sounds.SoundEngine/]: Missing sound for event: minecraft:item.book.put
[27Sep2026 08:50:21.063] [Render thread/WARN] [net.minecraft.client.sounds.SoundEngine/]: Missing sound for event: minecraft:block.blastfurnace.fire_crackle
[27Sep2026 08:50:21.063] [Render thread/WARN] [net.minecraft.client.sounds.SoundEngine/]: Missing sound for event: minecraft:item.bottle.empty
[27Sep2026 08:50:21.063] [Render thread/WARN] [net.minecraft.client.sounds.SoundEngine/]: Missing sound for event: minecraft:item.bottle.fill
[27Sep2026 08:50:21.063] [Render thread/WARN] [net.minecraft.client.sounds.SoundEngine/]: Missing sound for event: minecraft:item.bottle.fill_dragonbreath
[27Sep2026 08:50:21.063] [Render thread/WARN] [net.minecraft.client.sounds.SoundEngine/]: Missing sound for event: minecraft:entity.breeze.charge
[27Sep2026 08:50:21.063] [Render thread/WARN] [net.minecraft.client.sounds.SoundEngine/]: Missing sound for event: minecraft:entity.breeze.deflect
[27Sep2026 08:50:21.063] [Render thread/WARN] [net.minecraft.client.sounds.SoundEngine/]: Missing sound for event: minecraft:entity.breeze.inhale
[27Sep2026 08:50:21.063] [Render thread/WARN] [net.minecraft.client.sounds.SoundEngine/]: Missing sound for event: minecraft:entity.breeze.idle_ground
[27Sep2026 08:50:21.063] [Render thread/WARN] [net.minecraft.client.sounds.SoundEngine/]: Missing sound for event: minecraft:entity.breeze.idle_air
[27Sep2026 08:50:21.063] [Render thread/WARN] [net.minecraft.client.sounds.SoundEngine/]: Missing sound for event: minecraft:entity.breeze.shoot
[27Sep2026 08:50:21.063] [Render thread/WARN] [net.minecraft.client.sounds.SoundEngine/]: Missing sound for event: minecraft:entity.breeze.jump
[27Sep2026 08:50:21.063] [Render thread/WARN] [net.minecraft.client.sounds.SoundEngine/]: Missing sound for event: minecraft:entity.breeze.land
[27Sep2026 08:50:21.063] [Render thread/WARN] [net.minecraft.client.sounds.SoundEngine/]: Missing sound for event: minecraft:entity.breeze.slide
[27Sep2026 08:50:21.064] [Render thread/WARN] [net.minecraft.client.sounds.SoundEngine/]: Missing sound for event: minecraft:entity.breeze.death
[27Sep2026 08:50:21.064] [Render thread/WARN] [net.minecraft.client.sounds.SoundEngine/]: Missing sound for event: minecraft:entity.breeze.hurt
[27Sep2026 08:50:21.064] [Render thread/WARN] [net.minecraft.client.sounds.SoundEngine/]: Missing sound for event: minecraft:entity.breeze.whirl
[27Sep2026 08:50:21.064] [Render thread/WARN] [net.minecraft.client.sounds.SoundEngine/]: Missing sound for event: minecraft:entity.breeze.wind_burst
[27Sep2026 08:50:21.064] [Render thread/WARN] [net.minecraft.client.sounds.SoundEngine/]: Missing sound for event: minecraft:block.brewing_stand.brew
[27Sep2026 08:50:21.064] [Render thread/WARN] [net.minecraft.client.sounds.SoundEngine/]: Missing sound for event: minecraft:item.brush.brushing.generic
[27Sep2026 08:50:21.064] [Render thread/WARN] [net.minecraft.client.sounds.SoundEngine/]: Missing sound for event: minecraft:item.brush.brushing.sand
[27Sep2026 08:50:21.064] [Render thread/WARN] [net.minecraft.client.sounds.SoundEngine/]: Missing sound for event: minecraft:item.brush.brushing.gravel
[27Sep2026 08:50:21.064] [Render thread/WARN] [net.minecraft.client.sounds.SoundEngine/]: Missing sound for event: minecraft:item.brush.brushing.sand.complete
[27Sep2026 08:50:21.064] [Render thread/WARN] [net.minecraft.client.sounds.SoundEngine/]: Missing sound for event: minecraft:item.brush.brushing.gravel.complete
[27Sep2026 08:50:21.064] [Render thread/WARN] [net.minecraft.client.sounds.SoundEngine/]: Missing sound for event: minecraft:block.bubble_column.bubble_pop
[27Sep2026 08:50:21.064] [Render thread/WARN] [net.minecraft.client.sounds.SoundEngine/]: Missing sound for event: minecraft:block.bubble_column.upwards_ambient
[27Sep2026 08:50:21.064] [Render thread/WARN] [net.minecraft.client.sounds.SoundEngine/]: Missing sound for event: minecraft:block.bubble_column.upwards_inside
[27Sep2026 08:50:21.064] [Render thread/WARN] [net.minecraft.client.sounds.SoundEngine/]: Missing sound for event: minecraft:block.bubble_column.whirlpool_ambient
[27Sep2026 08:50:21.064] [Render thread/WARN] [net.minecraft.client.sounds.SoundEngine/]: Missing sound for event: minecraft:block.bubble_column.whirlpool_inside
[27Sep2026 08:50:21.064] [Render thread/WARN] [net.minecraft.client.sounds.SoundEngine/]: Missing sound for event: minecraft:item.bucket.empty
[27Sep2026 08:50:21.065] [Render thread/WARN] [net.minecraft.client.sounds.SoundEngine/]: Missing sound for event: minecraft:item.bucket.empty_axolotl
[27Sep2026 08:50:21.065] [Render thread/WARN] [net.minecraft.client.sounds.SoundEngine/]: Missing sound for event: minecraft:item.bucket.empty_fish
[27Sep2026 08:50:21.065] [Render thread/WARN] [net.minecraft.client.sounds.SoundEngine/]: Missing sound for event: minecraft:item.bucket.empty_lava
[27Sep2026 08:50:21.065] [Render thread/WARN] [net.minecraft.client.sounds.SoundEngine/]: Missing sound for event: minecraft:item.bucket.empty_powder_snow
[27Sep2026 08:50:21.065] [Render thread/WARN] [net.minecraft.client.sounds.SoundEngine/]: Missing sound for event: minecraft:item.bucket.empty_tadpole
[27Sep2026 08:50:21.065] [Render thread/WARN] [net.minecraft.client.sounds.SoundEngine/]: Missing sound for event: minecraft:item.bucket.fill
[27Sep2026 08:50:21.065] [Render thread/WARN] [net.minecraft.client.sounds.SoundEngine/]: Missing sound for event: minecraft:item.bucket.fill_axolotl
[27Sep2026 08:50:21.065] [Render thread/WARN] [net.minecraft.client.sounds.SoundEngine/]: Missing sound for event: minecraft:item.bucket.fill_fish
[27Sep2026 08:50:21.065] [Render thread/WARN] [net.minecraft.client.sounds.SoundEngine/]: Missing sound for event: minecraft:item.bucket.fill_lava
[27Sep2026 08:50:21.065] [Render thread/WARN] [net.minecraft.client.sounds.SoundEngine/]: Missing sound for event: minecraft:item.bucket.fill_powder_snow
[27Sep2026 08:50:21.065] [Render thread/WARN] [net.minecraft.client.sounds.SoundEngine/]: Missing sound for event: minecraft:item.bucket.fill_tadpole
[27Sep2026 08:50:21.065] [Render thread/WARN] [net.minecraft.client.sounds.SoundEngine/]: Missing sound for event: minecraft:item.bundle.drop_contents
[27Sep2026 08:50:21.065] [Render thread/WARN] [net.minecraft.client.sounds.SoundEngine/]: Missing sound for event: minecraft:item.bundle.insert
[27Sep2026 08:50:21.065] [Render thread/WARN] [net.minecraft.client.sounds.SoundEngine/]: Missing sound for event: minecraft:item.bundle.remove_one
[27Sep2026 08:50:21.065] [Render thread/WARN] [net.minecraft.client.sounds.SoundEngine/]: Missing sound for event: minecraft:block.cake.add_candle
[27Sep2026 08:50:21.065] [Render thread/WARN] [net.minecraft.client.sounds.SoundEngine/]: Missing sound for event: minecraft:block.calcite.break
[27Sep2026 08:50:21.066] [Render thread/WARN] [net.minecraft.client.sounds.SoundEngine/]: Missing sound for event: minecraft:block.calcite.step
[27Sep2026 08:50:21.066] [Render thread/WARN] [net.minecraft.client.sounds.SoundEngine/]: Missing sound for event: minecraft:block.calcite.place
[27Sep2026 08:50:21.066] [Render thread/WARN] [net.minecraft.client.sounds.SoundEngine/]: Missing sound for event: minecraft:block.calcite.hit
[27Sep2026 08:50:21.066] [Render thread/WARN] [net.minecraft.client.sounds.SoundEngine/]: Missing sound for event: minecraft:block.calcite.fall
[27Sep2026 08:50:21.066] [Render thread/WARN] [net.minecraft.client.sounds.SoundEngine/]: Missing sound for event: minecraft:entity.camel.ambient
[27Sep2026 08:50:21.066] [Render thread/WARN] [net.minecraft.client.sounds.SoundEngine/]: Missing sound for event: minecraft:entity.camel.dash
[27Sep2026 08:50:21.066] [Render thread/WARN] [net.minecraft.client.sounds.SoundEngine/]: Missing sound for event: minecraft:entity.camel.dash_ready
[27Sep2026 08:50:21.066] [Render thread/WARN] [net.minecraft.client.sounds.SoundEngine/]: Missing sound for event: minecraft:entity.camel.death
[27Sep2026 08:50:21.066] [Render thread/WARN] [net.minecraft.client.sounds.SoundEngine/]: Missing sound for event: minecraft:entity.camel.eat
[27Sep2026 08:50:21.066] [Render thread/WARN] [net.minecraft.client.sounds.SoundEngine/]: Missing sound for event: minecraft:entity.camel.hurt
[27Sep2026 08:50:21.066] [Render thread/WARN] [net.minecraft.client.sounds.SoundEngine/]: Missing sound for event: minecraft:entity.camel.saddle
[27Sep2026 08:50:21.066] [Render thread/WARN] [net.minecraft.client.sounds.SoundEngine/]: Missing sound for event: minecraft:entity.camel.sit
[27Sep2026 08:50:21.066] [Render thread/WARN] [net.minecraft.client.sounds.SoundEngine/]: Missing sound for event: minecraft:entity.camel.stand
[27Sep2026 08:50:21.066] [Render thread/WARN] [net.minecraft.client.sounds.SoundEngine/]: Missing sound for event: minecraft:entity.camel.step
[27Sep2026 08:50:21.066] [Render thread/WARN] [net.minecraft.client.sounds.SoundEngine/]: Missing sound for event: minecraft:entity.camel.step_sand
[27Sep2026 08:50:21.067] [Render thread/WARN] [net.minecraft.client.sounds.SoundEngine/]: Missing sound for event: minecraft:block.campfire.crackle
[27Sep2026 08:50:21.067] [Render thread/WARN] [net.minecraft.client.sounds.SoundEngine/]: Missing sound for event: minecraft:block.candle.ambient
[27Sep2026 08:50:21.067] [Render thread/WARN] [net.minecraft.client.sounds.SoundEngine/]: Missing sound for event: minecraft:block.candle.break
[27Sep2026 08:50:21.067] [Render thread/WARN] [net.minecraft.client.sounds.SoundEngine/]: Missing sound for event: minecraft:block.candle.extinguish
[27Sep2026 08:50:21.067] [Render thread/WARN] [net.minecraft.client.sounds.SoundEngine/]: Missing sound for event: minecraft:block.candle.fall
[27Sep2026 08:50:21.067] [Render thread/WARN] [net.minecraft.client.sounds.SoundEngine/]: Missing sound for event: minecraft:block.candle.hit
[27Sep2026 08:50:21.067] [Render thread/WARN] [net.minecraft.client.sounds.SoundEngine/]: Missing sound for event: minecraft:block.candle.place
[27Sep2026 08:50:21.067] [Render thread/WARN] [net.minecraft.client.sounds.SoundEngine/]: Missing sound for event: minecraft:block.candle.step
[27Sep2026 08:50:21.067] [Render thread/WARN] [net.minecraft.client.sounds.SoundEngine/]: Missing sound for event: minecraft:entity.cat.ambient
[27Sep2026 08:50:21.067] [Render thread/WARN] [net.minecraft.client.sounds.SoundEngine/]: Missing sound for event: minecraft:entity.cat.stray_ambient
[27Sep2026 08:50:21.067] [Render thread/WARN] [net.minecraft.client.sounds.SoundEngine/]: Missing sound for event: minecraft:entity.cat.death
[27Sep2026 08:50:21.067] [Render thread/WARN] [net.minecraft.client.sounds.SoundEngine/]: Missing sound for event: minecraft:entity.cat.eat
[27Sep2026 08:50:21.067] [Render thread/WARN] [net.minecraft.client.sounds.SoundEngine/]: Missing sound for event: minecraft:entity.cat.hiss
[27Sep2026 08:50:21.067] [Render thread/WARN] [net.minecraft.client.sounds.SoundEngine/]: Missing sound for event: minecraft:entity.cat.beg_for_food
[27Sep2026 08:50:21.067] [Render thread/WARN] [net.minecraft.client.sounds.SoundEngine/]: Missing sound for event: minecraft:entity.cat.hurt
[27Sep2026 08:50:21.067] [Render thread/WARN] [net.minecraft.client.sounds.SoundEngine/]: Missing sound for event: minecraft:entity.cat.purr
[27Sep2026 08:50:21.068] [Render thread/WARN] [net.minecraft.client.sounds.SoundEngine/]: Missing sound for event: minecraft:entity.cat.purreow
[27Sep2026 08:50:21.068] [Render thread/WARN] [net.minecraft.client.sounds.SoundEngine/]: Missing sound for event: minecraft:block.cave_vines.break
[27Sep2026 08:50:21.068] [Render thread/WARN] [net.minecraft.client.sounds.SoundEngine/]: Missing sound for event: minecraft:block.cave_vines.fall
[27Sep2026 08:50:21.068] [Render thread/WARN] [net.minecraft.client.sounds.SoundEngine/]: Missing sound for event: minecraft:block.cave_vines.hit
[27Sep2026 08:50:21.068] [Render thread/WARN] [net.minecraft.client.sounds.SoundEngine/]: Missing sound for event: minecraft:block.cave_vines.place
[27Sep2026 08:50:21.068] [Render thread/WARN] [net.minecraft.client.sounds.SoundEngine/]: Missing sound for event: minecraft:block.cave_vines.step
[27Sep2026 08:50:21.068] [Render thread/WARN] [net.minecraft.client.sounds.SoundEngine/]: Missing sound for event: minecraft:block.cave_vines.pick_berries
[27Sep2026 08:50:21.068] [Render thread/WARN] [net.minecraft.client.sounds.SoundEngine/]: Missing sound for event: minecraft:block.chain.break
[27Sep2026 08:50:21.068] [Render thread/WARN] [net.minecraft.client.sounds.SoundEngine/]: Missing sound for event: minecraft:block.chain.fall
[27Sep2026 08:50:21.068] [Render thread/WARN] [net.minecraft.client.sounds.SoundEngine/]: Missing sound for event: minecraft:block.chain.hit
[27Sep2026 08:50:21.068] [Render thread/WARN] [net.minecraft.client.sounds.SoundEngine/]: Missing sound for event: minecraft:block.chain.place
[27Sep2026 08:50:21.068] [Render thread/WARN] [net.minecraft.client.sounds.SoundEngine/]: Missing sound for event: minecraft:block.chain.step
[27Sep2026 08:50:21.068] [Render thread/WARN] [net.minecraft.client.sounds.SoundEngine/]: Missing sound for event: minecraft:block.cherry_wood.break
[27Sep2026 08:50:21.068] [Render thread/WARN] [net.minecraft.client.sounds.SoundEngine/]: Missing sound for event: minecraft:block.cherry_wood.fall
[27Sep2026 08:50:21.068] [Render thread/WARN] [net.minecraft.client.sounds.SoundEngine/]: Missing sound for event: minecraft:block.cherry_wood.hit
[27Sep2026 08:50:21.069] [Render thread/WARN] [net.minecraft.client.sounds.SoundEngine/]: Missing sound for event: minecraft:block.cherry_wood.place
[27Sep2026 08:50:21.069] [Render thread/WARN] [net.minecraft.client.sounds.SoundEngine/]: Missing sound for event: minecraft:block.cherry_wood.step
[27Sep2026 08:50:21.069] [Render thread/WARN] [net.minecraft.client.sounds.SoundEngine/]: Missing sound for event: minecraft:block.cherry_sapling.break
[27Sep2026 08:50:21.069] [Render thread/WARN] [net.minecraft.client.sounds.SoundEngine/]: Missing sound for event: minecraft:block.cherry_sapling.fall
[27Sep2026 08:50:21.069] [Render thread/WARN] [net.minecraft.client.sounds.SoundEngine/]: Missing sound for event: minecraft:block.cherry_sapling.hit
[27Sep2026 08:50:21.069] [Render thread/WARN] [net.minecraft.client.sounds.SoundEngine/]: Missing sound for event: minecraft:block.cherry_sapling.place
[27Sep2026 08:50:21.069] [Render thread/WARN] [net.minecraft.client.sounds.SoundEngine/]: Missing sound for event: minecraft:block.cherry_sapling.step
[27Sep2026 08:50:21.069] [Render thread/WARN] [net.minecraft.client.sounds.SoundEngine/]: Missing sound for event: minecraft:block.cherry_leaves.break
[27Sep2026 08:50:21.069] [Render thread/WARN] [net.minecraft.client.sounds.SoundEngine/]: Missing sound for event: minecraft:block.cherry_leaves.fall
[27Sep2026 08:50:21.069] [Render thread/WARN] [net.minecraft.client.sounds.SoundEngine/]: Missing sound for event: minecraft:block.cherry_leaves.hit
[27Sep2026 08:50:21.069] [Render thread/WARN] [net.minecraft.client.sounds.SoundEngine/]: Missing sound for event: minecraft:block.cherry_leaves.place
[27Sep2026 08:50:21.069] [Render thread/WARN] [net.minecraft.client.sounds.SoundEngine/]: Missing sound for event: minecraft:block.cherry_leaves.step
[27Sep2026 08:50:21.069] [Render thread/WARN] [net.minecraft.client.sounds.SoundEngine/]: Missing sound for event: minecraft:block.cherry_wood_hanging_sign.step
[27Sep2026 08:50:21.069] [Render thread/WARN] [net.minecraft.client.sounds.SoundEngine/]: Missing sound for event: minecraft:block.cherry_wood_hanging_sign.break
[27Sep2026 08:50:21.069] [Render thread/WARN] [net.minecraft.client.sounds.SoundEngine/]: Missing sound for event: minecraft:block.cherry_wood_hanging_sign.fall
[27Sep2026 08:50:21.069] [Render thread/WARN] [net.minecraft.client.sounds.SoundEngine/]: Missing sound for event: minecraft:block.cherry_wood_hanging_sign.hit
[27Sep2026 08:50:21.069] [Render thread/WARN] [net.minecraft.client.sounds.SoundEngine/]: Missing sound for event: minecraft:block.cherry_wood_hanging_sign.place
[27Sep2026 08:50:21.069] [Render thread/WARN] [net.minecraft.client.sounds.SoundEngine/]: Missing sound for event: minecraft:block.cherry_wood_door.close
[27Sep2026 08:50:21.069] [Render thread/WARN] [net.minecraft.client.sounds.SoundEngine/]: Missing sound for event: minecraft:block.cherry_wood_door.open
[27Sep2026 08:50:21.070] [Render thread/WARN] [net.minecraft.client.sounds.SoundEngine/]: Missing sound for event: minecraft:block.cherry_wood_trapdoor.close
[27Sep2026 08:50:21.070] [Render thread/WARN] [net.minecraft.client.sounds.SoundEngine/]: Missing sound for event: minecraft:block.cherry_wood_trapdoor.open
[27Sep2026 08:50:21.070] [Render thread/WARN] [net.minecraft.client.sounds.SoundEngine/]: Missing sound for event: minecraft:block.cherry_wood_button.click_off
[27Sep2026 08:50:21.070] [Render thread/WARN] [net.minecraft.client.sounds.SoundEngine/]: Missing sound for event: minecraft:block.cherry_wood_button.click_on
[27Sep2026 08:50:21.070] [Render thread/WARN] [net.minecraft.client.sounds.SoundEngine/]: Missing sound for event: minecraft:block.cherry_wood_pressure_plate.click_off
[27Sep2026 08:50:21.070] [Render thread/WARN] [net.minecraft.client.sounds.SoundEngine/]: Missing sound for event: minecraft:block.cherry_wood_pressure_plate.click_on
[27Sep2026 08:50:21.070] [Render thread/WARN] [net.minecraft.client.sounds.SoundEngine/]: Missing sound for event: minecraft:block.cherry_wood_fence_gate.close
[27Sep2026 08:50:21.070] [Render thread/WARN] [net.minecraft.client.sounds.SoundEngine/]: Missing sound for event: minecraft:block.cherry_wood_fence_gate.open
[27Sep2026 08:50:21.070] [Render thread/WARN] [net.minecraft.client.sounds.SoundEngine/]: Missing sound for event: minecraft:block.chest.close
[27Sep2026 08:50:21.070] [Render thread/WARN] [net.minecraft.client.sounds.SoundEngine/]: Missing sound for event: minecraft:block.chest.locked
[27Sep2026 08:50:21.070] [Render thread/WARN] [net.minecraft.client.sounds.SoundEngine/]: Missing sound for event: minecraft:block.chest.open
[27Sep2026 08:50:21.070] [Render thread/WARN] [net.minecraft.client.sounds.SoundEngine/]: Missing sound for event: minecraft:entity.chicken.ambient
[27Sep2026 08:50:21.070] [Render thread/WARN] [net.minecraft.client.sounds.SoundEngine/]: Missing sound for event: minecraft:entity.chicken.death
[27Sep2026 08:50:21.070] [Render thread/WARN] [net.minecraft.client.sounds.SoundEngine/]: Missing sound for event: minecraft:entity.chicken.egg
[27Sep2026 08:50:21.071] [Render thread/WARN] [net.minecraft.client.sounds.SoundEngine/]: Missing sound for event: minecraft:entity.chicken.hurt
[27Sep2026 08:50:21.071] [Render thread/WARN] [net.minecraft.client.sounds.SoundEngine/]: Missing sound for event: minecraft:entity.chicken.step
[27Sep2026 08:50:21.071] [Render thread/WARN] [net.minecraft.client.sounds.SoundEngine/]: Missing sound for event: minecraft:block.chiseled_bookshelf.break
[27Sep2026 08:50:21.071] [Render thread/WARN] [net.minecraft.client.sounds.SoundEngine/]: Missing sound for event: minecraft:block.chiseled_bookshelf.fall
[27Sep2026 08:50:21.071] [Render thread/WARN] [net.minecraft.client.sounds.SoundEngine/]: Missing sound for event: minecraft:block.chiseled_bookshelf.hit
[27Sep2026 08:50:21.071] [Render thread/WARN] [net.minecraft.client.sounds.SoundEngine/]: Missing sound for event: minecraft:block.chiseled_bookshelf.insert
[27Sep2026 08:50:21.071] [Render thread/WARN] [net.minecraft.client.sounds.SoundEngine/]: Missing sound for event: minecraft:block.chiseled_bookshelf.insert.enchanted
[27Sep2026 08:50:21.071] [Render thread/WARN] [net.minecraft.client.sounds.SoundEngine/]: Missing sound for event: minecraft:block.chiseled_bookshelf.step
[27Sep2026 08:50:21.071] [Render thread/WARN] [net.minecraft.client.sounds.SoundEngine/]: Missing sound for event: minecraft:block.chiseled_bookshelf.pickup
[27Sep2026 08:50:21.071] [Render thread/WARN] [net.minecraft.client.sounds.SoundEngine/]: Missing sound for event: minecraft:block.chiseled_bookshelf.pickup.enchanted
[27Sep2026 08:50:21.071] [Render thread/WARN] [net.minecraft.client.sounds.SoundEngine/]: Missing sound for event: minecraft:block.chiseled_bookshelf.place
[27Sep2026 08:50:21.071] [Render thread/WARN] [net.minecraft.client.sounds.SoundEngine/]: Missing sound for event: minecraft:block.chorus_flower.death
[27Sep2026 08:50:21.071] [Render thread/WARN] [net.minecraft.client.sounds.SoundEngine/]: Missing sound for event: minecraft:block.chorus_flower.grow
[27Sep2026 08:50:21.071] [Render thread/WARN] [net.minecraft.client.sounds.SoundEngine/]: Missing sound for event: minecraft:item.chorus_fruit.teleport
[27Sep2026 08:50:21.071] [Render thread/WARN] [net.minecraft.client.sounds.SoundEngine/]: Missing sound for event: minecraft:block.cobweb.break
[27Sep2026 08:50:21.071] [Render thread/WARN] [net.minecraft.client.sounds.SoundEngine/]: Missing sound for event: minecraft:block.cobweb.step
[27Sep2026 08:50:21.072] [Render thread/WARN] [net.minecraft.client.sounds.SoundEngine/]: Missing sound for event: minecraft:block.cobweb.place
[27Sep2026 08:50:21.072] [Render thread/WARN] [net.minecraft.client.sounds.SoundEngine/]: Missing sound for event: minecraft:block.cobweb.hit
[27Sep2026 08:50:21.072] [Render thread/WARN] [net.minecraft.client.sounds.SoundEngine/]: Missing sound for event: minecraft:block.cobweb.fall
[27Sep2026 08:50:21.072] [Render thread/WARN] [net.minecraft.client.sounds.SoundEngine/]: Missing sound for event: minecraft:entity.cod.ambient
[27Sep2026 08:50:21.072] [Render thread/WARN] [net.minecraft.client.sounds.SoundEngine/]: Missing sound for event: minecraft:entity.cod.death
[27Sep2026 08:50:21.072] [Render thread/WARN] [net.minecraft.client.sounds.SoundEngine/]: Missing sound for event: minecraft:entity.cod.flop
[27Sep2026 08:50:21.072] [Render thread/WARN] [net.minecraft.client.sounds.SoundEngine/]: Missing sound for event: minecraft:entity.cod.hurt
[27Sep2026 08:50:21.072] [Render thread/WARN] [net.minecraft.client.sounds.SoundEngine/]: Missing sound for event: minecraft:block.comparator.click
[27Sep2026 08:50:21.072] [Render thread/WARN] [net.minecraft.client.sounds.SoundEngine/]: Missing sound for event: minecraft:block.composter.empty
[27Sep2026 08:50:21.072] [Render thread/WARN] [net.minecraft.client.sounds.SoundEngine/]: Missing sound for event: minecraft:block.composter.fill
[27Sep2026 08:50:21.072] [Render thread/WARN] [net.minecraft.client.sounds.SoundEngine/]: Missing sound for event: minecraft:block.composter.fill_success
[27Sep2026 08:50:21.072] [Render thread/WARN] [net.minecraft.client.sounds.SoundEngine/]: Missing sound for event: minecraft:block.composter.ready
[27Sep2026 08:50:21.072] [Render thread/WARN] [net.minecraft.client.sounds.SoundEngine/]: Missing sound for event: minecraft:block.conduit.activate
[27Sep2026 08:50:21.072] [Render thread/WARN] [net.minecraft.client.sounds.SoundEngine/]: Missing sound for event: minecraft:block.conduit.ambient
[27Sep2026 08:50:21.073] [Render thread/WARN] [net.minecraft.client.sounds.SoundEngine/]: Missing sound for event: minecraft:block.conduit.ambient.short
[27Sep2026 08:50:21.073] [Render thread/WARN] [net.minecraft.client.sounds.SoundEngine/]: Missing sound for event: minecraft:block.conduit.attack.target
[27Sep2026 08:50:21.073] [Render thread/WARN] [net.minecraft.client.sounds.SoundEngine/]: Missing sound for event: minecraft:block.conduit.deactivate
[27Sep2026 08:50:21.073] [Render thread/WARN] [net.minecraft.client.sounds.SoundEngine/]: Missing sound for event: minecraft:block.copper_bulb.break
[27Sep2026 08:50:21.073] [Render thread/WARN] [net.minecraft.client.sounds.SoundEngine/]: Missing sound for event: minecraft:block.copper_bulb.step
[27Sep2026 08:50:21.073] [Render thread/WARN] [net.minecraft.client.sounds.SoundEngine/]: Missing sound for event: minecraft:block.copper_bulb.place
[27Sep2026 08:50:21.073] [Render thread/WARN] [net.minecraft.client.sounds.SoundEngine/]: Missing sound for event: minecraft:block.copper_bulb.hit
[27Sep2026 08:50:21.073] [Render thread/WARN] [net.minecraft.client.sounds.SoundEngine/]: Missing sound for event: minecraft:block.copper_bulb.fall
[27Sep2026 08:50:21.073] [Render thread/WARN] [net.minecraft.client.sounds.SoundEngine/]: Missing sound for event: minecraft:block.copper_bulb.turn_on
[27Sep2026 08:50:21.073] [Render thread/WARN] [net.minecraft.client.sounds.SoundEngine/]: Missing sound for event: minecraft:block.copper_bulb.turn_off
[27Sep2026 08:50:21.073] [Render thread/WARN] [net.minecraft.client.sounds.SoundEngine/]: Missing sound for event: minecraft:block.copper.break
[27Sep2026 08:50:21.073] [Render thread/WARN] [net.minecraft.client.sounds.SoundEngine/]: Missing sound for event: minecraft:block.copper.step
[27Sep2026 08:50:21.073] [Render thread/WARN] [net.minecraft.client.sounds.SoundEngine/]: Missing sound for event: minecraft:block.copper.place
[27Sep2026 08:50:21.074] [Render thread/WARN] [net.minecraft.client.sounds.SoundEngine/]: Missing sound for event: minecraft:block.copper.hit
[27Sep2026 08:50:21.074] [Render thread/WARN] [net.minecraft.client.sounds.SoundEngine/]: Missing sound for event: minecraft:block.copper.fall
[27Sep2026 08:50:21.074] [Render thread/WARN] [net.minecraft.client.sounds.SoundEngine/]: Missing sound for event: minecraft:block.copper_door.close
[27Sep2026 08:50:21.074] [Render thread/WARN] [net.minecraft.client.sounds.SoundEngine/]: Missing sound for event: minecraft:block.copper_door.open
[27Sep2026 08:50:21.074] [Render thread/WARN] [net.minecraft.client.sounds.SoundEngine/]: Missing sound for event: minecraft:block.copper_grate.break
[27Sep2026 08:50:21.074] [Render thread/WARN] [net.minecraft.client.sounds.SoundEngine/]: Missing sound for event: minecraft:block.copper_grate.step
[27Sep2026 08:50:21.074] [Render thread/WARN] [net.minecraft.client.sounds.SoundEngine/]: Missing sound for event: minecraft:block.copper_grate.place
[27Sep2026 08:50:21.074] [Render thread/WARN] [net.minecraft.client.sounds.SoundEngine/]: Missing sound for event: minecraft:block.copper_grate.hit
[27Sep2026 08:50:21.074] [Render thread/WARN] [net.minecraft.client.sounds.SoundEngine/]: Missing sound for event: minecraft:block.copper_grate.fall
[27Sep2026 08:50:21.074] [Render thread/WARN] [net.minecraft.client.sounds.SoundEngine/]: Missing sound for event: minecraft:block.copper_trapdoor.close
[27Sep2026 08:50:21.074] [Render thread/WARN] [net.minecraft.client.sounds.SoundEngine/]: Missing sound for event: minecraft:block.copper_trapdoor.open
[27Sep2026 08:50:21.074] [Render thread/WARN] [net.minecraft.client.sounds.SoundEngine/]: Missing sound for event: minecraft:block.coral_block.break
[27Sep2026 08:50:21.074] [Render thread/WARN] [net.minecraft.client.sounds.SoundEngine/]: Missing sound for event: minecraft:block.coral_block.fall
[27Sep2026 08:50:21.074] [Render thread/WARN] [net.minecraft.client.sounds.SoundEngine/]: Missing sound for event: minecraft:block.coral_block.hit
[27Sep2026 08:50:21.075] [Render thread/WARN] [net.minecraft.client.sounds.SoundEngine/]: Missing sound for event: minecraft:block.coral_block.place
[27Sep2026 08:50:21.075] [Render thread/WARN] [net.minecraft.client.sounds.SoundEngine/]: Missing sound for event: minecraft:block.coral_block.step
[27Sep2026 08:50:21.075] [Render thread/WARN] [net.minecraft.client.sounds.SoundEngine/]: Missing sound for event: minecraft:entity.cow.ambient
[27Sep2026 08:50:21.075] [Render thread/WARN] [net.minecraft.client.sounds.SoundEngine/]: Missing sound for event: minecraft:entity.cow.death
[27Sep2026 08:50:21.075] [Render thread/WARN] [net.minecraft.client.sounds.SoundEngine/]: Missing sound for event: minecraft:entity.cow.hurt
[27Sep2026 08:50:21.075] [Render thread/WARN] [net.minecraft.client.sounds.SoundEngine/]: Missing sound for event: minecraft:entity.cow.milk
[27Sep2026 08:50:21.075] [Render thread/WARN] [net.minecraft.client.sounds.SoundEngine/]: Missing sound for event: minecraft:entity.cow.step
[27Sep2026 08:50:21.075] [Render thread/WARN] [net.minecraft.client.sounds.SoundEngine/]: Missing sound for event: minecraft:block.crafter.craft
[27Sep2026 08:50:21.075] [Render thread/WARN] [net.minecraft.client.sounds.SoundEngine/]: Missing sound for event: minecraft:block.crafter.fail
[27Sep2026 08:50:21.075] [Render thread/WARN] [net.minecraft.client.sounds.SoundEngine/]: Missing sound for event: minecraft:entity.creeper.death
[27Sep2026 08:50:21.075] [Render thread/WARN] [net.minecraft.client.sounds.SoundEngine/]: Missing sound for event: minecraft:entity.creeper.hurt
[27Sep2026 08:50:21.075] [Render thread/WARN] [net.minecraft.client.sounds.SoundEngine/]: Missing sound for event: minecraft:entity.creeper.primed
[27Sep2026 08:50:21.075] [Render thread/WARN] [net.minecraft.client.sounds.SoundEngine/]: Missing sound for event: minecraft:block.crop.break
[27Sep2026 08:50:21.075] [Render thread/WARN] [net.minecraft.client.sounds.SoundEngine/]: Missing sound for event: minecraft:item.crop.plant
[27Sep2026 08:50:21.075] [Render thread/WARN] [net.minecraft.client.sounds.SoundEngine/]: Missing sound for event: minecraft:item.crossbow.hit
[27Sep2026 08:50:21.075] [Render thread/WARN] [net.minecraft.client.sounds.SoundEngine/]: Missing sound for event: minecraft:item.crossbow.loading_end
[27Sep2026 08:50:21.076] [Render thread/WARN] [net.minecraft.client.sounds.SoundEngine/]: Missing sound for event: minecraft:item.crossbow.loading_middle
[27Sep2026 08:50:21.076] [Render thread/WARN] [net.minecraft.client.sounds.SoundEngine/]: Missing sound for event: minecraft:item.crossbow.loading_start
[27Sep2026 08:50:21.076] [Render thread/WARN] [net.minecraft.client.sounds.SoundEngine/]: Missing sound for event: minecraft:item.crossbow.quick_charge_1
[27Sep2026 08:50:21.076] [Render thread/WARN] [net.minecraft.client.sounds.SoundEngine/]: Missing sound for event: minecraft:item.crossbow.quick_charge_2
[27Sep2026 08:50:21.076] [Render thread/WARN] [net.minecraft.client.sounds.SoundEngine/]: Missing sound for event: minecraft:item.crossbow.quick_charge_3
[27Sep2026 08:50:21.076] [Render thread/WARN] [net.minecraft.client.sounds.SoundEngine/]: Missing sound for event: minecraft:item.crossbow.shoot
[27Sep2026 08:50:21.076] [Render thread/WARN] [net.minecraft.client.sounds.SoundEngine/]: Missing sound for event: minecraft:block.decorated_pot.break
[27Sep2026 08:50:21.076] [Render thread/WARN] [net.minecraft.client.sounds.SoundEngine/]: Missing sound for event: minecraft:block.decorated_pot.fall
[27Sep2026 08:50:21.076] [Render thread/WARN] [net.minecraft.client.sounds.SoundEngine/]: Missing sound for event: minecraft:block.decorated_pot.hit
[27Sep2026 08:50:21.076] [Render thread/WARN] [net.minecraft.client.sounds.SoundEngine/]: Missing sound for event: minecraft:block.decorated_pot.insert
[27Sep2026 08:50:21.076] [Render thread/WARN] [net.minecraft.client.sounds.SoundEngine/]: Missing sound for event: minecraft:block.decorated_pot.insert_fail
[27Sep2026 08:50:21.076] [Render thread/WARN] [net.minecraft.client.sounds.SoundEngine/]: Missing sound for event: minecraft:block.decorated_pot.step
[27Sep2026 08:50:21.076] [Render thread/WARN] [net.minecraft.client.sounds.SoundEngine/]: Missing sound for event: minecraft:block.decorated_pot.place
[27Sep2026 08:50:21.076] [Render thread/WARN] [net.minecraft.client.sounds.SoundEngine/]: Missing sound for event: minecraft:block.decorated_pot.shatter
[27Sep2026 08:50:21.077] [Render thread/WARN] [net.minecraft.client.sounds.SoundEngine/]: Missing sound for event: minecraft:block.deepslate_bricks.break
[27Sep2026 08:50:21.077] [Render thread/WARN] [net.minecraft.client.sounds.SoundEngine/]: Missing sound for event: minecraft:block.deepslate_bricks.fall
[27Sep2026 08:50:21.077] [Render thread/WARN] [net.minecraft.client.sounds.SoundEngine/]: Missing sound for event: minecraft:block.deepslate_bricks.hit
[27Sep2026 08:50:21.077] [Render thread/WARN] [net.minecraft.client.sounds.SoundEngine/]: Missing sound for event: minecraft:block.deepslate_bricks.place
[27Sep2026 08:50:21.077] [Render thread/WARN] [net.minecraft.client.sounds.SoundEngine/]: Missing sound for event: minecraft:block.deepslate_bricks.step
[27Sep2026 08:50:21.077] [Render thread/WARN] [net.minecraft.client.sounds.SoundEngine/]: Missing sound for event: minecraft:block.deepslate.break
[27Sep2026 08:50:21.077] [Render thread/WARN] [net.minecraft.client.sounds.SoundEngine/]: Missing sound for event: minecraft:block.deepslate.fall
[27Sep2026 08:50:21.077] [Render thread/WARN] [net.minecraft.client.sounds.SoundEngine/]: Missing sound for event: minecraft:block.deepslate.hit
[27Sep2026 08:50:21.077] [Render thread/WARN] [net.minecraft.client.sounds.SoundEngine/]: Missing sound for event: minecraft:block.deepslate.place
[27Sep2026 08:50:21.077] [Render thread/WARN] [net.minecraft.client.sounds.SoundEngine/]: Missing sound for event: minecraft:block.deepslate.step
[27Sep2026 08:50:21.077] [Render thread/WARN] [net.minecraft.client.sounds.SoundEngine/]: Missing sound for event: minecraft:block.deepslate_tiles.break
[27Sep2026 08:50:21.077] [Render thread/WARN] [net.minecraft.client.sounds.SoundEngine/]: Missing sound for event: minecraft:block.deepslate_tiles.fall
[27Sep2026 08:50:21.077] [Render thread/WARN] [net.minecraft.client.sounds.SoundEngine/]: Missing sound for event: minecraft:block.deepslate_tiles.hit
[27Sep2026 08:50:21.077] [Render thread/WARN] [net.minecraft.client.sounds.SoundEngine/]: Missing sound for event: minecraft:block.deepslate_tiles.place
[27Sep2026 08:50:21.078] [Render thread/WARN] [net.minecraft.client.sounds.SoundEngine/]: Missing sound for event: minecraft:block.deepslate_tiles.step
[27Sep2026 08:50:21.078] [Render thread/WARN] [net.minecraft.client.sounds.SoundEngine/]: Missing sound for event: minecraft:block.dispenser.dispense
[27Sep2026 08:50:21.078] [Render thread/WARN] [net.minecraft.client.sounds.SoundEngine/]: Missing sound for event: minecraft:block.dispenser.fail
[27Sep2026 08:50:21.078] [Render thread/WARN] [net.minecraft.client.sounds.SoundEngine/]: Missing sound for event: minecraft:block.dispenser.launch
[27Sep2026 08:50:21.078] [Render thread/WARN] [net.minecraft.client.sounds.SoundEngine/]: Missing sound for event: minecraft:entity.dolphin.ambient
[27Sep2026 08:50:21.078] [Render thread/WARN] [net.minecraft.client.sounds.SoundEngine/]: Missing sound for event: minecraft:entity.dolphin.ambient_water
[27Sep2026 08:50:21.078] [Render thread/WARN] [net.minecraft.client.sounds.SoundEngine/]: Missing sound for event: minecraft:entity.dolphin.attack
[27Sep2026 08:50:21.078] [Render thread/WARN] [net.minecraft.client.sounds.SoundEngine/]: Missing sound for event: minecraft:entity.dolphin.death
[27Sep2026 08:50:21.078] [Render thread/WARN] [net.minecraft.client.sounds.SoundEngine/]: Missing sound for event: minecraft:entity.dolphin.eat
[27Sep2026 08:50:21.078] [Render thread/WARN] [net.minecraft.client.sounds.SoundEngine/]: Missing sound for event: minecraft:entity.dolphin.hurt
[27Sep2026 08:50:21.078] [Render thread/WARN] [net.minecraft.client.sounds.SoundEngine/]: Missing sound for event: minecraft:entity.dolphin.jump
[27Sep2026 08:50:21.078] [Render thread/WARN] [net.minecraft.client.sounds.SoundEngine/]: Missing sound for event: minecraft:entity.dolphin.play
[27Sep2026 08:50:21.078] [Render thread/WARN] [net.minecraft.client.sounds.SoundEngine/]: Missing sound for event: minecraft:entity.dolphin.splash
[27Sep2026 08:50:21.078] [Render thread/WARN] [net.minecraft.client.sounds.SoundEngine/]: Missing sound for event: minecraft:entity.dolphin.swim
[27Sep2026 08:50:21.078] [Render thread/WARN] [net.minecraft.client.sounds.SoundEngine/]: Missing sound for event: minecraft:entity.donkey.ambient
[27Sep2026 08:50:21.078] [Render thread/WARN] [net.minecraft.client.sounds.SoundEngine/]: Missing sound for event: minecraft:entity.donkey.angry
[27Sep2026 08:50:21.078] [Render thread/WARN] [net.minecraft.client.sounds.SoundEngine/]: Missing sound for event: minecraft:entity.donkey.chest
[27Sep2026 08:50:21.078] [Render thread/WARN] [net.minecraft.client.sounds.SoundEngine/]: Missing sound for event: minecraft:entity.donkey.death
[27Sep2026 08:50:21.078] [Render thread/WARN] [net.minecraft.client.sounds.SoundEngine/]: Missing sound for event: minecraft:entity.donkey.eat
[27Sep2026 08:50:21.079] [Render thread/WARN] [net.minecraft.client.sounds.SoundEngine/]: Missing sound for event: minecraft:entity.donkey.hurt
[27Sep2026 08:50:21.079] [Render thread/WARN] [net.minecraft.client.sounds.SoundEngine/]: Missing sound for event: minecraft:entity.donkey.jump
[27Sep2026 08:50:21.079] [Render thread/WARN] [net.minecraft.client.sounds.SoundEngine/]: Missing sound for event: minecraft:block.dripstone_block.break
[27Sep2026 08:50:21.079] [Render thread/WARN] [net.minecraft.client.sounds.SoundEngine/]: Missing sound for event: minecraft:block.dripstone_block.step
[27Sep2026 08:50:21.079] [Render thread/WARN] [net.minecraft.client.sounds.SoundEngine/]: Missing sound for event: minecraft:block.dripstone_block.place
[27Sep2026 08:50:21.079] [Render thread/WARN] [net.minecraft.client.sounds.SoundEngine/]: Missing sound for event: minecraft:block.dripstone_block.hit
[27Sep2026 08:50:21.079] [Render thread/WARN] [net.minecraft.client.sounds.SoundEngine/]: Missing sound for event: minecraft:block.dripstone_block.fall
[27Sep2026 08:50:21.079] [Render thread/WARN] [net.minecraft.client.sounds.SoundEngine/]: Missing sound for event: minecraft:block.pointed_dripstone.break
[27Sep2026 08:50:21.079] [Render thread/WARN] [net.minecraft.client.sounds.SoundEngine/]: Missing sound for event: minecraft:block.pointed_dripstone.step
[27Sep2026 08:50:21.079] [Render thread/WARN] [net.minecraft.client.sounds.SoundEngine/]: Missing sound for event: minecraft:block.pointed_dripstone.place
[27Sep2026 08:50:21.079] [Render thread/WARN] [net.minecraft.client.sounds.SoundEngine/]: Missing sound for event: minecraft:block.pointed_dripstone.hit
[27Sep2026 08:50:21.079] [Render thread/WARN] [net.minecraft.client.sounds.SoundEngine/]: Missing sound for event: minecraft:block.pointed_dripstone.fall
[27Sep2026 08:50:21.079] [Render thread/WARN] [net.minecraft.client.sounds.SoundEngine/]: Missing sound for event: minecraft:block.pointed_dripstone.land
[27Sep2026 08:50:21.079] [Render thread/WARN] [net.minecraft.client.sounds.SoundEngine/]: Missing sound for event: minecraft:block.pointed_dripstone.drip_lava
[27Sep2026 08:50:21.079] [Render thread/WARN] [net.minecraft.client.sounds.SoundEngine/]: Missing sound for event: minecraft:block.pointed_dripstone.drip_water
[27Sep2026 08:50:21.080] [Render thread/WARN] [net.minecraft.client.sounds.SoundEngine/]: Missing sound for event: minecraft:block.pointed_dripstone.drip_lava_into_cauldron
[27Sep2026 08:50:21.080] [Render thread/WARN] [net.minecraft.client.sounds.SoundEngine/]: Missing sound for event: minecraft:block.pointed_dripstone.drip_water_into_cauldron
[27Sep2026 08:50:21.080] [Render thread/WARN] [net.minecraft.client.sounds.SoundEngine/]: Missing sound for event: minecraft:block.big_dripleaf.tilt_down
[27Sep2026 08:50:21.080] [Render thread/WARN] [net.minecraft.client.sounds.SoundEngine/]: Missing sound for event: minecraft:block.big_dripleaf.tilt_up
[27Sep2026 08:50:21.080] [Render thread/WARN] [net.minecraft.client.sounds.SoundEngine/]: Missing sound for event: minecraft:entity.drowned.ambient
[27Sep2026 08:50:21.080] [Render thread/WARN] [net.minecraft.client.sounds.SoundEngine/]: Missing sound for event: minecraft:entity.drowned.ambient_water
[27Sep2026 08:50:21.080] [Render thread/WARN] [net.minecraft.client.sounds.SoundEngine/]: Missing sound for event: minecraft:entity.drowned.death
[27Sep2026 08:50:21.080] [Render thread/WARN] [net.minecraft.client.sounds.SoundEngine/]: Missing sound for event: minecraft:entity.drowned.death_water
[27Sep2026 08:50:21.080] [Render thread/WARN] [net.minecraft.client.sounds.SoundEngine/]: Missing sound for event: minecraft:entity.drowned.hurt
[27Sep2026 08:50:21.080] [Render thread/WARN] [net.minecraft.client.sounds.SoundEngine/]: Missing sound for event: minecraft:entity.drowned.hurt_water
[27Sep2026 08:50:21.080] [Render thread/WARN] [net.minecraft.client.sounds.SoundEngine/]: Missing sound for event: minecraft:entity.drowned.shoot
[27Sep2026 08:50:21.080] [Render thread/WARN] [net.minecraft.client.sounds.SoundEngine/]: Missing sound for event: minecraft:entity.drowned.step
[27Sep2026 08:50:21.081] [Render thread/WARN] [net.minecraft.client.sounds.SoundEngine/]: Missing sound for event: minecraft:entity.drowned.swim
[27Sep2026 08:50:21.081] [Render thread/WARN] [net.minecraft.client.sounds.SoundEngine/]: Missing sound for event: minecraft:item.dye.use
[27Sep2026 08:50:21.081] [Render thread/WARN] [net.minecraft.client.sounds.SoundEngine/]: Missing sound for event: minecraft:entity.egg.throw
[27Sep2026 08:50:21.081] [Render thread/WARN] [net.minecraft.client.sounds.SoundEngine/]: Missing sound for event: minecraft:entity.elder_guardian.ambient
[27Sep2026 08:50:21.081] [Render thread/WARN] [net.minecraft.client.sounds.SoundEngine/]: Missing sound for event: minecraft:entity.elder_guardian.ambient_land
[27Sep2026 08:50:21.081] [Render thread/WARN] [net.minecraft.client.sounds.SoundEngine/]: Missing sound for event: minecraft:entity.elder_guardian.curse
[27Sep2026 08:50:21.081] [Render thread/WARN] [net.minecraft.client.sounds.SoundEngine/]: Missing sound for event: minecraft:entity.elder_guardian.death
[27Sep2026 08:50:21.081] [Render thread/WARN] [net.minecraft.client.sounds.SoundEngine/]: Missing sound for event: minecraft:entity.elder_guardian.death_land
[27Sep2026 08:50:21.081] [Render thread/WARN] [net.minecraft.client.sounds.SoundEngine/]: Missing sound for event: minecraft:entity.elder_guardian.flop
[27Sep2026 08:50:21.081] [Render thread/WARN] [net.minecraft.client.sounds.SoundEngine/]: Missing sound for event: minecraft:entity.elder_guardian.hurt
[27Sep2026 08:50:21.081] [Render thread/WARN] [net.minecraft.client.sounds.SoundEngine/]: Missing sound for event: minecraft:entity.elder_guardian.hurt_land
[27Sep2026 08:50:21.081] [Render thread/WARN] [net.minecraft.client.sounds.SoundEngine/]: Missing sound for event: minecraft:item.elytra.flying
[27Sep2026 08:50:21.081] [Render thread/WARN] [net.minecraft.client.sounds.SoundEngine/]: Missing sound for event: minecraft:block.enchantment_table.use
[27Sep2026 08:50:21.082] [Render thread/WARN] [net.minecraft.client.sounds.SoundEngine/]: Missing sound for event: minecraft:block.ender_chest.close
[27Sep2026 08:50:21.082] [Render thread/WARN] [net.minecraft.client.sounds.SoundEngine/]: Missing sound for event: minecraft:block.ender_chest.open
[27Sep2026 08:50:21.082] [Render thread/WARN] [net.minecraft.client.sounds.SoundEngine/]: Missing sound for event: minecraft:entity.ender_dragon.ambient
[27Sep2026 08:50:21.082] [Render thread/WARN] [net.minecraft.client.sounds.SoundEngine/]: Missing sound for event: minecraft:entity.ender_dragon.death
[27Sep2026 08:50:21.082] [Render thread/WARN] [net.minecraft.client.sounds.SoundEngine/]: Missing sound for event: minecraft:entity.dragon_fireball.explode
[27Sep2026 08:50:21.082] [Render thread/WARN] [net.minecraft.client.sounds.SoundEngine/]: Missing sound for event: minecraft:entity.ender_dragon.flap
[27Sep2026 08:50:21.082] [Render thread/WARN] [net.minecraft.client.sounds.SoundEngine/]: Missing sound for event: minecraft:entity.ender_dragon.growl
[27Sep2026 08:50:21.082] [Render thread/WARN] [net.minecraft.client.sounds.SoundEngine/]: Missing sound for event: minecraft:entity.ender_dragon.hurt
[27Sep2026 08:50:21.082] [Render thread/WARN] [net.minecraft.client.sounds.SoundEngine/]: Missing sound for event: minecraft:entity.ender_dragon.shoot
[27Sep2026 08:50:21.082] [Render thread/WARN] [net.minecraft.client.sounds.SoundEngine/]: Missing sound for event: minecraft:entity.ender_eye.death
[27Sep2026 08:50:21.082] [Render thread/WARN] [net.minecraft.client.sounds.SoundEngine/]: Missing sound for event: minecraft:entity.ender_eye.launch
[27Sep2026 08:50:21.082] [Render thread/WARN] [net.minecraft.client.sounds.SoundEngine/]: Missing sound for event: minecraft:entity.enderman.ambient
[27Sep2026 08:50:21.082] [Render thread/WARN] [net.minecraft.client.sounds.SoundEngine/]: Missing sound for event: minecraft:entity.enderman.death
[27Sep2026 08:50:21.082] [Render thread/WARN] [net.minecraft.client.sounds.SoundEngine/]: Missing sound for event: minecraft:entity.enderman.hurt
[27Sep2026 08:50:21.082] [Render thread/WARN] [net.minecraft.client.sounds.SoundEngine/]: Missing sound for event: minecraft:entity.enderman.scream
[27Sep2026 08:50:21.082] [Render thread/WARN] [net.minecraft.client.sounds.SoundEngine/]: Missing sound for event: minecraft:entity.enderman.stare
[27Sep2026 08:50:21.083] [Render thread/WARN] [net.minecraft.client.sounds.SoundEngine/]: Missing sound for event: minecraft:entity.enderman.teleport
[27Sep2026 08:50:21.083] [Render thread/WARN] [net.minecraft.client.sounds.SoundEngine/]: Missing sound for event: minecraft:entity.endermite.ambient
[27Sep2026 08:50:21.083] [Render thread/WARN] [net.minecraft.client.sounds.SoundEngine/]: Missing sound for event: minecraft:entity.endermite.death
[27Sep2026 08:50:21.083] [Render thread/WARN] [net.minecraft.client.sounds.SoundEngine/]: Missing sound for event: minecraft:entity.endermite.hurt
[27Sep2026 08:50:21.083] [Render thread/WARN] [net.minecraft.client.sounds.SoundEngine/]: Missing sound for event: minecraft:entity.endermite.step
[27Sep2026 08:50:21.083] [Render thread/WARN] [net.minecraft.client.sounds.SoundEngine/]: Missing sound for event: minecraft:entity.ender_pearl.throw
[27Sep2026 08:50:21.083] [Render thread/WARN] [net.minecraft.client.sounds.SoundEngine/]: Missing sound for event: minecraft:block.end_gateway.spawn
[27Sep2026 08:50:21.083] [Render thread/WARN] [net.minecraft.client.sounds.SoundEngine/]: Missing sound for event: minecraft:block.end_portal_frame.fill
[27Sep2026 08:50:21.083] [Render thread/WARN] [net.minecraft.client.sounds.SoundEngine/]: Missing sound for event: minecraft:block.end_portal.spawn
[27Sep2026 08:50:21.083] [Render thread/WARN] [net.minecraft.client.sounds.SoundEngine/]: Missing sound for event: minecraft:entity.evoker.ambient
[27Sep2026 08:50:21.083] [Render thread/WARN] [net.minecraft.client.sounds.SoundEngine/]: Missing sound for event: minecraft:entity.evoker.cast_spell
[27Sep2026 08:50:21.083] [Render thread/WARN] [net.minecraft.client.sounds.SoundEngine/]: Missing sound for event: minecraft:entity.evoker.celebrate
[27Sep2026 08:50:21.083] [Render thread/WARN] [net.minecraft.client.sounds.SoundEngine/]: Missing sound for event: minecraft:entity.evoker.death
[27Sep2026 08:50:21.083] [Render thread/WARN] [net.minecraft.client.sounds.SoundEngine/]: Missing sound for event: minecraft:entity.evoker_fangs.attack
[27Sep2026 08:50:21.084] [Render thread/WARN] [net.minecraft.client.sounds.SoundEngine/]: Missing sound for event: minecraft:entity.evoker.hurt
[27Sep2026 08:50:21.084] [Render thread/WARN] [net.minecraft.client.sounds.SoundEngine/]: Missing sound for event: minecraft:entity.evoker.prepare_attack
[27Sep2026 08:50:21.084] [Render thread/WARN] [net.minecraft.client.sounds.SoundEngine/]: Missing sound for event: minecraft:entity.evoker.prepare_summon
[27Sep2026 08:50:21.084] [Render thread/WARN] [net.minecraft.client.sounds.SoundEngine/]: Missing sound for event: minecraft:entity.evoker.prepare_wololo
[27Sep2026 08:50:21.084] [Render thread/WARN] [net.minecraft.client.sounds.SoundEngine/]: Missing sound for event: minecraft:entity.experience_bottle.throw
[27Sep2026 08:50:21.084] [Render thread/WARN] [net.minecraft.client.sounds.SoundEngine/]: Missing sound for event: minecraft:entity.experience_orb.pickup
[27Sep2026 08:50:21.084] [Render thread/WARN] [net.minecraft.client.sounds.SoundEngine/]: Missing sound for event: minecraft:block.fence_gate.close
[27Sep2026 08:50:21.084] [Render thread/WARN] [net.minecraft.client.sounds.SoundEngine/]: Missing sound for event: minecraft:block.fence_gate.open
[27Sep2026 08:50:21.084] [Render thread/WARN] [net.minecraft.client.sounds.SoundEngine/]: Missing sound for event: minecraft:item.firecharge.use
[27Sep2026 08:50:21.084] [Render thread/WARN] [net.minecraft.client.sounds.SoundEngine/]: Missing sound for event: minecraft:entity.firework_rocket.blast
[27Sep2026 08:50:21.084] [Render thread/WARN] [net.minecraft.client.sounds.SoundEngine/]: Missing sound for event: minecraft:entity.firework_rocket.blast_far
[27Sep2026 08:50:21.084] [Render thread/WARN] [net.minecraft.client.sounds.SoundEngine/]: Missing sound for event: minecraft:entity.firework_rocket.large_blast
[27Sep2026 08:50:21.085] [Render thread/WARN] [net.minecraft.client.sounds.SoundEngine/]: Missing sound for event: minecraft:entity.firework_rocket.large_blast_far
[27Sep2026 08:50:21.085] [Render thread/WARN] [net.minecraft.client.sounds.SoundEngine/]: Missing sound for event: minecraft:entity.firework_rocket.launch
[27Sep2026 08:50:21.085] [Render thread/WARN] [net.minecraft.client.sounds.SoundEngine/]: Missing sound for event: minecraft:entity.firework_rocket.shoot
[27Sep2026 08:50:21.085] [Render thread/WARN] [net.minecraft.client.sounds.SoundEngine/]: Missing sound for event: minecraft:entity.firework_rocket.twinkle
[27Sep2026 08:50:21.085] [Render thread/WARN] [net.minecraft.client.sounds.SoundEngine/]: Missing sound for event: minecraft:entity.firework_rocket.twinkle_far
[27Sep2026 08:50:21.085] [Render thread/WARN] [net.minecraft.client.sounds.SoundEngine/]: Missing sound for event: minecraft:block.fire.ambient
[27Sep2026 08:50:21.085] [Render thread/WARN] [net.minecraft.client.sounds.SoundEngine/]: Missing sound for event: minecraft:block.fire.extinguish
[27Sep2026 08:50:21.085] [Render thread/WARN] [net.minecraft.client.sounds.SoundEngine/]: Missing sound for event: minecraft:entity.fish.swim
[27Sep2026 08:50:21.085] [Render thread/WARN] [net.minecraft.client.sounds.SoundEngine/]: Missing sound for event: minecraft:entity.fishing_bobber.retrieve
[27Sep2026 08:50:21.085] [Render thread/WARN] [net.minecraft.client.sounds.SoundEngine/]: Missing sound for event: minecraft:entity.fishing_bobber.splash
[27Sep2026 08:50:21.085] [Render thread/WARN] [net.minecraft.client.sounds.SoundEngine/]: Missing sound for event: minecraft:entity.fishing_bobber.throw
[27Sep2026 08:50:21.085] [Render thread/WARN] [net.minecraft.client.sounds.SoundEngine/]: Missing sound for event: minecraft:item.flintandsteel.use
[27Sep2026 08:50:21.085] [Render thread/WARN] [net.minecraft.client.sounds.SoundEngine/]: Missing sound for event: minecraft:block.flowering_azalea.break
[27Sep2026 08:50:21.085] [Render thread/WARN] [net.minecraft.client.sounds.SoundEngine/]: Missing sound for event: minecraft:block.flowering_azalea.fall
[27Sep2026 08:50:21.085] [Render thread/WARN] [net.minecraft.client.sounds.SoundEngine/]: Missing sound for event: minecraft:block.flowering_azalea.hit
[27Sep2026 08:50:21.086] [Render thread/WARN] [net.minecraft.client.sounds.SoundEngine/]: Missing sound for event: minecraft:block.flowering_azalea.place
[27Sep2026 08:50:21.086] [Render thread/WARN] [net.minecraft.client.sounds.SoundEngine/]: Missing sound for event: minecraft:block.flowering_azalea.step
[27Sep2026 08:50:21.086] [Render thread/WARN] [net.minecraft.client.sounds.SoundEngine/]: Missing sound for event: minecraft:entity.fox.aggro
[27Sep2026 08:50:21.086] [Render thread/WARN] [net.minecraft.client.sounds.SoundEngine/]: Missing sound for event: minecraft:entity.fox.ambient
[27Sep2026 08:50:21.086] [Render thread/WARN] [net.minecraft.client.sounds.SoundEngine/]: Missing sound for event: minecraft:entity.fox.bite
[27Sep2026 08:50:21.086] [Render thread/WARN] [net.minecraft.client.sounds.SoundEngine/]: Missing sound for event: minecraft:entity.fox.death
[27Sep2026 08:50:21.086] [Render thread/WARN] [net.minecraft.client.sounds.SoundEngine/]: Missing sound for event: minecraft:entity.fox.eat
[27Sep2026 08:50:21.086] [Render thread/WARN] [net.minecraft.client.sounds.SoundEngine/]: Missing sound for event: minecraft:entity.fox.hurt
[27Sep2026 08:50:21.086] [Render thread/WARN] [net.minecraft.client.sounds.SoundEngine/]: Missing sound for event: minecraft:entity.fox.screech
[27Sep2026 08:50:21.086] [Render thread/WARN] [net.minecraft.client.sounds.SoundEngine/]: Missing sound for event: minecraft:entity.fox.sleep
[27Sep2026 08:50:21.086] [Render thread/WARN] [net.minecraft.client.sounds.SoundEngine/]: Missing sound for event: minecraft:entity.fox.sniff
[27Sep2026 08:50:21.086] [Render thread/WARN] [net.minecraft.client.sounds.SoundEngine/]: Missing sound for event: minecraft:entity.fox.spit
[27Sep2026 08:50:21.086] [Render thread/WARN] [net.minecraft.client.sounds.SoundEngine/]: Missing sound for event: minecraft:entity.fox.teleport
[27Sep2026 08:50:21.086] [Render thread/WARN] [net.minecraft.client.sounds.SoundEngine/]: Missing sound for event: minecraft:block.suspicious_sand.break
[27Sep2026 08:50:21.086] [Render thread/WARN] [net.minecraft.client.sounds.SoundEngine/]: Missing sound for event: minecraft:block.suspicious_sand.step
[27Sep2026 08:50:21.087] [Render thread/WARN] [net.minecraft.client.sounds.SoundEngine/]: Missing sound for event: minecraft:block.suspicious_sand.place
[27Sep2026 08:50:21.087] [Render thread/WARN] [net.minecraft.client.sounds.SoundEngine/]: Missing sound for event: minecraft:block.suspicious_sand.hit
[27Sep2026 08:50:21.087] [Render thread/WARN] [net.minecraft.client.sounds.SoundEngine/]: Missing sound for event: minecraft:block.suspicious_sand.fall
[27Sep2026 08:50:21.087] [Render thread/WARN] [net.minecraft.client.sounds.SoundEngine/]: Missing sound for event: minecraft:block.suspicious_gravel.break
[27Sep2026 08:50:21.087] [Render thread/WARN] [net.minecraft.client.sounds.SoundEngine/]: Missing sound for event: minecraft:block.suspicious_gravel.step
[27Sep2026 08:50:21.087] [Render thread/WARN] [net.minecraft.client.sounds.SoundEngine/]: Missing sound for event: minecraft:block.suspicious_gravel.place
[27Sep2026 08:50:21.087] [Render thread/WARN] [net.minecraft.client.sounds.SoundEngine/]: Missing sound for event: minecraft:block.suspicious_gravel.hit
[27Sep2026 08:50:21.087] [Render thread/WARN] [net.minecraft.client.sounds.SoundEngine/]: Missing sound for event: minecraft:block.suspicious_gravel.fall
[27Sep2026 08:50:21.087] [Render thread/WARN] [net.minecraft.client.sounds.SoundEngine/]: Missing sound for event: minecraft:block.froglight.break
[27Sep2026 08:50:21.087] [Render thread/WARN] [net.minecraft.client.sounds.SoundEngine/]: Missing sound for event: minecraft:block.froglight.fall
[27Sep2026 08:50:21.087] [Render thread/WARN] [net.minecraft.client.sounds.SoundEngine/]: Missing sound for event: minecraft:block.froglight.hit
[27Sep2026 08:50:21.087] [Render thread/WARN] [net.minecraft.client.sounds.SoundEngine/]: Missing sound for event: minecraft:block.froglight.place
[27Sep2026 08:50:21.087] [Render thread/WARN] [net.minecraft.client.sounds.SoundEngine/]: Missing sound for event: minecraft:block.froglight.step
[27Sep2026 08:50:21.088] [Render thread/WARN] [net.minecraft.client.sounds.SoundEngine/]: Missing sound for event: minecraft:block.frogspawn.step
[27Sep2026 08:50:21.088] [Render thread/WARN] [net.minecraft.client.sounds.SoundEngine/]: Missing sound for event: minecraft:block.frogspawn.break
[27Sep2026 08:50:21.088] [Render thread/WARN] [net.minecraft.client.sounds.SoundEngine/]: Missing sound for event: minecraft:block.frogspawn.fall
[27Sep2026 08:50:21.088] [Render thread/WARN] [net.minecraft.client.sounds.SoundEngine/]: Missing sound for event: minecraft:block.frogspawn.hatch
[27Sep2026 08:50:21.088] [Render thread/WARN] [net.minecraft.client.sounds.SoundEngine/]: Missing sound for event: minecraft:block.frogspawn.hit
[27Sep2026 08:50:21.088] [Render thread/WARN] [net.minecraft.client.sounds.SoundEngine/]: Missing sound for event: minecraft:block.frogspawn.place
[27Sep2026 08:50:21.088] [Render thread/WARN] [net.minecraft.client.sounds.SoundEngine/]: Missing sound for event: minecraft:entity.frog.ambient
[27Sep2026 08:50:21.088] [Render thread/WARN] [net.minecraft.client.sounds.SoundEngine/]: Missing sound for event: minecraft:entity.frog.death
[27Sep2026 08:50:21.088] [Render thread/WARN] [net.minecraft.client.sounds.SoundEngine/]: Missing sound for event: minecraft:entity.frog.eat
[27Sep2026 08:50:21.088] [Render thread/WARN] [net.minecraft.client.sounds.SoundEngine/]: Missing sound for event: minecraft:entity.frog.hurt
[27Sep2026 08:50:21.088] [Render thread/WARN] [net.minecraft.client.sounds.SoundEngine/]: Missing sound for event: minecraft:entity.frog.lay_spawn
[27Sep2026 08:50:21.088] [Render thread/WARN] [net.minecraft.client.sounds.SoundEngine/]: Missing sound for event: minecraft:entity.frog.long_jump
[27Sep2026 08:50:21.088] [Render thread/WARN] [net.minecraft.client.sounds.SoundEngine/]: Missing sound for event: minecraft:entity.frog.step
[27Sep2026 08:50:21.088] [Render thread/WARN] [net.minecraft.client.sounds.SoundEngine/]: Missing sound for event: minecraft:entity.frog.tongue
[27Sep2026 08:50:21.088] [Render thread/WARN] [net.minecraft.client.sounds.SoundEngine/]: Missing sound for event: minecraft:block.roots.break
[27Sep2026 08:50:21.088] [Render thread/WARN] [net.minecraft.client.sounds.SoundEngine/]: Missing sound for event: minecraft:block.roots.step
[27Sep2026 08:50:21.089] [Render thread/WARN] [net.minecraft.client.sounds.SoundEngine/]: Missing sound for event: minecraft:block.roots.place
[27Sep2026 08:50:21.089] [Render thread/WARN] [net.minecraft.client.sounds.SoundEngine/]: Missing sound for event: minecraft:block.roots.hit
[27Sep2026 08:50:21.089] [Render thread/WARN] [net.minecraft.client.sounds.SoundEngine/]: Missing sound for event: minecraft:block.roots.fall
[27Sep2026 08:50:21.089] [Render thread/WARN] [net.minecraft.client.sounds.SoundEngine/]: Missing sound for event: minecraft:block.furnace.fire_crackle
[27Sep2026 08:50:21.089] [Render thread/WARN] [net.minecraft.client.sounds.SoundEngine/]: Missing sound for event: minecraft:entity.generic.big_fall
[27Sep2026 08:50:21.089] [Render thread/WARN] [net.minecraft.client.sounds.SoundEngine/]: Missing sound for event: minecraft:entity.generic.burn
[27Sep2026 08:50:21.089] [Render thread/WARN] [net.minecraft.client.sounds.SoundEngine/]: Missing sound for event: minecraft:entity.generic.death
[27Sep2026 08:50:21.089] [Render thread/WARN] [net.minecraft.client.sounds.SoundEngine/]: Missing sound for event: minecraft:entity.generic.drink
[27Sep2026 08:50:21.089] [Render thread/WARN] [net.minecraft.client.sounds.SoundEngine/]: Missing sound for event: minecraft:entity.generic.eat
[27Sep2026 08:50:21.089] [Render thread/WARN] [net.minecraft.client.sounds.SoundEngine/]: Missing sound for event: minecraft:entity.generic.explode
[27Sep2026 08:50:21.089] [Render thread/WARN] [net.minecraft.client.sounds.SoundEngine/]: Missing sound for event: minecraft:entity.generic.extinguish_fire
[27Sep2026 08:50:21.089] [Render thread/WARN] [net.minecraft.client.sounds.SoundEngine/]: Missing sound for event: minecraft:entity.generic.hurt
[27Sep2026 08:50:21.089] [Render thread/WARN] [net.minecraft.client.sounds.SoundEngine/]: Missing sound for event: minecraft:entity.generic.small_fall
[27Sep2026 08:50:21.089] [Render thread/WARN] [net.minecraft.client.sounds.SoundEngine/]: Missing sound for event: minecraft:entity.generic.splash
[27Sep2026 08:50:21.093] [Render thread/WARN] [net.minecraft.client.sounds.SoundEngine/]: Missing sound for event: minecraft:entity.generic.swim
[27Sep2026 08:50:21.093] [Render thread/WARN] [net.minecraft.client.sounds.SoundEngine/]: Missing sound for event: minecraft:entity.ghast.ambient
[27Sep2026 08:50:21.093] [Render thread/WARN] [net.minecraft.client.sounds.SoundEngine/]: Missing sound for event: minecraft:entity.ghast.death
[27Sep2026 08:50:21.093] [Render thread/WARN] [net.minecraft.client.sounds.SoundEngine/]: Missing sound for event: minecraft:entity.ghast.hurt
[27Sep2026 08:50:21.093] [Render thread/WARN] [net.minecraft.client.sounds.SoundEngine/]: Missing sound for event: minecraft:entity.ghast.scream
[27Sep2026 08:50:21.093] [Render thread/WARN] [net.minecraft.client.sounds.SoundEngine/]: Missing sound for event: minecraft:entity.ghast.shoot
[27Sep2026 08:50:21.093] [Render thread/WARN] [net.minecraft.client.sounds.SoundEngine/]: Missing sound for event: minecraft:entity.ghast.warn
[27Sep2026 08:50:21.093] [Render thread/WARN] [net.minecraft.client.sounds.SoundEngine/]: Missing sound for event: minecraft:block.gilded_blackstone.break
[27Sep2026 08:50:21.093] [Render thread/WARN] [net.minecraft.client.sounds.SoundEngine/]: Missing sound for event: minecraft:block.gilded_blackstone.fall
[27Sep2026 08:50:21.093] [Render thread/WARN] [net.minecraft.client.sounds.SoundEngine/]: Missing sound for event: minecraft:block.gilded_blackstone.hit
[27Sep2026 08:50:21.094] [Render thread/WARN] [net.minecraft.client.sounds.SoundEngine/]: Missing sound for event: minecraft:block.gilded_blackstone.place
[27Sep2026 08:50:21.094] [Render thread/WARN] [net.minecraft.client.sounds.SoundEngine/]: Missing sound for event: minecraft:block.gilded_blackstone.step
[27Sep2026 08:50:21.094] [Render thread/WARN] [net.minecraft.client.sounds.SoundEngine/]: Missing sound for event: minecraft:block.glass.break
[27Sep2026 08:50:21.094] [Render thread/WARN] [net.minecraft.client.sounds.SoundEngine/]: Missing sound for event: minecraft:block.glass.fall
[27Sep2026 08:50:21.094] [Render thread/WARN] [net.minecraft.client.sounds.SoundEngine/]: Missing sound for event: minecraft:block.glass.hit
[27Sep2026 08:50:21.094] [Render thread/WARN] [net.minecraft.client.sounds.SoundEngine/]: Missing sound for event: minecraft:block.glass.place
[27Sep2026 08:50:21.094] [Render thread/WARN] [net.minecraft.client.sounds.SoundEngine/]: Missing sound for event: minecraft:block.glass.step
[27Sep2026 08:50:21.094] [Render thread/WARN] [net.minecraft.client.sounds.SoundEngine/]: Missing sound for event: minecraft:item.glow_ink_sac.use
[27Sep2026 08:50:21.094] [Render thread/WARN] [net.minecraft.client.sounds.SoundEngine/]: Missing sound for event: minecraft:entity.glow_item_frame.add_item
[27Sep2026 08:50:21.094] [Render thread/WARN] [net.minecraft.client.sounds.SoundEngine/]: Missing sound for event: minecraft:entity.glow_item_frame.break
[27Sep2026 08:50:21.094] [Render thread/WARN] [net.minecraft.client.sounds.SoundEngine/]: Missing sound for event: minecraft:entity.glow_item_frame.place
[27Sep2026 08:50:21.094] [Render thread/WARN] [net.minecraft.client.sounds.SoundEngine/]: Missing sound for event: minecraft:entity.glow_item_frame.remove_item
[27Sep2026 08:50:21.094] [Render thread/WARN] [net.minecraft.client.sounds.SoundEngine/]: Missing sound for event: minecraft:entity.glow_item_frame.rotate_item
[27Sep2026 08:50:21.094] [Render thread/WARN] [net.minecraft.client.sounds.SoundEngine/]: Missing sound for event: minecraft:entity.glow_squid.ambient
[27Sep2026 08:50:21.094] [Render thread/WARN] [net.minecraft.client.sounds.SoundEngine/]: Missing sound for event: minecraft:entity.glow_squid.death
[27Sep2026 08:50:21.094] [Render thread/WARN] [net.minecraft.client.sounds.SoundEngine/]: Missing sound for event: minecraft:entity.glow_squid.hurt
[27Sep2026 08:50:21.095] [Render thread/WARN] [net.minecraft.client.sounds.SoundEngine/]: Missing sound for event: minecraft:entity.glow_squid.squirt
[27Sep2026 08:50:21.095] [Render thread/WARN] [net.minecraft.client.sounds.SoundEngine/]: Missing sound for event: minecraft:entity.goat.ambient
[27Sep2026 08:50:21.095] [Render thread/WARN] [net.minecraft.client.sounds.SoundEngine/]: Missing sound for event: minecraft:entity.goat.death
[27Sep2026 08:50:21.095] [Render thread/WARN] [net.minecraft.client.sounds.SoundEngine/]: Missing sound for event: minecraft:entity.goat.eat
[27Sep2026 08:50:21.095] [Render thread/WARN] [net.minecraft.client.sounds.SoundEngine/]: Missing sound for event: minecraft:entity.goat.hurt
[27Sep2026 08:50:21.095] [Render thread/WARN] [net.minecraft.client.sounds.SoundEngine/]: Missing sound for event: minecraft:entity.goat.long_jump
[27Sep2026 08:50:21.095] [Render thread/WARN] [net.minecraft.client.sounds.SoundEngine/]: Missing sound for event: minecraft:entity.goat.milk
[27Sep2026 08:50:21.095] [Render thread/WARN] [net.minecraft.client.sounds.SoundEngine/]: Missing sound for event: minecraft:entity.goat.prepare_ram
[27Sep2026 08:50:21.095] [Render thread/WARN] [net.minecraft.client.sounds.SoundEngine/]: Missing sound for event: minecraft:entity.goat.ram_impact
[27Sep2026 08:50:21.099] [Render thread/WARN] [net.minecraft.client.sounds.SoundEngine/]: Missing sound for event: minecraft:entity.goat.horn_break
[27Sep2026 08:50:21.100] [Render thread/WARN] [net.minecraft.client.sounds.SoundEngine/]: Missing sound for event: minecraft:item.goat_horn.play
[27Sep2026 08:50:21.100] [Render thread/WARN] [net.minecraft.client.sounds.SoundEngine/]: Missing sound for event: minecraft:entity.goat.screaming.ambient
[27Sep2026 08:50:21.100] [Render thread/WARN] [net.minecraft.client.sounds.SoundEngine/]: Missing sound for event: minecraft:entity.goat.screaming.death
[27Sep2026 08:50:21.100] [Render thread/WARN] [net.minecraft.client.sounds.SoundEngine/]: Missing sound for event: minecraft:entity.goat.screaming.eat
[27Sep2026 08:50:21.100] [Render thread/WARN] [net.minecraft.client.sounds.SoundEngine/]: Missing sound for event: minecraft:entity.goat.screaming.hurt
[27Sep2026 08:50:21.100] [Render thread/WARN] [net.minecraft.client.sounds.SoundEngine/]: Missing sound for event: minecraft:entity.goat.screaming.long_jump
[27Sep2026 08:50:21.100] [Render thread/WARN] [net.minecraft.client.sounds.SoundEngine/]: Missing sound for event: minecraft:entity.goat.screaming.milk
[27Sep2026 08:50:21.100] [Render thread/WARN] [net.minecraft.client.sounds.SoundEngine/]: Missing sound for event: minecraft:entity.goat.screaming.prepare_ram
[27Sep2026 08:50:21.100] [Render thread/WARN] [net.minecraft.client.sounds.SoundEngine/]: Missing sound for event: minecraft:entity.goat.screaming.ram_impact
[27Sep2026 08:50:21.100] [Render thread/WARN] [net.minecraft.client.sounds.SoundEngine/]: Missing sound for event: minecraft:entity.goat.screaming.horn_break
[27Sep2026 08:50:21.100] [Render thread/WARN] [net.minecraft.client.sounds.SoundEngine/]: Missing sound for event: minecraft:entity.goat.step
[27Sep2026 08:50:21.100] [Render thread/WARN] [net.minecraft.client.sounds.SoundEngine/]: Missing sound for event: minecraft:block.grass.break
[27Sep2026 08:50:21.100] [Render thread/WARN] [net.minecraft.client.sounds.SoundEngine/]: Missing sound for event: minecraft:block.grass.fall
[27Sep2026 08:50:21.100] [Render thread/WARN] [net.minecraft.client.sounds.SoundEngine/]: Missing sound for event: minecraft:block.grass.hit
[27Sep2026 08:50:21.100] [Render thread/WARN] [net.minecraft.client.sounds.SoundEngine/]: Missing sound for event: minecraft:block.grass.place
[27Sep2026 08:50:21.100] [Render thread/WARN] [net.minecraft.client.sounds.SoundEngine/]: Missing sound for event: minecraft:block.grass.step
[27Sep2026 08:50:21.100] [Render thread/WARN] [net.minecraft.client.sounds.SoundEngine/]: Missing sound for event: minecraft:block.gravel.break
[27Sep2026 08:50:21.100] [Render thread/WARN] [net.minecraft.client.sounds.SoundEngine/]: Missing sound for event: minecraft:block.gravel.fall
[27Sep2026 08:50:21.101] [Render thread/WARN] [net.minecraft.client.sounds.SoundEngine/]: Missing sound for event: minecraft:block.gravel.hit
[27Sep2026 08:50:21.101] [Render thread/WARN] [net.minecraft.client.sounds.SoundEngine/]: Missing sound for event: minecraft:block.gravel.place
[27Sep2026 08:50:21.101] [Render thread/WARN] [net.minecraft.client.sounds.SoundEngine/]: Missing sound for event: minecraft:block.gravel.step
[27Sep2026 08:50:21.101] [Render thread/WARN] [net.minecraft.client.sounds.SoundEngine/]: Missing sound for event: minecraft:block.grindstone.use
[27Sep2026 08:50:21.101] [Render thread/WARN] [net.minecraft.client.sounds.SoundEngine/]: Missing sound for event: minecraft:block.growing_plant.crop
[27Sep2026 08:50:21.101] [Render thread/WARN] [net.minecraft.client.sounds.SoundEngine/]: Missing sound for event: minecraft:entity.guardian.ambient
[27Sep2026 08:50:21.101] [Render thread/WARN] [net.minecraft.client.sounds.SoundEngine/]: Missing sound for event: minecraft:entity.guardian.ambient_land
[27Sep2026 08:50:21.101] [Render thread/WARN] [net.minecraft.client.sounds.SoundEngine/]: Missing sound for event: minecraft:entity.guardian.attack
[27Sep2026 08:50:21.101] [Render thread/WARN] [net.minecraft.client.sounds.SoundEngine/]: Missing sound for event: minecraft:entity.guardian.death
[27Sep2026 08:50:21.101] [Render thread/WARN] [net.minecraft.client.sounds.SoundEngine/]: Missing sound for event: minecraft:entity.guardian.death_land
[27Sep2026 08:50:21.101] [Render thread/WARN] [net.minecraft.client.sounds.SoundEngine/]: Missing sound for event: minecraft:entity.guardian.flop
[27Sep2026 08:50:21.101] [Render thread/WARN] [net.minecraft.client.sounds.SoundEngine/]: Missing sound for event: minecraft:entity.guardian.hurt
[27Sep2026 08:50:21.101] [Render thread/WARN] [net.minecraft.client.sounds.SoundEngine/]: Missing sound for event: minecraft:entity.guardian.hurt_land
[27Sep2026 08:50:21.101] [Render thread/WARN] [net.minecraft.client.sounds.SoundEngine/]: Missing sound for event: minecraft:block.hanging_roots.break
[27Sep2026 08:50:21.101] [Render thread/WARN] [net.minecraft.client.sounds.SoundEngine/]: Missing sound for event: minecraft:block.hanging_roots.fall
[27Sep2026 08:50:21.101] [Render thread/WARN] [net.minecraft.client.sounds.SoundEngine/]: Missing sound for event: minecraft:block.hanging_roots.hit
[27Sep2026 08:50:21.102] [Render thread/WARN] [net.minecraft.client.sounds.SoundEngine/]: Missing sound for event: minecraft:block.hanging_roots.place
[27Sep2026 08:50:21.102] [Render thread/WARN] [net.minecraft.client.sounds.SoundEngine/]: Missing sound for event: minecraft:block.hanging_roots.step
[27Sep2026 08:50:21.102] [Render thread/WARN] [net.minecraft.client.sounds.SoundEngine/]: Missing sound for event: minecraft:block.hanging_sign.step
[27Sep2026 08:50:21.102] [Render thread/WARN] [net.minecraft.client.sounds.SoundEngine/]: Missing sound for event: minecraft:block.hanging_sign.break
[27Sep2026 08:50:21.102] [Render thread/WARN] [net.minecraft.client.sounds.SoundEngine/]: Missing sound for event: minecraft:block.hanging_sign.fall
[27Sep2026 08:50:21.102] [Render thread/WARN] [net.minecraft.client.sounds.SoundEngine/]: Missing sound for event: minecraft:block.hanging_sign.hit
[27Sep2026 08:50:21.102] [Render thread/WARN] [net.minecraft.client.sounds.SoundEngine/]: Missing sound for event: minecraft:block.hanging_sign.place
[27Sep2026 08:50:21.102] [Render thread/WARN] [net.minecraft.client.sounds.SoundEngine/]: Missing sound for event: minecraft:block.heavy_core.break
[27Sep2026 08:50:21.102] [Render thread/WARN] [net.minecraft.client.sounds.SoundEngine/]: Missing sound for event: minecraft:block.heavy_core.fall
[27Sep2026 08:50:21.102] [Render thread/WARN] [net.minecraft.client.sounds.SoundEngine/]: Missing sound for event: minecraft:block.heavy_core.hit
[27Sep2026 08:50:21.102] [Render thread/WARN] [net.minecraft.client.sounds.SoundEngine/]: Missing sound for event: minecraft:block.heavy_core.place
[27Sep2026 08:50:21.102] [Render thread/WARN] [net.minecraft.client.sounds.SoundEngine/]: Missing sound for event: minecraft:block.heavy_core.step
[27Sep2026 08:50:21.102] [Render thread/WARN] [net.minecraft.client.sounds.SoundEngine/]: Missing sound for event: minecraft:block.nether_wood_hanging_sign.step
[27Sep2026 08:50:21.102] [Render thread/WARN] [net.minecraft.client.sounds.SoundEngine/]: Missing sound for event: minecraft:block.nether_wood_hanging_sign.break
[27Sep2026 08:50:21.102] [Render thread/WARN] [net.minecraft.client.sounds.SoundEngine/]: Missing sound for event: minecraft:block.nether_wood_hanging_sign.fall
[27Sep2026 08:50:21.103] [Render thread/WARN] [net.minecraft.client.sounds.SoundEngine/]: Missing sound for event: minecraft:block.nether_wood_hanging_sign.hit
[27Sep2026 08:50:21.103] [Render thread/WARN] [net.minecraft.client.sounds.SoundEngine/]: Missing sound for event: minecraft:block.nether_wood_hanging_sign.place
[27Sep2026 08:50:21.103] [Render thread/WARN] [net.minecraft.client.sounds.SoundEngine/]: Missing sound for event: minecraft:block.bamboo_wood_hanging_sign.step
[27Sep2026 08:50:21.103] [Render thread/WARN] [net.minecraft.client.sounds.SoundEngine/]: Missing sound for event: minecraft:block.bamboo_wood_hanging_sign.break
[27Sep2026 08:50:21.103] [Render thread/WARN] [net.minecraft.client.sounds.SoundEngine/]: Missing sound for event: minecraft:block.bamboo_wood_hanging_sign.fall
[27Sep2026 08:50:21.103] [Render thread/WARN] [net.minecraft.client.sounds.SoundEngine/]: Missing sound for event: minecraft:block.bamboo_wood_hanging_sign.hit
[27Sep2026 08:50:21.103] [Render thread/WARN] [net.minecraft.client.sounds.SoundEngine/]: Missing sound for event: minecraft:block.bamboo_wood_hanging_sign.place
[27Sep2026 08:50:21.103] [Render thread/WARN] [net.minecraft.client.sounds.SoundEngine/]: Missing sound for event: minecraft:block.trial_spawner.break
[27Sep2026 08:50:21.103] [Render thread/WARN] [net.minecraft.client.sounds.SoundEngine/]: Missing sound for event: minecraft:block.trial_spawner.step
[27Sep2026 08:50:21.103] [Render thread/WARN] [net.minecraft.client.sounds.SoundEngine/]: Missing sound for event: minecraft:block.trial_spawner.place
[27Sep2026 08:50:21.103] [Render thread/WARN] [net.minecraft.client.sounds.SoundEngine/]: Missing sound for event: minecraft:block.trial_spawner.hit
[27Sep2026 08:50:21.103] [Render thread/WARN] [net.minecraft.client.sounds.SoundEngine/]: Missing sound for event: minecraft:block.trial_spawner.fall
[27Sep2026 08:50:21.103] [Render thread/WARN] [net.minecraft.client.sounds.SoundEngine/]: Missing sound for event: minecraft:block.trial_spawner.spawn_mob
[27Sep2026 08:50:21.103] [Render thread/WARN] [net.minecraft.client.sounds.SoundEngine/]: Missing sound for event: minecraft:block.trial_spawner.about_to_spawn_item
[27Sep2026 08:50:21.103] [Render thread/WARN] [net.minecraft.client.sounds.SoundEngine/]: Missing sound for event: minecraft:block.trial_spawner.spawn_item
[27Sep2026 08:50:21.104] [Render thread/WARN] [net.minecraft.client.sounds.SoundEngine/]: Missing sound for event: minecraft:block.trial_spawner.spawn_item_begin
[27Sep2026 08:50:21.104] [Render thread/WARN] [net.minecraft.client.sounds.SoundEngine/]: Missing sound for event: minecraft:block.trial_spawner.detect_player
[27Sep2026 08:50:21.104] [Render thread/WARN] [net.minecraft.client.sounds.SoundEngine/]: Missing sound for event: minecraft:block.trial_spawner.ominous_activate
[27Sep2026 08:50:21.104] [Render thread/WARN] [net.minecraft.client.sounds.SoundEngine/]: Missing sound for event: minecraft:block.trial_spawner.ambient
[27Sep2026 08:50:21.104] [Render thread/WARN] [net.minecraft.client.sounds.SoundEngine/]: Missing sound for event: minecraft:block.trial_spawner.ambient_ominous
[27Sep2026 08:50:21.104] [Render thread/WARN] [net.minecraft.client.sounds.SoundEngine/]: Missing sound for event: minecraft:block.trial_spawner.open_shutter
[27Sep2026 08:50:21.104] [Render thread/WARN] [net.minecraft.client.sounds.SoundEngine/]: Missing sound for event: minecraft:block.trial_spawner.close_shutter
[27Sep2026 08:50:21.104] [Render thread/WARN] [net.minecraft.client.sounds.SoundEngine/]: Missing sound for event: minecraft:block.trial_spawner.eject_item
[27Sep2026 08:50:21.104] [Render thread/WARN] [net.minecraft.client.sounds.SoundEngine/]: Missing sound for event: minecraft:item.hoe.till
[27Sep2026 08:50:21.104] [Render thread/WARN] [net.minecraft.client.sounds.SoundEngine/]: Missing sound for event: minecraft:entity.hoglin.ambient
[27Sep2026 08:50:21.104] [Render thread/WARN] [net.minecraft.client.sounds.SoundEngine/]: Missing sound for event: minecraft:entity.hoglin.angry
[27Sep2026 08:50:21.104] [Render thread/WARN] [net.minecraft.client.sounds.SoundEngine/]: Missing sound for event: minecraft:entity.hoglin.attack
[27Sep2026 08:50:21.104] [Render thread/WARN] [net.minecraft.client.sounds.SoundEngine/]: Missing sound for event: minecraft:entity.hoglin.converted_to_zombified
[27Sep2026 08:50:21.104] [Render thread/WARN] [net.minecraft.client.sounds.SoundEngine/]: Missing sound for event: minecraft:entity.hoglin.death
[27Sep2026 08:50:21.105] [Render thread/WARN] [net.minecraft.client.sounds.SoundEngine/]: Missing sound for event: minecraft:entity.hoglin.hurt
[27Sep2026 08:50:21.105] [Render thread/WARN] [net.minecraft.client.sounds.SoundEngine/]: Missing sound for event: minecraft:entity.hoglin.retreat
[27Sep2026 08:50:21.105] [Render thread/WARN] [net.minecraft.client.sounds.SoundEngine/]: Missing sound for event: minecraft:entity.hoglin.step
[27Sep2026 08:50:21.105] [Render thread/WARN] [net.minecraft.client.sounds.SoundEngine/]: Missing sound for event: minecraft:block.honey_block.break
[27Sep2026 08:50:21.105] [Render thread/WARN] [net.minecraft.client.sounds.SoundEngine/]: Missing sound for event: minecraft:block.honey_block.fall
[27Sep2026 08:50:21.105] [Render thread/WARN] [net.minecraft.client.sounds.SoundEngine/]: Missing sound for event: minecraft:block.honey_block.hit
[27Sep2026 08:50:21.105] [Render thread/WARN] [net.minecraft.client.sounds.SoundEngine/]: Missing sound for event: minecraft:block.honey_block.place
[27Sep2026 08:50:21.105] [Render thread/WARN] [net.minecraft.client.sounds.SoundEngine/]: Missing sound for event: minecraft:block.honey_block.slide
[27Sep2026 08:50:21.105] [Render thread/WARN] [net.minecraft.client.sounds.SoundEngine/]: Missing sound for event: minecraft:block.honey_block.step
[27Sep2026 08:50:21.105] [Render thread/WARN] [net.minecraft.client.sounds.SoundEngine/]: Missing sound for event: minecraft:item.honeycomb.wax_on
[27Sep2026 08:50:21.105] [Render thread/WARN] [net.minecraft.client.sounds.SoundEngine/]: Missing sound for event: minecraft:item.honey_bottle.drink
[27Sep2026 08:50:21.105] [Render thread/WARN] [net.minecraft.client.sounds.SoundEngine/]: Missing sound for event: minecraft:item.goat_horn.sound.0
[27Sep2026 08:50:21.105] [Render thread/WARN] [net.minecraft.client.sounds.SoundEngine/]: Missing sound for event: minecraft:item.goat_horn.sound.1
[27Sep2026 08:50:21.105] [Render thread/WARN] [net.minecraft.client.sounds.SoundEngine/]: Missing sound for event: minecraft:item.goat_horn.sound.2
[27Sep2026 08:50:21.105] [Render thread/WARN] [net.minecraft.client.sounds.SoundEngine/]: Missing sound for event: minecraft:item.goat_horn.sound.3
[27Sep2026 08:50:21.105] [Render thread/WARN] [net.minecraft.client.sounds.SoundEngine/]: Missing sound for event: minecraft:item.goat_horn.sound.4
[27Sep2026 08:50:21.105] [Render thread/WARN] [net.minecraft.client.sounds.SoundEngine/]: Missing sound for event: minecraft:item.goat_horn.sound.5
[27Sep2026 08:50:21.105] [Render thread/WARN] [net.minecraft.client.sounds.SoundEngine/]: Missing sound for event: minecraft:item.goat_horn.sound.6
[27Sep2026 08:50:21.105] [Render thread/WARN] [net.minecraft.client.sounds.SoundEngine/]: Missing sound for event: minecraft:item.goat_horn.sound.7
[27Sep2026 08:50:21.105] [Render thread/WARN] [net.minecraft.client.sounds.SoundEngine/]: Missing sound for event: minecraft:entity.horse.ambient
[27Sep2026 08:50:21.106] [Render thread/WARN] [net.minecraft.client.sounds.SoundEngine/]: Missing sound for event: minecraft:entity.horse.angry
[27Sep2026 08:50:21.106] [Render thread/WARN] [net.minecraft.client.sounds.SoundEngine/]: Missing sound for event: minecraft:entity.horse.armor
[27Sep2026 08:50:21.106] [Render thread/WARN] [net.minecraft.client.sounds.SoundEngine/]: Missing sound for event: minecraft:entity.horse.breathe
[27Sep2026 08:50:21.106] [Render thread/WARN] [net.minecraft.client.sounds.SoundEngine/]: Missing sound for event: minecraft:entity.horse.death
[27Sep2026 08:50:21.106] [Render thread/WARN] [net.minecraft.client.sounds.SoundEngine/]: Missing sound for event: minecraft:entity.horse.eat
[27Sep2026 08:50:21.106] [Render thread/WARN] [net.minecraft.client.sounds.SoundEngine/]: Missing sound for event: minecraft:entity.horse.gallop
[27Sep2026 08:50:21.106] [Render thread/WARN] [net.minecraft.client.sounds.SoundEngine/]: Missing sound for event: minecraft:entity.horse.hurt
[27Sep2026 08:50:21.106] [Render thread/WARN] [net.minecraft.client.sounds.SoundEngine/]: Missing sound for event: minecraft:entity.horse.jump
[27Sep2026 08:50:21.106] [Render thread/WARN] [net.minecraft.client.sounds.SoundEngine/]: Missing sound for event: minecraft:entity.horse.land
[27Sep2026 08:50:21.106] [Render thread/WARN] [net.minecraft.client.sounds.SoundEngine/]: Missing sound for event: minecraft:entity.horse.saddle
[27Sep2026 08:50:21.106] [Render thread/WARN] [net.minecraft.client.sounds.SoundEngine/]: Missing sound for event: minecraft:entity.horse.step
[27Sep2026 08:50:21.106] [Render thread/WARN] [net.minecraft.client.sounds.SoundEngine/]: Missing sound for event: minecraft:entity.horse.step_wood
[27Sep2026 08:50:21.106] [Render thread/WARN] [net.minecraft.client.sounds.SoundEngine/]: Missing sound for event: minecraft:entity.hostile.big_fall
[27Sep2026 08:50:21.106] [Render thread/WARN] [net.minecraft.client.sounds.SoundEngine/]: Missing sound for event: minecraft:entity.hostile.death
[27Sep2026 08:50:21.106] [Render thread/WARN] [net.minecraft.client.sounds.SoundEngine/]: Missing sound for event: minecraft:entity.hostile.hurt
[27Sep2026 08:50:21.106] [Render thread/WARN] [net.minecraft.client.sounds.SoundEngine/]: Missing sound for event: minecraft:entity.hostile.small_fall
[27Sep2026 08:50:21.106] [Render thread/WARN] [net.minecraft.client.sounds.SoundEngine/]: Missing sound for event: minecraft:entity.hostile.splash
[27Sep2026 08:50:21.106] [Render thread/WARN] [net.minecraft.client.sounds.SoundEngine/]: Missing sound for event: minecraft:entity.hostile.swim
[27Sep2026 08:50:21.106] [Render thread/WARN] [net.minecraft.client.sounds.SoundEngine/]: Missing sound for event: minecraft:entity.husk.ambient
[27Sep2026 08:50:21.106] [Render thread/WARN] [net.minecraft.client.sounds.SoundEngine/]: Missing sound for event: minecraft:entity.husk.converted_to_zombie
[27Sep2026 08:50:21.106] [Render thread/WARN] [net.minecraft.client.sounds.SoundEngine/]: Missing sound for event: minecraft:entity.husk.death
[27Sep2026 08:50:21.106] [Render thread/WARN] [net.minecraft.client.sounds.SoundEngine/]: Missing sound for event: minecraft:entity.husk.hurt
[27Sep2026 08:50:21.107] [Render thread/WARN] [net.minecraft.client.sounds.SoundEngine/]: Missing sound for event: minecraft:entity.husk.step
[27Sep2026 08:50:21.107] [Render thread/WARN] [net.minecraft.client.sounds.SoundEngine/]: Missing sound for event: minecraft:entity.illusioner.ambient
[27Sep2026 08:50:21.107] [Render thread/WARN] [net.minecraft.client.sounds.SoundEngine/]: Missing sound for event: minecraft:entity.illusioner.cast_spell
[27Sep2026 08:50:21.107] [Render thread/WARN] [net.minecraft.client.sounds.SoundEngine/]: Missing sound for event: minecraft:entity.illusioner.death
[27Sep2026 08:50:21.107] [Render thread/WARN] [net.minecraft.client.sounds.SoundEngine/]: Missing sound for event: minecraft:entity.illusioner.hurt
[27Sep2026 08:50:21.107] [Render thread/WARN] [net.minecraft.client.sounds.SoundEngine/]: Missing sound for event: minecraft:entity.illusioner.mirror_move
[27Sep2026 08:50:21.107] [Render thread/WARN] [net.minecraft.client.sounds.SoundEngine/]: Missing sound for event: minecraft:entity.illusioner.prepare_blindness
[27Sep2026 08:50:21.107] [Render thread/WARN] [net.minecraft.client.sounds.SoundEngine/]: Missing sound for event: minecraft:entity.illusioner.prepare_mirror
[27Sep2026 08:50:21.107] [Render thread/WARN] [net.minecraft.client.sounds.SoundEngine/]: Missing sound for event: minecraft:item.ink_sac.use
[27Sep2026 08:50:21.107] [Render thread/WARN] [net.minecraft.client.sounds.SoundEngine/]: Missing sound for event: minecraft:block.iron_door.close
[27Sep2026 08:50:21.107] [Render thread/WARN] [net.minecraft.client.sounds.SoundEngine/]: Missing sound for event: minecraft:block.iron_door.open
[27Sep2026 08:50:21.107] [Render thread/WARN] [net.minecraft.client.sounds.SoundEngine/]: Missing sound for event: minecraft:entity.iron_golem.attack
[27Sep2026 08:50:21.107] [Render thread/WARN] [net.minecraft.client.sounds.SoundEngine/]: Missing sound for event: minecraft:entity.iron_golem.damage
[27Sep2026 08:50:21.107] [Render thread/WARN] [net.minecraft.client.sounds.SoundEngine/]: Missing sound for event: minecraft:entity.iron_golem.death
[27Sep2026 08:50:21.107] [Render thread/WARN] [net.minecraft.client.sounds.SoundEngine/]: Missing sound for event: minecraft:entity.iron_golem.hurt
[27Sep2026 08:50:21.107] [Render thread/WARN] [net.minecraft.client.sounds.SoundEngine/]: Missing sound for event: minecraft:entity.iron_golem.repair
[27Sep2026 08:50:21.107] [Render thread/WARN] [net.minecraft.client.sounds.SoundEngine/]: Missing sound for event: minecraft:entity.iron_golem.step
[27Sep2026 08:50:21.107] [Render thread/WARN] [net.minecraft.client.sounds.SoundEngine/]: Missing sound for event: minecraft:block.iron_trapdoor.close
[27Sep2026 08:50:21.107] [Render thread/WARN] [net.minecraft.client.sounds.SoundEngine/]: Missing sound for event: minecraft:block.iron_trapdoor.open
[27Sep2026 08:50:21.107] [Render thread/WARN] [net.minecraft.client.sounds.SoundEngine/]: Missing sound for event: minecraft:entity.item_frame.add_item
[27Sep2026 08:50:21.107] [Render thread/WARN] [net.minecraft.client.sounds.SoundEngine/]: Missing sound for event: minecraft:entity.item_frame.break
[27Sep2026 08:50:21.108] [Render thread/WARN] [net.minecraft.client.sounds.SoundEngine/]: Missing sound for event: minecraft:entity.item_frame.place
[27Sep2026 08:50:21.108] [Render thread/WARN] [net.minecraft.client.sounds.SoundEngine/]: Missing sound for event: minecraft:entity.item_frame.remove_item
[27Sep2026 08:50:21.108] [Render thread/WARN] [net.minecraft.client.sounds.SoundEngine/]: Missing sound for event: minecraft:entity.item_frame.rotate_item
[27Sep2026 08:50:21.108] [Render thread/WARN] [net.minecraft.client.sounds.SoundEngine/]: Missing sound for event: minecraft:entity.item.break
[27Sep2026 08:50:21.108] [Render thread/WARN] [net.minecraft.client.sounds.SoundEngine/]: Missing sound for event: minecraft:entity.item.pickup
[27Sep2026 08:50:21.108] [Render thread/WARN] [net.minecraft.client.sounds.SoundEngine/]: Missing sound for event: minecraft:block.ladder.break
[27Sep2026 08:50:21.108] [Render thread/WARN] [net.minecraft.client.sounds.SoundEngine/]: Missing sound for event: minecraft:block.ladder.fall
[27Sep2026 08:50:21.108] [Render thread/WARN] [net.minecraft.client.sounds.SoundEngine/]: Missing sound for event: minecraft:block.ladder.hit
[27Sep2026 08:50:21.108] [Render thread/WARN] [net.minecraft.client.sounds.SoundEngine/]: Missing sound for event: minecraft:block.ladder.place
[27Sep2026 08:50:21.108] [Render thread/WARN] [net.minecraft.client.sounds.SoundEngine/]: Missing sound for event: minecraft:block.ladder.step
[27Sep2026 08:50:21.108] [Render thread/WARN] [net.minecraft.client.sounds.SoundEngine/]: Missing sound for event: minecraft:block.lantern.break
[27Sep2026 08:50:21.108] [Render thread/WARN] [net.minecraft.client.sounds.SoundEngine/]: Missing sound for event: minecraft:block.lantern.fall
[27Sep2026 08:50:21.108] [Render thread/WARN] [net.minecraft.client.sounds.SoundEngine/]: Missing sound for event: minecraft:block.lantern.hit
[27Sep2026 08:50:21.108] [Render thread/WARN] [net.minecraft.client.sounds.SoundEngine/]: Missing sound for event: minecraft:block.lantern.place
[27Sep2026 08:50:21.108] [Render thread/WARN] [net.minecraft.client.sounds.SoundEngine/]: Missing sound for event: minecraft:block.lantern.step
[27Sep2026 08:50:21.109] [Render thread/WARN] [net.minecraft.client.sounds.SoundEngine/]: Missing sound for event: minecraft:block.large_amethyst_bud.break
[27Sep2026 08:50:21.109] [Render thread/WARN] [net.minecraft.client.sounds.SoundEngine/]: Missing sound for event: minecraft:block.large_amethyst_bud.place
[27Sep2026 08:50:21.109] [Render thread/WARN] [net.minecraft.client.sounds.SoundEngine/]: Missing sound for event: minecraft:block.lava.ambient
[27Sep2026 08:50:21.109] [Render thread/WARN] [net.minecraft.client.sounds.SoundEngine/]: Missing sound for event: minecraft:block.lava.extinguish
[27Sep2026 08:50:21.109] [Render thread/WARN] [net.minecraft.client.sounds.SoundEngine/]: Missing sound for event: minecraft:block.lava.pop
[27Sep2026 08:50:21.109] [Render thread/WARN] [net.minecraft.client.sounds.SoundEngine/]: Missing sound for event: minecraft:entity.leash_knot.break
[27Sep2026 08:50:21.109] [Render thread/WARN] [net.minecraft.client.sounds.SoundEngine/]: Missing sound for event: minecraft:entity.leash_knot.place
[27Sep2026 08:50:21.109] [Render thread/WARN] [net.minecraft.client.sounds.SoundEngine/]: Missing sound for event: minecraft:block.lever.click
[27Sep2026 08:50:21.109] [Render thread/WARN] [net.minecraft.client.sounds.SoundEngine/]: Missing sound for event: minecraft:entity.lightning_bolt.impact
[27Sep2026 08:50:21.109] [Render thread/WARN] [net.minecraft.client.sounds.SoundEngine/]: Missing sound for event: minecraft:entity.lightning_bolt.thunder
[27Sep2026 08:50:21.109] [Render thread/WARN] [net.minecraft.client.sounds.SoundEngine/]: Missing sound for event: minecraft:entity.lingering_potion.throw
[27Sep2026 08:50:21.109] [Render thread/WARN] [net.minecraft.client.sounds.SoundEngine/]: Missing sound for event: minecraft:entity.llama.ambient
[27Sep2026 08:50:21.109] [Render thread/WARN] [net.minecraft.client.sounds.SoundEngine/]: Missing sound for event: minecraft:entity.llama.angry
[27Sep2026 08:50:21.109] [Render thread/WARN] [net.minecraft.client.sounds.SoundEngine/]: Missing sound for event: minecraft:entity.llama.chest
[27Sep2026 08:50:21.109] [Render thread/WARN] [net.minecraft.client.sounds.SoundEngine/]: Missing sound for event: minecraft:entity.llama.death
[27Sep2026 08:50:21.109] [Render thread/WARN] [net.minecraft.client.sounds.SoundEngine/]: Missing sound for event: minecraft:entity.llama.eat
[27Sep2026 08:50:21.110] [Render thread/WARN] [net.minecraft.client.sounds.SoundEngine/]: Missing sound for event: minecraft:entity.llama.hurt
[27Sep2026 08:50:21.110] [Render thread/WARN] [net.minecraft.client.sounds.SoundEngine/]: Missing sound for event: minecraft:entity.llama.spit
[27Sep2026 08:50:21.110] [Render thread/WARN] [net.minecraft.client.sounds.SoundEngine/]: Missing sound for event: minecraft:entity.llama.step
[27Sep2026 08:50:21.110] [Render thread/WARN] [net.minecraft.client.sounds.SoundEngine/]: Missing sound for event: minecraft:entity.llama.swag
[27Sep2026 08:50:21.110] [Render thread/WARN] [net.minecraft.client.sounds.SoundEngine/]: Missing sound for event: minecraft:entity.magma_cube.death_small
[27Sep2026 08:50:21.110] [Render thread/WARN] [net.minecraft.client.sounds.SoundEngine/]: Missing sound for event: minecraft:block.lodestone.break
[27Sep2026 08:50:21.110] [Render thread/WARN] [net.minecraft.client.sounds.SoundEngine/]: Missing sound for event: minecraft:block.lodestone.step
[27Sep2026 08:50:21.110] [Render thread/WARN] [net.minecraft.client.sounds.SoundEngine/]: Missing sound for event: minecraft:block.lodestone.place
[27Sep2026 08:50:21.110] [Render thread/WARN] [net.minecraft.client.sounds.SoundEngine/]: Missing sound for event: minecraft:block.lodestone.hit
[27Sep2026 08:50:21.110] [Render thread/WARN] [net.minecraft.client.sounds.SoundEngine/]: Missing sound for event: minecraft:block.lodestone.fall
[27Sep2026 08:50:21.110] [Render thread/WARN] [net.minecraft.client.sounds.SoundEngine/]: Missing sound for event: minecraft:item.lodestone_compass.lock
[27Sep2026 08:50:21.110] [Render thread/WARN] [net.minecraft.client.sounds.SoundEngine/]: Missing sound for event: minecraft:item.mace.smash_air
[27Sep2026 08:50:21.110] [Render thread/WARN] [net.minecraft.client.sounds.SoundEngine/]: Missing sound for event: minecraft:item.mace.smash_ground
[27Sep2026 08:50:21.110] [Render thread/WARN] [net.minecraft.client.sounds.SoundEngine/]: Missing sound for event: minecraft:item.mace.smash_ground_heavy
[27Sep2026 08:50:21.110] [Render thread/WARN] [net.minecraft.client.sounds.SoundEngine/]: Missing sound for event: minecraft:entity.magma_cube.death
[27Sep2026 08:50:21.110] [Render thread/WARN] [net.minecraft.client.sounds.SoundEngine/]: Missing sound for event: minecraft:entity.magma_cube.hurt
[27Sep2026 08:50:21.110] [Render thread/WARN] [net.minecraft.client.sounds.SoundEngine/]: Missing sound for event: minecraft:entity.magma_cube.hurt_small
[27Sep2026 08:50:21.110] [Render thread/WARN] [net.minecraft.client.sounds.SoundEngine/]: Missing sound for event: minecraft:entity.magma_cube.jump
[27Sep2026 08:50:21.110] [Render thread/WARN] [net.minecraft.client.sounds.SoundEngine/]: Missing sound for event: minecraft:entity.magma_cube.squish
[27Sep2026 08:50:21.111] [Render thread/WARN] [net.minecraft.client.sounds.SoundEngine/]: Missing sound for event: minecraft:entity.magma_cube.squish_small
[27Sep2026 08:50:21.111] [Render thread/WARN] [net.minecraft.client.sounds.SoundEngine/]: Missing sound for event: minecraft:block.mangrove_roots.break
[27Sep2026 08:50:21.111] [Render thread/WARN] [net.minecraft.client.sounds.SoundEngine/]: Missing sound for event: minecraft:block.mangrove_roots.fall
[27Sep2026 08:50:21.111] [Render thread/WARN] [net.minecraft.client.sounds.SoundEngine/]: Missing sound for event: minecraft:block.mangrove_roots.hit
[27Sep2026 08:50:21.111] [Render thread/WARN] [net.minecraft.client.sounds.SoundEngine/]: Missing sound for event: minecraft:block.mangrove_roots.place
[27Sep2026 08:50:21.111] [Render thread/WARN] [net.minecraft.client.sounds.SoundEngine/]: Missing sound for event: minecraft:block.mangrove_roots.step
[27Sep2026 08:50:21.111] [Render thread/WARN] [net.minecraft.client.sounds.SoundEngine/]: Missing sound for event: minecraft:block.medium_amethyst_bud.break
[27Sep2026 08:50:21.111] [Render thread/WARN] [net.minecraft.client.sounds.SoundEngine/]: Missing sound for event: minecraft:block.medium_amethyst_bud.place
[27Sep2026 08:50:21.111] [Render thread/WARN] [net.minecraft.client.sounds.SoundEngine/]: Missing sound for event: minecraft:block.metal.break
[27Sep2026 08:50:21.111] [Render thread/WARN] [net.minecraft.client.sounds.SoundEngine/]: Missing sound for event: minecraft:block.metal.fall
[27Sep2026 08:50:21.111] [Render thread/WARN] [net.minecraft.client.sounds.SoundEngine/]: Missing sound for event: minecraft:block.metal.hit
[27Sep2026 08:50:21.111] [Render thread/WARN] [net.minecraft.client.sounds.SoundEngine/]: Missing sound for event: minecraft:block.metal.place
[27Sep2026 08:50:21.111] [Render thread/WARN] [net.minecraft.client.sounds.SoundEngine/]: Missing sound for event: minecraft:block.metal_pressure_plate.click_off
[27Sep2026 08:50:21.111] [Render thread/WARN] [net.minecraft.client.sounds.SoundEngine/]: Missing sound for event: minecraft:block.metal_pressure_plate.click_on
[27Sep2026 08:50:21.111] [Render thread/WARN] [net.minecraft.client.sounds.SoundEngine/]: Missing sound for event: minecraft:block.metal.step
[27Sep2026 08:50:21.111] [Render thread/WARN] [net.minecraft.client.sounds.SoundEngine/]: Missing sound for event: minecraft:entity.minecart.inside.underwater
[27Sep2026 08:50:21.111] [Render thread/WARN] [net.minecraft.client.sounds.SoundEngine/]: Missing sound for event: minecraft:entity.minecart.inside
[27Sep2026 08:50:21.111] [Render thread/WARN] [net.minecraft.client.sounds.SoundEngine/]: Missing sound for event: minecraft:entity.minecart.riding
[27Sep2026 08:50:21.112] [Render thread/WARN] [net.minecraft.client.sounds.SoundEngine/]: Missing sound for event: minecraft:entity.mooshroom.convert
[27Sep2026 08:50:21.112] [Render thread/WARN] [net.minecraft.client.sounds.SoundEngine/]: Missing sound for event: minecraft:entity.mooshroom.eat
[27Sep2026 08:50:21.112] [Render thread/WARN] [net.minecraft.client.sounds.SoundEngine/]: Missing sound for event: minecraft:entity.mooshroom.milk
[27Sep2026 08:50:21.112] [Render thread/WARN] [net.minecraft.client.sounds.SoundEngine/]: Missing sound for event: minecraft:entity.mooshroom.suspicious_milk
[27Sep2026 08:50:21.112] [Render thread/WARN] [net.minecraft.client.sounds.SoundEngine/]: Missing sound for event: minecraft:entity.mooshroom.shear
[27Sep2026 08:50:21.112] [Render thread/WARN] [net.minecraft.client.sounds.SoundEngine/]: Missing sound for event: minecraft:block.moss_carpet.break
[27Sep2026 08:50:21.112] [Render thread/WARN] [net.minecraft.client.sounds.SoundEngine/]: Missing sound for event: minecraft:block.moss_carpet.fall
[27Sep2026 08:50:21.112] [Render thread/WARN] [net.minecraft.client.sounds.SoundEngine/]: Missing sound for event: minecraft:block.moss_carpet.hit
[27Sep2026 08:50:21.112] [Render thread/WARN] [net.minecraft.client.sounds.SoundEngine/]: Missing sound for event: minecraft:block.moss_carpet.place
[27Sep2026 08:50:21.112] [Render thread/WARN] [net.minecraft.client.sounds.SoundEngine/]: Missing sound for event: minecraft:block.moss_carpet.step
[27Sep2026 08:50:21.112] [Render thread/WARN] [net.minecraft.client.sounds.SoundEngine/]: Missing sound for event: minecraft:block.pink_petals.break
[27Sep2026 08:50:21.112] [Render thread/WARN] [net.minecraft.client.sounds.SoundEngine/]: Missing sound for event: minecraft:block.pink_petals.fall
[27Sep2026 08:50:21.112] [Render thread/WARN] [net.minecraft.client.sounds.SoundEngine/]: Missing sound for event: minecraft:block.pink_petals.hit
[27Sep2026 08:50:21.112] [Render thread/WARN] [net.minecraft.client.sounds.SoundEngine/]: Missing sound for event: minecraft:block.pink_petals.place
[27Sep2026 08:50:21.112] [Render thread/WARN] [net.minecraft.client.sounds.SoundEngine/]: Missing sound for event: minecraft:block.pink_petals.step
[27Sep2026 08:50:21.113] [Render thread/WARN] [net.minecraft.client.sounds.SoundEngine/]: Missing sound for event: minecraft:block.moss.break
[27Sep2026 08:50:21.113] [Render thread/WARN] [net.minecraft.client.sounds.SoundEngine/]: Missing sound for event: minecraft:block.moss.fall
[27Sep2026 08:50:21.113] [Render thread/WARN] [net.minecraft.client.sounds.SoundEngine/]: Missing sound for event: minecraft:block.moss.hit
[27Sep2026 08:50:21.113] [Render thread/WARN] [net.minecraft.client.sounds.SoundEngine/]: Missing sound for event: minecraft:block.moss.place
[27Sep2026 08:50:21.113] [Render thread/WARN] [net.minecraft.client.sounds.SoundEngine/]: Missing sound for event: minecraft:block.moss.step
[27Sep2026 08:50:21.113] [Render thread/WARN] [net.minecraft.client.sounds.SoundEngine/]: Missing sound for event: minecraft:block.mud.break
[27Sep2026 08:50:21.113] [Render thread/WARN] [net.minecraft.client.sounds.SoundEngine/]: Missing sound for event: minecraft:block.mud.fall
[27Sep2026 08:50:21.113] [Render thread/WARN] [net.minecraft.client.sounds.SoundEngine/]: Missing sound for event: minecraft:block.mud.hit
[27Sep2026 08:50:21.113] [Render thread/WARN] [net.minecraft.client.sounds.SoundEngine/]: Missing sound for event: minecraft:block.mud.place
[27Sep2026 08:50:21.113] [Render thread/WARN] [net.minecraft.client.sounds.SoundEngine/]: Missing sound for event: minecraft:block.mud.step
[27Sep2026 08:50:21.113] [Render thread/WARN] [net.minecraft.client.sounds.SoundEngine/]: Missing sound for event: minecraft:block.mud_bricks.break
[27Sep2026 08:50:21.113] [Render thread/WARN] [net.minecraft.client.sounds.SoundEngine/]: Missing sound for event: minecraft:block.mud_bricks.fall
[27Sep2026 08:50:21.113] [Render thread/WARN] [net.minecraft.client.sounds.SoundEngine/]: Missing sound for event: minecraft:block.mud_bricks.hit
[27Sep2026 08:50:21.113] [Render thread/WARN] [net.minecraft.client.sounds.SoundEngine/]: Missing sound for event: minecraft:block.mud_bricks.place
[27Sep2026 08:50:21.113] [Render thread/WARN] [net.minecraft.client.sounds.SoundEngine/]: Missing sound for event: minecraft:block.mud_bricks.step
[27Sep2026 08:50:21.113] [Render thread/WARN] [net.minecraft.client.sounds.SoundEngine/]: Missing sound for event: minecraft:block.muddy_mangrove_roots.break
[27Sep2026 08:50:21.113] [Render thread/WARN] [net.minecraft.client.sounds.SoundEngine/]: Missing sound for event: minecraft:block.muddy_mangrove_roots.fall
[27Sep2026 08:50:21.114] [Render thread/WARN] [net.minecraft.client.sounds.SoundEngine/]: Missing sound for event: minecraft:block.muddy_mangrove_roots.hit
[27Sep2026 08:50:21.114] [Render thread/WARN] [net.minecraft.client.sounds.SoundEngine/]: Missing sound for event: minecraft:block.muddy_mangrove_roots.place
[27Sep2026 08:50:21.114] [Render thread/WARN] [net.minecraft.client.sounds.SoundEngine/]: Missing sound for event: minecraft:block.muddy_mangrove_roots.step
[27Sep2026 08:50:21.114] [Render thread/WARN] [net.minecraft.client.sounds.SoundEngine/]: Missing sound for event: minecraft:entity.mule.ambient
[27Sep2026 08:50:21.114] [Render thread/WARN] [net.minecraft.client.sounds.SoundEngine/]: Missing sound for event: minecraft:entity.mule.angry
[27Sep2026 08:50:21.114] [Render thread/WARN] [net.minecraft.client.sounds.SoundEngine/]: Missing sound for event: minecraft:entity.mule.chest
[27Sep2026 08:50:21.114] [Render thread/WARN] [net.minecraft.client.sounds.SoundEngine/]: Missing sound for event: minecraft:entity.mule.death
[27Sep2026 08:50:21.114] [Render thread/WARN] [net.minecraft.client.sounds.SoundEngine/]: Missing sound for event: minecraft:entity.mule.eat
[27Sep2026 08:50:21.114] [Render thread/WARN] [net.minecraft.client.sounds.SoundEngine/]: Missing sound for event: minecraft:entity.mule.hurt
[27Sep2026 08:50:21.114] [Render thread/WARN] [net.minecraft.client.sounds.SoundEngine/]: Missing sound for event: minecraft:entity.mule.jump
[27Sep2026 08:50:21.114] [Render thread/WARN] [net.minecraft.client.sounds.SoundEngine/]: Missing sound for event: minecraft:music.creative
[27Sep2026 08:50:21.114] [Render thread/WARN] [net.minecraft.client.sounds.SoundEngine/]: Missing sound for event: minecraft:music.credits
[27Sep2026 08:50:21.114] [Render thread/WARN] [net.minecraft.client.sounds.SoundEngine/]: Missing sound for event: minecraft:music_disc.5
[27Sep2026 08:50:21.114] [Render thread/WARN] [net.minecraft.client.sounds.SoundEngine/]: Missing sound for event: minecraft:music_disc.11
[27Sep2026 08:50:21.114] [Render thread/WARN] [net.minecraft.client.sounds.SoundEngine/]: Missing sound for event: minecraft:music_disc.13
[27Sep2026 08:50:21.114] [Render thread/WARN] [net.minecraft.client.sounds.SoundEngine/]: Missing sound for event: minecraft:music_disc.blocks
[27Sep2026 08:50:21.115] [Render thread/WARN] [net.minecraft.client.sounds.SoundEngine/]: Missing sound for event: minecraft:music_disc.cat
[27Sep2026 08:50:21.115] [Render thread/WARN] [net.minecraft.client.sounds.SoundEngine/]: Missing sound for event: minecraft:music_disc.chirp
[27Sep2026 08:50:21.115] [Render thread/WARN] [net.minecraft.client.sounds.SoundEngine/]: Missing sound for event: minecraft:music_disc.far
[27Sep2026 08:50:21.115] [Render thread/WARN] [net.minecraft.client.sounds.SoundEngine/]: Missing sound for event: minecraft:music_disc.mall
[27Sep2026 08:50:21.115] [Render thread/WARN] [net.minecraft.client.sounds.SoundEngine/]: Missing sound for event: minecraft:music_disc.mellohi
[27Sep2026 08:50:21.115] [Render thread/WARN] [net.minecraft.client.sounds.SoundEngine/]: Missing sound for event: minecraft:music_disc.pigstep
[27Sep2026 08:50:21.115] [Render thread/WARN] [net.minecraft.client.sounds.SoundEngine/]: Missing sound for event: minecraft:music_disc.stal
[27Sep2026 08:50:21.115] [Render thread/WARN] [net.minecraft.client.sounds.SoundEngine/]: Missing sound for event: minecraft:music_disc.strad
[27Sep2026 08:50:21.115] [Render thread/WARN] [net.minecraft.client.sounds.SoundEngine/]: Missing sound for event: minecraft:music_disc.wait
[27Sep2026 08:50:21.115] [Render thread/WARN] [net.minecraft.client.sounds.SoundEngine/]: Missing sound for event: minecraft:music_disc.ward
[27Sep2026 08:50:21.115] [Render thread/WARN] [net.minecraft.client.sounds.SoundEngine/]: Missing sound for event: minecraft:music_disc.otherside
[27Sep2026 08:50:21.115] [Render thread/WARN] [net.minecraft.client.sounds.SoundEngine/]: Missing sound for event: minecraft:music_disc.relic
[27Sep2026 08:50:21.115] [Render thread/WARN] [net.minecraft.client.sounds.SoundEngine/]: Missing sound for event: minecraft:music_disc.creator
[27Sep2026 08:50:21.115] [Render thread/WARN] [net.minecraft.client.sounds.SoundEngine/]: Missing sound for event: minecraft:music_disc.creator_music_box
[27Sep2026 08:50:21.115] [Render thread/WARN] [net.minecraft.client.sounds.SoundEngine/]: Missing sound for event: minecraft:music_disc.precipice
[27Sep2026 08:50:21.115] [Render thread/WARN] [net.minecraft.client.sounds.SoundEngine/]: Missing sound for event: minecraft:music.dragon
[27Sep2026 08:50:21.116] [Render thread/WARN] [net.minecraft.client.sounds.SoundEngine/]: Missing sound for event: minecraft:music.end
[27Sep2026 08:50:21.116] [Render thread/WARN] [net.minecraft.client.sounds.SoundEngine/]: Missing sound for event: minecraft:music.game
[27Sep2026 08:50:21.116] [Render thread/WARN] [net.minecraft.client.sounds.SoundEngine/]: Missing sound for event: minecraft:music.menu
[27Sep2026 08:50:21.116] [Render thread/WARN] [net.minecraft.client.sounds.SoundEngine/]: Missing sound for event: minecraft:music.nether.basalt_deltas
[27Sep2026 08:50:21.116] [Render thread/WARN] [net.minecraft.client.sounds.SoundEngine/]: Missing sound for event: minecraft:music.nether.crimson_forest
[27Sep2026 08:50:21.116] [Render thread/WARN] [net.minecraft.client.sounds.SoundEngine/]: Missing sound for event: minecraft:music.overworld.deep_dark
[27Sep2026 08:50:21.116] [Render thread/WARN] [net.minecraft.client.sounds.SoundEngine/]: Missing sound for event: minecraft:music.overworld.dripstone_caves
[27Sep2026 08:50:21.116] [Render thread/WARN] [net.minecraft.client.sounds.SoundEngine/]: Missing sound for event: minecraft:music.overworld.grove
[27Sep2026 08:50:21.116] [Render thread/WARN] [net.minecraft.client.sounds.SoundEngine/]: Missing sound for event: minecraft:music.overworld.jagged_peaks
[27Sep2026 08:50:21.116] [Render thread/WARN] [net.minecraft.client.sounds.SoundEngine/]: Missing sound for event: minecraft:music.overworld.lush_caves
[27Sep2026 08:50:21.116] [Render thread/WARN] [net.minecraft.client.sounds.SoundEngine/]: Missing sound for event: minecraft:music.overworld.swamp
[27Sep2026 08:50:21.116] [Render thread/WARN] [net.minecraft.client.sounds.SoundEngine/]: Missing sound for event: minecraft:music.overworld.forest
[27Sep2026 08:50:21.116] [Render thread/WARN] [net.minecraft.client.sounds.SoundEngine/]: Missing sound for event: minecraft:music.overworld.old_growth_taiga
[27Sep2026 08:50:21.116] [Render thread/WARN] [net.minecraft.client.sounds.SoundEngine/]: Missing sound for event: minecraft:music.overworld.meadow
[27Sep2026 08:50:21.116] [Render thread/WARN] [net.minecraft.client.sounds.SoundEngine/]: Missing sound for event: minecraft:music.overworld.cherry_grove
[27Sep2026 08:50:21.116] [Render thread/WARN] [net.minecraft.client.sounds.SoundEngine/]: Missing sound for event: minecraft:music.nether.nether_wastes
[27Sep2026 08:50:21.116] [Render thread/WARN] [net.minecraft.client.sounds.SoundEngine/]: Missing sound for event: minecraft:music.overworld.frozen_peaks
[27Sep2026 08:50:21.116] [Render thread/WARN] [net.minecraft.client.sounds.SoundEngine/]: Missing sound for event: minecraft:music.overworld.snowy_slopes
[27Sep2026 08:50:21.116] [Render thread/WARN] [net.minecraft.client.sounds.SoundEngine/]: Missing sound for event: minecraft:music.nether.soul_sand_valley
[27Sep2026 08:50:21.116] [Render thread/WARN] [net.minecraft.client.sounds.SoundEngine/]: Missing sound for event: minecraft:music.overworld.stony_peaks
[27Sep2026 08:50:21.116] [Render thread/WARN] [net.minecraft.client.sounds.SoundEngine/]: Missing sound for event: minecraft:music.nether.warped_forest
[27Sep2026 08:50:21.116] [Render thread/WARN] [net.minecraft.client.sounds.SoundEngine/]: Missing sound for event: minecraft:music.overworld.flower_forest
[27Sep2026 08:50:21.117] [Render thread/WARN] [net.minecraft.client.sounds.SoundEngine/]: Missing sound for event: minecraft:music.overworld.desert
[27Sep2026 08:50:21.117] [Render thread/WARN] [net.minecraft.client.sounds.SoundEngine/]: Missing sound for event: minecraft:music.overworld.badlands
[27Sep2026 08:50:21.117] [Render thread/WARN] [net.minecraft.client.sounds.SoundEngine/]: Missing sound for event: minecraft:music.overworld.jungle
[27Sep2026 08:50:21.117] [Render thread/WARN] [net.minecraft.client.sounds.SoundEngine/]: Missing sound for event: minecraft:music.overworld.sparse_jungle
[27Sep2026 08:50:21.117] [Render thread/WARN] [net.minecraft.client.sounds.SoundEngine/]: Missing sound for event: minecraft:music.overworld.bamboo_jungle
[27Sep2026 08:50:21.117] [Render thread/WARN] [net.minecraft.client.sounds.SoundEngine/]: Missing sound for event: minecraft:music.under_water
[27Sep2026 08:50:21.117] [Render thread/WARN] [net.minecraft.client.sounds.SoundEngine/]: Missing sound for event: minecraft:block.nether_bricks.break
[27Sep2026 08:50:21.117] [Render thread/WARN] [net.minecraft.client.sounds.SoundEngine/]: Missing sound for event: minecraft:block.nether_bricks.step
[27Sep2026 08:50:21.117] [Render thread/WARN] [net.minecraft.client.sounds.SoundEngine/]: Missing sound for event: minecraft:block.nether_bricks.place
[27Sep2026 08:50:21.117] [Render thread/WARN] [net.minecraft.client.sounds.SoundEngine/]: Missing sound for event: minecraft:block.nether_bricks.hit
[27Sep2026 08:50:21.117] [Render thread/WARN] [net.minecraft.client.sounds.SoundEngine/]: Missing sound for event: minecraft:block.nether_bricks.fall
[27Sep2026 08:50:21.117] [Render thread/WARN] [net.minecraft.client.sounds.SoundEngine/]: Missing sound for event: minecraft:block.nether_wart.break
[27Sep2026 08:50:21.117] [Render thread/WARN] [net.minecraft.client.sounds.SoundEngine/]: Missing sound for event: minecraft:item.nether_wart.plant
[27Sep2026 08:50:21.117] [Render thread/WARN] [net.minecraft.client.sounds.SoundEngine/]: Missing sound for event: minecraft:block.nether_wood.break
[27Sep2026 08:50:21.117] [Render thread/WARN] [net.minecraft.client.sounds.SoundEngine/]: Missing sound for event: minecraft:block.nether_wood.fall
[27Sep2026 08:50:21.117] [Render thread/WARN] [net.minecraft.client.sounds.SoundEngine/]: Missing sound for event: minecraft:block.nether_wood.hit
[27Sep2026 08:50:21.117] [Render thread/WARN] [net.minecraft.client.sounds.SoundEngine/]: Missing sound for event: minecraft:block.nether_wood.place
[27Sep2026 08:50:21.117] [Render thread/WARN] [net.minecraft.client.sounds.SoundEngine/]: Missing sound for event: minecraft:block.nether_wood.step
[27Sep2026 08:50:21.118] [Render thread/WARN] [net.minecraft.client.sounds.SoundEngine/]: Missing sound for event: minecraft:block.nether_wood_door.close
[27Sep2026 08:50:21.118] [Render thread/WARN] [net.minecraft.client.sounds.SoundEngine/]: Missing sound for event: minecraft:block.nether_wood_door.open
[27Sep2026 08:50:21.118] [Render thread/WARN] [net.minecraft.client.sounds.SoundEngine/]: Missing sound for event: minecraft:block.nether_wood_trapdoor.close
[27Sep2026 08:50:21.118] [Render thread/WARN] [net.minecraft.client.sounds.SoundEngine/]: Missing sound for event: minecraft:block.nether_wood_trapdoor.open
[27Sep2026 08:50:21.118] [Render thread/WARN] [net.minecraft.client.sounds.SoundEngine/]: Missing sound for event: minecraft:block.nether_wood_button.click_off
[27Sep2026 08:50:21.118] [Render thread/WARN] [net.minecraft.client.sounds.SoundEngine/]: Missing sound for event: minecraft:block.nether_wood_button.click_on
[27Sep2026 08:50:21.118] [Render thread/WARN] [net.minecraft.client.sounds.SoundEngine/]: Missing sound for event: minecraft:block.nether_wood_pressure_plate.click_off
[27Sep2026 08:50:21.118] [Render thread/WARN] [net.minecraft.client.sounds.SoundEngine/]: Missing sound for event: minecraft:block.nether_wood_pressure_plate.click_on
[27Sep2026 08:50:21.118] [Render thread/WARN] [net.minecraft.client.sounds.SoundEngine/]: Missing sound for event: minecraft:block.nether_wood_fence_gate.close
[27Sep2026 08:50:21.118] [Render thread/WARN] [net.minecraft.client.sounds.SoundEngine/]: Missing sound for event: minecraft:block.nether_wood_fence_gate.open
[27Sep2026 08:50:21.118] [Render thread/WARN] [net.minecraft.client.sounds.SoundEngine/]: Missing sound for event: minecraft:block.packed_mud.break
[27Sep2026 08:50:21.119] [Render thread/WARN] [net.minecraft.client.sounds.SoundEngine/]: Missing sound for event: minecraft:block.packed_mud.fall
[27Sep2026 08:50:21.119] [Render thread/WARN] [net.minecraft.client.sounds.SoundEngine/]: Missing sound for event: minecraft:block.packed_mud.hit
[27Sep2026 08:50:21.119] [Render thread/WARN] [net.minecraft.client.sounds.SoundEngine/]: Missing sound for event: minecraft:block.packed_mud.place
[27Sep2026 08:50:21.119] [Render thread/WARN] [net.minecraft.client.sounds.SoundEngine/]: Missing sound for event: minecraft:block.packed_mud.step
[27Sep2026 08:50:21.119] [Render thread/WARN] [net.minecraft.client.sounds.SoundEngine/]: Missing sound for event: minecraft:block.stem.break
[27Sep2026 08:50:21.119] [Render thread/WARN] [net.minecraft.client.sounds.SoundEngine/]: Missing sound for event: minecraft:block.stem.step
[27Sep2026 08:50:21.119] [Render thread/WARN] [net.minecraft.client.sounds.SoundEngine/]: Missing sound for event: minecraft:block.stem.place
[27Sep2026 08:50:21.119] [Render thread/WARN] [net.minecraft.client.sounds.SoundEngine/]: Missing sound for event: minecraft:block.stem.hit
[27Sep2026 08:50:21.119] [Render thread/WARN] [net.minecraft.client.sounds.SoundEngine/]: Missing sound for event: minecraft:block.stem.fall
[27Sep2026 08:50:21.119] [Render thread/WARN] [net.minecraft.client.sounds.SoundEngine/]: Missing sound for event: minecraft:block.nylium.break
[27Sep2026 08:50:21.120] [Render thread/WARN] [net.minecraft.client.sounds.SoundEngine/]: Missing sound for event: minecraft:block.nylium.step
[27Sep2026 08:50:21.120] [Render thread/WARN] [net.minecraft.client.sounds.SoundEngine/]: Missing sound for event: minecraft:block.nylium.place
[27Sep2026 08:50:21.120] [Render thread/WARN] [net.minecraft.client.sounds.SoundEngine/]: Missing sound for event: minecraft:block.nylium.hit
[27Sep2026 08:50:21.120] [Render thread/WARN] [net.minecraft.client.sounds.SoundEngine/]: Missing sound for event: minecraft:block.nylium.fall
[27Sep2026 08:50:21.120] [Render thread/WARN] [net.minecraft.client.sounds.SoundEngine/]: Missing sound for event: minecraft:block.nether_sprouts.break
[27Sep2026 08:50:21.120] [Render thread/WARN] [net.minecraft.client.sounds.SoundEngine/]: Missing sound for event: minecraft:block.nether_sprouts.step
[27Sep2026 08:50:21.120] [Render thread/WARN] [net.minecraft.client.sounds.SoundEngine/]: Missing sound for event: minecraft:block.nether_sprouts.place
[27Sep2026 08:50:21.120] [Render thread/WARN] [net.minecraft.client.sounds.SoundEngine/]: Missing sound for event: minecraft:block.nether_sprouts.hit
[27Sep2026 08:50:21.120] [Render thread/WARN] [net.minecraft.client.sounds.SoundEngine/]: Missing sound for event: minecraft:block.nether_sprouts.fall
[27Sep2026 08:50:21.120] [Render thread/WARN] [net.minecraft.client.sounds.SoundEngine/]: Missing sound for event: minecraft:block.fungus.break
[27Sep2026 08:50:21.120] [Render thread/WARN] [net.minecraft.client.sounds.SoundEngine/]: Missing sound for event: minecraft:block.fungus.step
[27Sep2026 08:50:21.120] [Render thread/WARN] [net.minecraft.client.sounds.SoundEngine/]: Missing sound for event: minecraft:block.fungus.place
[27Sep2026 08:50:21.120] [Render thread/WARN] [net.minecraft.client.sounds.SoundEngine/]: Missing sound for event: minecraft:block.fungus.hit
[27Sep2026 08:50:21.121] [Render thread/WARN] [net.minecraft.client.sounds.SoundEngine/]: Missing sound for event: minecraft:block.fungus.fall
[27Sep2026 08:50:21.121] [Render thread/WARN] [net.minecraft.client.sounds.SoundEngine/]: Missing sound for event: minecraft:block.weeping_vines.break
[27Sep2026 08:50:21.121] [Render thread/WARN] [net.minecraft.client.sounds.SoundEngine/]: Missing sound for event: minecraft:block.weeping_vines.step
[27Sep2026 08:50:21.121] [Render thread/WARN] [net.minecraft.client.sounds.SoundEngine/]: Missing sound for event: minecraft:block.weeping_vines.place
[27Sep2026 08:50:21.121] [Render thread/WARN] [net.minecraft.client.sounds.SoundEngine/]: Missing sound for event: minecraft:block.weeping_vines.hit
[27Sep2026 08:50:21.121] [Render thread/WARN] [net.minecraft.client.sounds.SoundEngine/]: Missing sound for event: minecraft:block.weeping_vines.fall
[27Sep2026 08:50:21.121] [Render thread/WARN] [net.minecraft.client.sounds.SoundEngine/]: Missing sound for event: minecraft:block.wart_block.break
[27Sep2026 08:50:21.121] [Render thread/WARN] [net.minecraft.client.sounds.SoundEngine/]: Missing sound for event: minecraft:block.wart_block.step
[27Sep2026 08:50:21.121] [Render thread/WARN] [net.minecraft.client.sounds.SoundEngine/]: Missing sound for event: minecraft:block.wart_block.place
[27Sep2026 08:50:21.121] [Render thread/WARN] [net.minecraft.client.sounds.SoundEngine/]: Missing sound for event: minecraft:block.wart_block.hit
[27Sep2026 08:50:21.121] [Render thread/WARN] [net.minecraft.client.sounds.SoundEngine/]: Missing sound for event: minecraft:block.wart_block.fall
[27Sep2026 08:50:21.121] [Render thread/WARN] [net.minecraft.client.sounds.SoundEngine/]: Missing sound for event: minecraft:block.netherite_block.break
[27Sep2026 08:50:21.121] [Render thread/WARN] [net.minecraft.client.sounds.SoundEngine/]: Missing sound for event: minecraft:block.netherite_block.step
[27Sep2026 08:50:21.121] [Render thread/WARN] [net.minecraft.client.sounds.SoundEngine/]: Missing sound for event: minecraft:block.netherite_block.place
[27Sep2026 08:50:21.121] [Render thread/WARN] [net.minecraft.client.sounds.SoundEngine/]: Missing sound for event: minecraft:block.netherite_block.hit
[27Sep2026 08:50:21.121] [Render thread/WARN] [net.minecraft.client.sounds.SoundEngine/]: Missing sound for event: minecraft:block.netherite_block.fall
[27Sep2026 08:50:21.121] [Render thread/WARN] [net.minecraft.client.sounds.SoundEngine/]: Missing sound for event: minecraft:block.netherrack.break
[27Sep2026 08:50:21.121] [Render thread/WARN] [net.minecraft.client.sounds.SoundEngine/]: Missing sound for event: minecraft:block.netherrack.step
[27Sep2026 08:50:21.122] [Render thread/WARN] [net.minecraft.client.sounds.SoundEngine/]: Missing sound for event: minecraft:block.netherrack.place
[27Sep2026 08:50:21.122] [Render thread/WARN] [net.minecraft.client.sounds.SoundEngine/]: Missing sound for event: minecraft:block.netherrack.hit
[27Sep2026 08:50:21.122] [Render thread/WARN] [net.minecraft.client.sounds.SoundEngine/]: Missing sound for event: minecraft:block.netherrack.fall
[27Sep2026 08:50:21.122] [Render thread/WARN] [net.minecraft.client.sounds.SoundEngine/]: Missing sound for event: minecraft:block.note_block.basedrum
[27Sep2026 08:50:21.122] [Render thread/WARN] [net.minecraft.client.sounds.SoundEngine/]: Missing sound for event: minecraft:block.note_block.bass
[27Sep2026 08:50:21.122] [Render thread/WARN] [net.minecraft.client.sounds.SoundEngine/]: Missing sound for event: minecraft:block.note_block.bell
[27Sep2026 08:50:21.122] [Render thread/WARN] [net.minecraft.client.sounds.SoundEngine/]: Missing sound for event: minecraft:block.note_block.chime
[27Sep2026 08:50:21.122] [Render thread/WARN] [net.minecraft.client.sounds.SoundEngine/]: Missing sound for event: minecraft:block.note_block.flute
[27Sep2026 08:50:21.122] [Render thread/WARN] [net.minecraft.client.sounds.SoundEngine/]: Missing sound for event: minecraft:block.note_block.guitar
[27Sep2026 08:50:21.122] [Render thread/WARN] [net.minecraft.client.sounds.SoundEngine/]: Missing sound for event: minecraft:block.note_block.harp
[27Sep2026 08:50:21.122] [Render thread/WARN] [net.minecraft.client.sounds.SoundEngine/]: Missing sound for event: minecraft:block.note_block.hat
[27Sep2026 08:50:21.122] [Render thread/WARN] [net.minecraft.client.sounds.SoundEngine/]: Missing sound for event: minecraft:block.note_block.pling
[27Sep2026 08:50:21.122] [Render thread/WARN] [net.minecraft.client.sounds.SoundEngine/]: Missing sound for event: minecraft:block.note_block.snare
[27Sep2026 08:50:21.122] [Render thread/WARN] [net.minecraft.client.sounds.SoundEngine/]: Missing sound for event: minecraft:block.note_block.xylophone
[27Sep2026 08:50:21.122] [Render thread/WARN] [net.minecraft.client.sounds.SoundEngine/]: Missing sound for event: minecraft:block.note_block.iron_xylophone
[27Sep2026 08:50:21.122] [Render thread/WARN] [net.minecraft.client.sounds.SoundEngine/]: Missing sound for event: minecraft:block.note_block.cow_bell
[27Sep2026 08:50:21.122] [Render thread/WARN] [net.minecraft.client.sounds.SoundEngine/]: Missing sound for event: minecraft:block.note_block.didgeridoo
[27Sep2026 08:50:21.123] [Render thread/WARN] [net.minecraft.client.sounds.SoundEngine/]: Missing sound for event: minecraft:block.note_block.bit
[27Sep2026 08:50:21.123] [Render thread/WARN] [net.minecraft.client.sounds.SoundEngine/]: Missing sound for event: minecraft:block.note_block.banjo
[27Sep2026 08:50:21.123] [Render thread/WARN] [net.minecraft.client.sounds.SoundEngine/]: Missing sound for event: minecraft:block.note_block.imitate.zombie
[27Sep2026 08:50:21.123] [Render thread/WARN] [net.minecraft.client.sounds.SoundEngine/]: Missing sound for event: minecraft:block.note_block.imitate.skeleton
[27Sep2026 08:50:21.123] [Render thread/WARN] [net.minecraft.client.sounds.SoundEngine/]: Missing sound for event: minecraft:block.note_block.imitate.creeper
[27Sep2026 08:50:21.123] [Render thread/WARN] [net.minecraft.client.sounds.SoundEngine/]: Missing sound for event: minecraft:block.note_block.imitate.ender_dragon
[27Sep2026 08:50:21.123] [Render thread/WARN] [net.minecraft.client.sounds.SoundEngine/]: Missing sound for event: minecraft:block.note_block.imitate.wither_skeleton
[27Sep2026 08:50:21.123] [Render thread/WARN] [net.minecraft.client.sounds.SoundEngine/]: Missing sound for event: minecraft:block.note_block.imitate.piglin
[27Sep2026 08:50:21.123] [Render thread/WARN] [net.minecraft.client.sounds.SoundEngine/]: Missing sound for event: minecraft:entity.ocelot.hurt
[27Sep2026 08:50:21.123] [Render thread/WARN] [net.minecraft.client.sounds.SoundEngine/]: Missing sound for event: minecraft:entity.ocelot.ambient
[27Sep2026 08:50:21.123] [Render thread/WARN] [net.minecraft.client.sounds.SoundEngine/]: Missing sound for event: minecraft:entity.ocelot.death
[27Sep2026 08:50:21.123] [Render thread/WARN] [net.minecraft.client.sounds.SoundEngine/]: Missing sound for event: minecraft:item.ominous_bottle.dispose
[27Sep2026 08:50:21.123] [Render thread/WARN] [net.minecraft.client.sounds.SoundEngine/]: Missing sound for event: minecraft:entity.painting.break
[27Sep2026 08:50:21.123] [Render thread/WARN] [net.minecraft.client.sounds.SoundEngine/]: Missing sound for event: minecraft:entity.painting.place
[27Sep2026 08:50:21.124] [Render thread/WARN] [net.minecraft.client.sounds.SoundEngine/]: Missing sound for event: minecraft:entity.panda.pre_sneeze
[27Sep2026 08:50:21.124] [Render thread/WARN] [net.minecraft.client.sounds.SoundEngine/]: Missing sound for event: minecraft:entity.panda.sneeze
[27Sep2026 08:50:21.124] [Render thread/WARN] [net.minecraft.client.sounds.SoundEngine/]: Missing sound for event: minecraft:entity.panda.ambient
[27Sep2026 08:50:21.124] [Render thread/WARN] [net.minecraft.client.sounds.SoundEngine/]: Missing sound for event: minecraft:entity.panda.death
[27Sep2026 08:50:21.124] [Render thread/WARN] [net.minecraft.client.sounds.SoundEngine/]: Missing sound for event: minecraft:entity.panda.eat
[27Sep2026 08:50:21.124] [Render thread/WARN] [net.minecraft.client.sounds.SoundEngine/]: Missing sound for event: minecraft:entity.panda.step
[27Sep2026 08:50:21.124] [Render thread/WARN] [net.minecraft.client.sounds.SoundEngine/]: Missing sound for event: minecraft:entity.panda.cant_breed
[27Sep2026 08:50:21.124] [Render thread/WARN] [net.minecraft.client.sounds.SoundEngine/]: Missing sound for event: minecraft:entity.panda.aggressive_ambient
[27Sep2026 08:50:21.124] [Render thread/WARN] [net.minecraft.client.sounds.SoundEngine/]: Missing sound for event: minecraft:entity.panda.worried_ambient
[27Sep2026 08:50:21.124] [Render thread/WARN] [net.minecraft.client.sounds.SoundEngine/]: Missing sound for event: minecraft:entity.panda.hurt
[27Sep2026 08:50:21.124] [Render thread/WARN] [net.minecraft.client.sounds.SoundEngine/]: Missing sound for event: minecraft:entity.panda.bite
[27Sep2026 08:50:21.124] [Render thread/WARN] [net.minecraft.client.sounds.SoundEngine/]: Missing sound for event: minecraft:entity.parrot.ambient
[27Sep2026 08:50:21.124] [Render thread/WARN] [net.minecraft.client.sounds.SoundEngine/]: Missing sound for event: minecraft:entity.parrot.death
[27Sep2026 08:50:21.124] [Render thread/WARN] [net.minecraft.client.sounds.SoundEngine/]: Missing sound for event: minecraft:entity.parrot.eat
[27Sep2026 08:50:21.124] [Render thread/WARN] [net.minecraft.client.sounds.SoundEngine/]: Missing sound for event: minecraft:entity.parrot.fly
[27Sep2026 08:50:21.124] [Render thread/WARN] [net.minecraft.client.sounds.SoundEngine/]: Missing sound for event: minecraft:entity.parrot.hurt
[27Sep2026 08:50:21.124] [Render thread/WARN] [net.minecraft.client.sounds.SoundEngine/]: Missing sound for event: minecraft:entity.parrot.imitate.blaze
[27Sep2026 08:50:21.125] [Render thread/WARN] [net.minecraft.client.sounds.SoundEngine/]: Missing sound for event: minecraft:entity.parrot.imitate.bogged
[27Sep2026 08:50:21.125] [Render thread/WARN] [net.minecraft.client.sounds.SoundEngine/]: Missing sound for event: minecraft:entity.parrot.imitate.breeze
[27Sep2026 08:50:21.125] [Render thread/WARN] [net.minecraft.client.sounds.SoundEngine/]: Missing sound for event: minecraft:entity.parrot.imitate.creeper
[27Sep2026 08:50:21.125] [Render thread/WARN] [net.minecraft.client.sounds.SoundEngine/]: Missing sound for event: minecraft:entity.parrot.imitate.drowned
[27Sep2026 08:50:21.125] [Render thread/WARN] [net.minecraft.client.sounds.SoundEngine/]: Missing sound for event: minecraft:entity.parrot.imitate.elder_guardian
[27Sep2026 08:50:21.125] [Render thread/WARN] [net.minecraft.client.sounds.SoundEngine/]: Missing sound for event: minecraft:entity.parrot.imitate.ender_dragon
[27Sep2026 08:50:21.125] [Render thread/WARN] [net.minecraft.client.sounds.SoundEngine/]: Missing sound for event: minecraft:entity.parrot.imitate.endermite
[27Sep2026 08:50:21.125] [Render thread/WARN] [net.minecraft.client.sounds.SoundEngine/]: Missing sound for event: minecraft:entity.parrot.imitate.evoker
[27Sep2026 08:50:21.125] [Render thread/WARN] [net.minecraft.client.sounds.SoundEngine/]: Missing sound for event: minecraft:entity.parrot.imitate.ghast
[27Sep2026 08:50:21.125] [Render thread/WARN] [net.minecraft.client.sounds.SoundEngine/]: Missing sound for event: minecraft:entity.parrot.imitate.guardian
[27Sep2026 08:50:21.125] [Render thread/WARN] [net.minecraft.client.sounds.SoundEngine/]: Missing sound for event: minecraft:entity.parrot.imitate.hoglin
[27Sep2026 08:50:21.125] [Render thread/WARN] [net.minecraft.client.sounds.SoundEngine/]: Missing sound for event: minecraft:entity.parrot.imitate.husk
[27Sep2026 08:50:21.125] [Render thread/WARN] [net.minecraft.client.sounds.SoundEngine/]: Missing sound for event: minecraft:entity.parrot.imitate.illusioner
[27Sep2026 08:50:21.125] [Render thread/WARN] [net.minecraft.client.sounds.SoundEngine/]: Missing sound for event: minecraft:entity.parrot.imitate.magma_cube
[27Sep2026 08:50:21.125] [Render thread/WARN] [net.minecraft.client.sounds.SoundEngine/]: Missing sound for event: minecraft:entity.parrot.imitate.phantom
[27Sep2026 08:50:21.126] [Render thread/WARN] [net.minecraft.client.sounds.SoundEngine/]: Missing sound for event: minecraft:entity.parrot.imitate.piglin
[27Sep2026 08:50:21.126] [Render thread/WARN] [net.minecraft.client.sounds.SoundEngine/]: Missing sound for event: minecraft:entity.parrot.imitate.piglin_brute
[27Sep2026 08:50:21.126] [Render thread/WARN] [net.minecraft.client.sounds.SoundEngine/]: Missing sound for event: minecraft:entity.parrot.imitate.pillager
[27Sep2026 08:50:21.126] [Render thread/WARN] [net.minecraft.client.sounds.SoundEngine/]: Missing sound for event: minecraft:entity.parrot.imitate.ravager
[27Sep2026 08:50:21.126] [Render thread/WARN] [net.minecraft.client.sounds.SoundEngine/]: Missing sound for event: minecraft:entity.parrot.imitate.shulker
[27Sep2026 08:50:21.126] [Render thread/WARN] [net.minecraft.client.sounds.SoundEngine/]: Missing sound for event: minecraft:entity.parrot.imitate.silverfish
[27Sep2026 08:50:21.126] [Render thread/WARN] [net.minecraft.client.sounds.SoundEngine/]: Missing sound for event: minecraft:entity.parrot.imitate.skeleton
[27Sep2026 08:50:21.126] [Render thread/WARN] [net.minecraft.client.sounds.SoundEngine/]: Missing sound for event: minecraft:entity.parrot.imitate.slime
[27Sep2026 08:50:21.126] [Render thread/WARN] [net.minecraft.client.sounds.SoundEngine/]: Missing sound for event: minecraft:entity.parrot.imitate.spider
[27Sep2026 08:50:21.126] [Render thread/WARN] [net.minecraft.client.sounds.SoundEngine/]: Missing sound for event: minecraft:entity.parrot.imitate.stray
[27Sep2026 08:50:21.126] [Render thread/WARN] [net.minecraft.client.sounds.SoundEngine/]: Missing sound for event: minecraft:entity.parrot.imitate.vex
[27Sep2026 08:50:21.126] [Render thread/WARN] [net.minecraft.client.sounds.SoundEngine/]: Missing sound for event: minecraft:entity.parrot.imitate.vindicator
[27Sep2026 08:50:21.126] [Render thread/WARN] [net.minecraft.client.sounds.SoundEngine/]: Missing sound for event: minecraft:entity.parrot.imitate.warden
[27Sep2026 08:50:21.126] [Render thread/WARN] [net.minecraft.client.sounds.SoundEngine/]: Missing sound for event: minecraft:entity.parrot.imitate.witch
[27Sep2026 08:50:21.126] [Render thread/WARN] [net.minecraft.client.sounds.SoundEngine/]: Missing sound for event: minecraft:entity.parrot.imitate.wither
[27Sep2026 08:50:21.126] [Render thread/WARN] [net.minecraft.client.sounds.SoundEngine/]: Missing sound for event: minecraft:entity.parrot.imitate.wither_skeleton
[27Sep2026 08:50:21.126] [Render thread/WARN] [net.minecraft.client.sounds.SoundEngine/]: Missing sound for event: minecraft:entity.parrot.imitate.zoglin
[27Sep2026 08:50:21.126] [Render thread/WARN] [net.minecraft.client.sounds.SoundEngine/]: Missing sound for event: minecraft:entity.parrot.imitate.zombie
[27Sep2026 08:50:21.126] [Render thread/WARN] [net.minecraft.client.sounds.SoundEngine/]: Missing sound for event: minecraft:entity.parrot.imitate.zombie_villager
[27Sep2026 08:50:21.126] [Render thread/WARN] [net.minecraft.client.sounds.SoundEngine/]: Missing sound for event: minecraft:entity.parrot.step
[27Sep2026 08:50:21.126] [Render thread/WARN] [net.minecraft.client.sounds.SoundEngine/]: Missing sound for event: minecraft:entity.phantom.ambient
[27Sep2026 08:50:21.126] [Render thread/WARN] [net.minecraft.client.sounds.SoundEngine/]: Missing sound for event: minecraft:entity.phantom.bite
[27Sep2026 08:50:21.127] [Render thread/WARN] [net.minecraft.client.sounds.SoundEngine/]: Missing sound for event: minecraft:entity.phantom.death
[27Sep2026 08:50:21.127] [Render thread/WARN] [net.minecraft.client.sounds.SoundEngine/]: Missing sound for event: minecraft:entity.phantom.flap
[27Sep2026 08:50:21.127] [Render thread/WARN] [net.minecraft.client.sounds.SoundEngine/]: Missing sound for event: minecraft:entity.phantom.hurt
[27Sep2026 08:50:21.127] [Render thread/WARN] [net.minecraft.client.sounds.SoundEngine/]: Missing sound for event: minecraft:entity.phantom.swoop
[27Sep2026 08:50:21.127] [Render thread/WARN] [net.minecraft.client.sounds.SoundEngine/]: Missing sound for event: minecraft:entity.pig.ambient
[27Sep2026 08:50:21.127] [Render thread/WARN] [net.minecraft.client.sounds.SoundEngine/]: Missing sound for event: minecraft:entity.pig.death
[27Sep2026 08:50:21.127] [Render thread/WARN] [net.minecraft.client.sounds.SoundEngine/]: Missing sound for event: minecraft:entity.pig.hurt
[27Sep2026 08:50:21.127] [Render thread/WARN] [net.minecraft.client.sounds.SoundEngine/]: Missing sound for event: minecraft:entity.pig.saddle
[27Sep2026 08:50:21.127] [Render thread/WARN] [net.minecraft.client.sounds.SoundEngine/]: Missing sound for event: minecraft:entity.pig.step
[27Sep2026 08:50:21.127] [Render thread/WARN] [net.minecraft.client.sounds.SoundEngine/]: Missing sound for event: minecraft:entity.piglin.admiring_item
[27Sep2026 08:50:21.127] [Render thread/WARN] [net.minecraft.client.sounds.SoundEngine/]: Missing sound for event: minecraft:entity.piglin.ambient
[27Sep2026 08:50:21.127] [Render thread/WARN] [net.minecraft.client.sounds.SoundEngine/]: Missing sound for event: minecraft:entity.piglin.angry
[27Sep2026 08:50:21.127] [Render thread/WARN] [net.minecraft.client.sounds.SoundEngine/]: Missing sound for event: minecraft:entity.piglin.celebrate
[27Sep2026 08:50:21.127] [Render thread/WARN] [net.minecraft.client.sounds.SoundEngine/]: Missing sound for event: minecraft:entity.piglin.death
[27Sep2026 08:50:21.127] [Render thread/WARN] [net.minecraft.client.sounds.SoundEngine/]: Missing sound for event: minecraft:entity.piglin.jealous
[27Sep2026 08:50:21.127] [Render thread/WARN] [net.minecraft.client.sounds.SoundEngine/]: Missing sound for event: minecraft:entity.piglin.hurt
[27Sep2026 08:50:21.127] [Render thread/WARN] [net.minecraft.client.sounds.SoundEngine/]: Missing sound for event: minecraft:entity.piglin.retreat
[27Sep2026 08:50:21.128] [Render thread/WARN] [net.minecraft.client.sounds.SoundEngine/]: Missing sound for event: minecraft:entity.piglin.step
[27Sep2026 08:50:21.128] [Render thread/WARN] [net.minecraft.client.sounds.SoundEngine/]: Missing sound for event: minecraft:entity.piglin.converted_to_zombified
[27Sep2026 08:50:21.128] [Render thread/WARN] [net.minecraft.client.sounds.SoundEngine/]: Missing sound for event: minecraft:entity.piglin_brute.ambient
[27Sep2026 08:50:21.128] [Render thread/WARN] [net.minecraft.client.sounds.SoundEngine/]: Missing sound for event: minecraft:entity.piglin_brute.angry
[27Sep2026 08:50:21.128] [Render thread/WARN] [net.minecraft.client.sounds.SoundEngine/]: Missing sound for event: minecraft:entity.piglin_brute.death
[27Sep2026 08:50:21.128] [Render thread/WARN] [net.minecraft.client.sounds.SoundEngine/]: Missing sound for event: minecraft:entity.piglin_brute.hurt
[27Sep2026 08:50:21.128] [Render thread/WARN] [net.minecraft.client.sounds.SoundEngine/]: Missing sound for event: minecraft:entity.piglin_brute.step
[27Sep2026 08:50:21.128] [Render thread/WARN] [net.minecraft.client.sounds.SoundEngine/]: Missing sound for event: minecraft:entity.piglin_brute.converted_to_zombified
[27Sep2026 08:50:21.128] [Render thread/WARN] [net.minecraft.client.sounds.SoundEngine/]: Missing sound for event: minecraft:entity.pillager.ambient
[27Sep2026 08:50:21.128] [Render thread/WARN] [net.minecraft.client.sounds.SoundEngine/]: Missing sound for event: minecraft:entity.pillager.celebrate
[27Sep2026 08:50:21.128] [Render thread/WARN] [net.minecraft.client.sounds.SoundEngine/]: Missing sound for event: minecraft:entity.pillager.death
[27Sep2026 08:50:21.128] [Render thread/WARN] [net.minecraft.client.sounds.SoundEngine/]: Missing sound for event: minecraft:entity.pillager.hurt
[27Sep2026 08:50:21.128] [Render thread/WARN] [net.minecraft.client.sounds.SoundEngine/]: Missing sound for event: minecraft:block.piston.contract
[27Sep2026 08:50:21.128] [Render thread/WARN] [net.minecraft.client.sounds.SoundEngine/]: Missing sound for event: minecraft:block.piston.extend
[27Sep2026 08:50:21.128] [Render thread/WARN] [net.minecraft.client.sounds.SoundEngine/]: Missing sound for event: minecraft:entity.player.attack.crit
[27Sep2026 08:50:21.128] [Render thread/WARN] [net.minecraft.client.sounds.SoundEngine/]: Missing sound for event: minecraft:entity.player.attack.knockback
[27Sep2026 08:50:21.129] [Render thread/WARN] [net.minecraft.client.sounds.SoundEngine/]: Missing sound for event: minecraft:entity.player.attack.nodamage
[27Sep2026 08:50:21.129] [Render thread/WARN] [net.minecraft.client.sounds.SoundEngine/]: Missing sound for event: minecraft:entity.player.attack.strong
[27Sep2026 08:50:21.129] [Render thread/WARN] [net.minecraft.client.sounds.SoundEngine/]: Missing sound for event: minecraft:entity.player.attack.sweep
[27Sep2026 08:50:21.129] [Render thread/WARN] [net.minecraft.client.sounds.SoundEngine/]: Missing sound for event: minecraft:entity.player.attack.weak
[27Sep2026 08:50:21.129] [Render thread/WARN] [net.minecraft.client.sounds.SoundEngine/]: Missing sound for event: minecraft:entity.player.big_fall
[27Sep2026 08:50:21.129] [Render thread/WARN] [net.minecraft.client.sounds.SoundEngine/]: Missing sound for event: minecraft:entity.player.breath
[27Sep2026 08:50:21.129] [Render thread/WARN] [net.minecraft.client.sounds.SoundEngine/]: Missing sound for event: minecraft:entity.player.burp
[27Sep2026 08:50:21.129] [Render thread/WARN] [net.minecraft.client.sounds.SoundEngine/]: Missing sound for event: minecraft:entity.player.death
[27Sep2026 08:50:21.129] [Render thread/WARN] [net.minecraft.client.sounds.SoundEngine/]: Missing sound for event: minecraft:entity.player.hurt
[27Sep2026 08:50:21.129] [Render thread/WARN] [net.minecraft.client.sounds.SoundEngine/]: Missing sound for event: minecraft:entity.player.hurt_drown
[27Sep2026 08:50:21.129] [Render thread/WARN] [net.minecraft.client.sounds.SoundEngine/]: Missing sound for event: minecraft:entity.player.hurt_freeze
[27Sep2026 08:50:21.129] [Render thread/WARN] [net.minecraft.client.sounds.SoundEngine/]: Missing sound for event: minecraft:entity.player.hurt_on_fire
[27Sep2026 08:50:21.129] [Render thread/WARN] [net.minecraft.client.sounds.SoundEngine/]: Missing sound for event: minecraft:entity.player.hurt_sweet_berry_bush
[27Sep2026 08:50:21.130] [Render thread/WARN] [net.minecraft.client.sounds.SoundEngine/]: Missing sound for event: minecraft:entity.player.levelup
[27Sep2026 08:50:21.130] [Render thread/WARN] [net.minecraft.client.sounds.SoundEngine/]: Missing sound for event: minecraft:entity.player.small_fall
[27Sep2026 08:50:21.130] [Render thread/WARN] [net.minecraft.client.sounds.SoundEngine/]: Missing sound for event: minecraft:entity.player.splash
[27Sep2026 08:50:21.130] [Render thread/WARN] [net.minecraft.client.sounds.SoundEngine/]: Missing sound for event: minecraft:entity.player.splash.high_speed
[27Sep2026 08:50:21.130] [Render thread/WARN] [net.minecraft.client.sounds.SoundEngine/]: Missing sound for event: minecraft:entity.player.swim
[27Sep2026 08:50:21.130] [Render thread/WARN] [net.minecraft.client.sounds.SoundEngine/]: Missing sound for event: minecraft:entity.player.teleport
[27Sep2026 08:50:21.130] [Render thread/WARN] [net.minecraft.client.sounds.SoundEngine/]: Missing sound for event: minecraft:entity.polar_bear.ambient
[27Sep2026 08:50:21.130] [Render thread/WARN] [net.minecraft.client.sounds.SoundEngine/]: Missing sound for event: minecraft:entity.polar_bear.ambient_baby
[27Sep2026 08:50:21.130] [Render thread/WARN] [net.minecraft.client.sounds.SoundEngine/]: Missing sound for event: minecraft:entity.polar_bear.death
[27Sep2026 08:50:21.130] [Render thread/WARN] [net.minecraft.client.sounds.SoundEngine/]: Missing sound for event: minecraft:entity.polar_bear.hurt
[27Sep2026 08:50:21.131] [Render thread/WARN] [net.minecraft.client.sounds.SoundEngine/]: Missing sound for event: minecraft:entity.polar_bear.step
[27Sep2026 08:50:21.131] [Render thread/WARN] [net.minecraft.client.sounds.SoundEngine/]: Missing sound for event: minecraft:entity.polar_bear.warning
[27Sep2026 08:50:21.131] [Render thread/WARN] [net.minecraft.client.sounds.SoundEngine/]: Missing sound for event: minecraft:block.polished_deepslate.break
[27Sep2026 08:50:21.131] [Render thread/WARN] [net.minecraft.client.sounds.SoundEngine/]: Missing sound for event: minecraft:block.polished_deepslate.fall
[27Sep2026 08:50:21.131] [Render thread/WARN] [net.minecraft.client.sounds.SoundEngine/]: Missing sound for event: minecraft:block.polished_deepslate.hit
[27Sep2026 08:50:21.131] [Render thread/WARN] [net.minecraft.client.sounds.SoundEngine/]: Missing sound for event: minecraft:block.polished_deepslate.place
[27Sep2026 08:50:21.131] [Render thread/WARN] [net.minecraft.client.sounds.SoundEngine/]: Missing sound for event: minecraft:block.polished_deepslate.step
[27Sep2026 08:50:21.131] [Render thread/WARN] [net.minecraft.client.sounds.SoundEngine/]: Missing sound for event: minecraft:block.portal.ambient
[27Sep2026 08:50:21.131] [Render thread/WARN] [net.minecraft.client.sounds.SoundEngine/]: Missing sound for event: minecraft:block.portal.travel
[27Sep2026 08:50:21.131] [Render thread/WARN] [net.minecraft.client.sounds.SoundEngine/]: Missing sound for event: minecraft:block.portal.trigger
[27Sep2026 08:50:21.131] [Render thread/WARN] [net.minecraft.client.sounds.SoundEngine/]: Missing sound for event: minecraft:block.powder_snow.break
[27Sep2026 08:50:21.131] [Render thread/WARN] [net.minecraft.client.sounds.SoundEngine/]: Missing sound for event: minecraft:block.powder_snow.fall
[27Sep2026 08:50:21.131] [Render thread/WARN] [net.minecraft.client.sounds.SoundEngine/]: Missing sound for event: minecraft:block.powder_snow.hit
[27Sep2026 08:50:21.131] [Render thread/WARN] [net.minecraft.client.sounds.SoundEngine/]: Missing sound for event: minecraft:block.powder_snow.place
[27Sep2026 08:50:21.131] [Render thread/WARN] [net.minecraft.client.sounds.SoundEngine/]: Missing sound for event: minecraft:block.powder_snow.step
[27Sep2026 08:50:21.131] [Render thread/WARN] [net.minecraft.client.sounds.SoundEngine/]: Missing sound for event: minecraft:entity.puffer_fish.ambient
[27Sep2026 08:50:21.131] [Render thread/WARN] [net.minecraft.client.sounds.SoundEngine/]: Missing sound for event: minecraft:entity.puffer_fish.blow_out
[27Sep2026 08:50:21.131] [Render thread/WARN] [net.minecraft.client.sounds.SoundEngine/]: Missing sound for event: minecraft:entity.puffer_fish.blow_up
[27Sep2026 08:50:21.132] [Render thread/WARN] [net.minecraft.client.sounds.SoundEngine/]: Missing sound for event: minecraft:entity.puffer_fish.death
[27Sep2026 08:50:21.132] [Render thread/WARN] [net.minecraft.client.sounds.SoundEngine/]: Missing sound for event: minecraft:entity.puffer_fish.flop
[27Sep2026 08:50:21.132] [Render thread/WARN] [net.minecraft.client.sounds.SoundEngine/]: Missing sound for event: minecraft:entity.puffer_fish.hurt
[27Sep2026 08:50:21.132] [Render thread/WARN] [net.minecraft.client.sounds.SoundEngine/]: Missing sound for event: minecraft:entity.puffer_fish.sting
[27Sep2026 08:50:21.132] [Render thread/WARN] [net.minecraft.client.sounds.SoundEngine/]: Missing sound for event: minecraft:block.pumpkin.carve
[27Sep2026 08:50:21.132] [Render thread/WARN] [net.minecraft.client.sounds.SoundEngine/]: Missing sound for event: minecraft:entity.rabbit.ambient
[27Sep2026 08:50:21.132] [Render thread/WARN] [net.minecraft.client.sounds.SoundEngine/]: Missing sound for event: minecraft:entity.rabbit.attack
[27Sep2026 08:50:21.132] [Render thread/WARN] [net.minecraft.client.sounds.SoundEngine/]: Missing sound for event: minecraft:entity.rabbit.death
[27Sep2026 08:50:21.132] [Render thread/WARN] [net.minecraft.client.sounds.SoundEngine/]: Missing sound for event: minecraft:entity.rabbit.hurt
[27Sep2026 08:50:21.132] [Render thread/WARN] [net.minecraft.client.sounds.SoundEngine/]: Missing sound for event: minecraft:entity.rabbit.jump
[27Sep2026 08:50:21.132] [Render thread/WARN] [net.minecraft.client.sounds.SoundEngine/]: Missing sound for event: minecraft:event.raid.horn
[27Sep2026 08:50:21.132] [Render thread/WARN] [net.minecraft.client.sounds.SoundEngine/]: Missing sound for event: minecraft:entity.ravager.ambient
[27Sep2026 08:50:21.132] [Render thread/WARN] [net.minecraft.client.sounds.SoundEngine/]: Missing sound for event: minecraft:entity.ravager.attack
[27Sep2026 08:50:21.132] [Render thread/WARN] [net.minecraft.client.sounds.SoundEngine/]: Missing sound for event: minecraft:entity.ravager.celebrate
[27Sep2026 08:50:21.132] [Render thread/WARN] [net.minecraft.client.sounds.SoundEngine/]: Missing sound for event: minecraft:entity.ravager.death
[27Sep2026 08:50:21.132] [Render thread/WARN] [net.minecraft.client.sounds.SoundEngine/]: Missing sound for event: minecraft:entity.ravager.hurt
[27Sep2026 08:50:21.132] [Render thread/WARN] [net.minecraft.client.sounds.SoundEngine/]: Missing sound for event: minecraft:entity.ravager.step
[27Sep2026 08:50:21.132] [Render thread/WARN] [net.minecraft.client.sounds.SoundEngine/]: Missing sound for event: minecraft:entity.ravager.stunned
[27Sep2026 08:50:21.132] [Render thread/WARN] [net.minecraft.client.sounds.SoundEngine/]: Missing sound for event: minecraft:entity.ravager.roar
[27Sep2026 08:50:21.133] [Render thread/WARN] [net.minecraft.client.sounds.SoundEngine/]: Missing sound for event: minecraft:block.nether_gold_ore.break
[27Sep2026 08:50:21.133] [Render thread/WARN] [net.minecraft.client.sounds.SoundEngine/]: Missing sound for event: minecraft:block.nether_gold_ore.fall
[27Sep2026 08:50:21.133] [Render thread/WARN] [net.minecraft.client.sounds.SoundEngine/]: Missing sound for event: minecraft:block.nether_gold_ore.hit
[27Sep2026 08:50:21.133] [Render thread/WARN] [net.minecraft.client.sounds.SoundEngine/]: Missing sound for event: minecraft:block.nether_gold_ore.place
[27Sep2026 08:50:21.133] [Render thread/WARN] [net.minecraft.client.sounds.SoundEngine/]: Missing sound for event: minecraft:block.nether_gold_ore.step
[27Sep2026 08:50:21.133] [Render thread/WARN] [net.minecraft.client.sounds.SoundEngine/]: Missing sound for event: minecraft:block.nether_ore.break
[27Sep2026 08:50:21.133] [Render thread/WARN] [net.minecraft.client.sounds.SoundEngine/]: Missing sound for event: minecraft:block.nether_ore.fall
[27Sep2026 08:50:21.133] [Render thread/WARN] [net.minecraft.client.sounds.SoundEngine/]: Missing sound for event: minecraft:block.nether_ore.hit
[27Sep2026 08:50:21.133] [Render thread/WARN] [net.minecraft.client.sounds.SoundEngine/]: Missing sound for event: minecraft:block.nether_ore.place
[27Sep2026 08:50:21.133] [Render thread/WARN] [net.minecraft.client.sounds.SoundEngine/]: Missing sound for event: minecraft:block.nether_ore.step
[27Sep2026 08:50:21.133] [Render thread/WARN] [net.minecraft.client.sounds.SoundEngine/]: Missing sound for event: minecraft:block.redstone_torch.burnout
[27Sep2026 08:50:21.133] [Render thread/WARN] [net.minecraft.client.sounds.SoundEngine/]: Missing sound for event: minecraft:block.respawn_anchor.ambient
[27Sep2026 08:50:21.133] [Render thread/WARN] [net.minecraft.client.sounds.SoundEngine/]: Missing sound for event: minecraft:block.respawn_anchor.charge
[27Sep2026 08:50:21.133] [Render thread/WARN] [net.minecraft.client.sounds.SoundEngine/]: Missing sound for event: minecraft:block.respawn_anchor.deplete
[27Sep2026 08:50:21.133] [Render thread/WARN] [net.minecraft.client.sounds.SoundEngine/]: Missing sound for event: minecraft:block.respawn_anchor.set_spawn
[27Sep2026 08:50:21.133] [Render thread/WARN] [net.minecraft.client.sounds.SoundEngine/]: Missing sound for event: minecraft:block.rooted_dirt.break
[27Sep2026 08:50:21.134] [Render thread/WARN] [net.minecraft.client.sounds.SoundEngine/]: Missing sound for event: minecraft:block.rooted_dirt.fall
[27Sep2026 08:50:21.134] [Render thread/WARN] [net.minecraft.client.sounds.SoundEngine/]: Missing sound for event: minecraft:block.rooted_dirt.hit
[27Sep2026 08:50:21.134] [Render thread/WARN] [net.minecraft.client.sounds.SoundEngine/]: Missing sound for event: minecraft:block.rooted_dirt.place
[27Sep2026 08:50:21.134] [Render thread/WARN] [net.minecraft.client.sounds.SoundEngine/]: Missing sound for event: minecraft:block.rooted_dirt.step
[27Sep2026 08:50:21.134] [Render thread/WARN] [net.minecraft.client.sounds.SoundEngine/]: Missing sound for event: minecraft:entity.salmon.ambient
[27Sep2026 08:50:21.134] [Render thread/WARN] [net.minecraft.client.sounds.SoundEngine/]: Missing sound for event: minecraft:entity.salmon.death
[27Sep2026 08:50:21.134] [Render thread/WARN] [net.minecraft.client.sounds.SoundEngine/]: Missing sound for event: minecraft:entity.salmon.flop
[27Sep2026 08:50:21.134] [Render thread/WARN] [net.minecraft.client.sounds.SoundEngine/]: Missing sound for event: minecraft:entity.salmon.hurt
[27Sep2026 08:50:21.134] [Render thread/WARN] [net.minecraft.client.sounds.SoundEngine/]: Missing sound for event: minecraft:block.sand.break
[27Sep2026 08:50:21.134] [Render thread/WARN] [net.minecraft.client.sounds.SoundEngine/]: Missing sound for event: minecraft:block.sand.fall
[27Sep2026 08:50:21.134] [Render thread/WARN] [net.minecraft.client.sounds.SoundEngine/]: Missing sound for event: minecraft:block.sand.hit
[27Sep2026 08:50:21.134] [Render thread/WARN] [net.minecraft.client.sounds.SoundEngine/]: Missing sound for event: minecraft:block.sand.place
[27Sep2026 08:50:21.134] [Render thread/WARN] [net.minecraft.client.sounds.SoundEngine/]: Missing sound for event: minecraft:block.sand.step
[27Sep2026 08:50:21.134] [Render thread/WARN] [net.minecraft.client.sounds.SoundEngine/]: Missing sound for event: minecraft:block.scaffolding.break
[27Sep2026 08:50:21.134] [Render thread/WARN] [net.minecraft.client.sounds.SoundEngine/]: Missing sound for event: minecraft:block.scaffolding.fall
[27Sep2026 08:50:21.134] [Render thread/WARN] [net.minecraft.client.sounds.SoundEngine/]: Missing sound for event: minecraft:block.scaffolding.hit
[27Sep2026 08:50:21.134] [Render thread/WARN] [net.minecraft.client.sounds.SoundEngine/]: Missing sound for event: minecraft:block.scaffolding.place
[27Sep2026 08:50:21.134] [Render thread/WARN] [net.minecraft.client.sounds.SoundEngine/]: Missing sound for event: minecraft:block.scaffolding.step
[27Sep2026 08:50:21.135] [Render thread/WARN] [net.minecraft.client.sounds.SoundEngine/]: Missing sound for event: minecraft:block.sculk.spread
[27Sep2026 08:50:21.135] [Render thread/WARN] [net.minecraft.client.sounds.SoundEngine/]: Missing sound for event: minecraft:block.sculk.charge
[27Sep2026 08:50:21.135] [Render thread/WARN] [net.minecraft.client.sounds.SoundEngine/]: Missing sound for event: minecraft:block.sculk.break
[27Sep2026 08:50:21.135] [Render thread/WARN] [net.minecraft.client.sounds.SoundEngine/]: Missing sound for event: minecraft:block.sculk.fall
[27Sep2026 08:50:21.135] [Render thread/WARN] [net.minecraft.client.sounds.SoundEngine/]: Missing sound for event: minecraft:block.sculk.hit
[27Sep2026 08:50:21.135] [Render thread/WARN] [net.minecraft.client.sounds.SoundEngine/]: Missing sound for event: minecraft:block.sculk.place
[27Sep2026 08:50:21.135] [Render thread/WARN] [net.minecraft.client.sounds.SoundEngine/]: Missing sound for event: minecraft:block.sculk.step
[27Sep2026 08:50:21.135] [Render thread/WARN] [net.minecraft.client.sounds.SoundEngine/]: Missing sound for event: minecraft:block.sculk_catalyst.bloom
[27Sep2026 08:50:21.135] [Render thread/WARN] [net.minecraft.client.sounds.SoundEngine/]: Missing sound for event: minecraft:block.sculk_catalyst.break
[27Sep2026 08:50:21.135] [Render thread/WARN] [net.minecraft.client.sounds.SoundEngine/]: Missing sound for event: minecraft:block.sculk_catalyst.fall
[27Sep2026 08:50:21.135] [Render thread/WARN] [net.minecraft.client.sounds.SoundEngine/]: Missing sound for event: minecraft:block.sculk_catalyst.hit
[27Sep2026 08:50:21.135] [Render thread/WARN] [net.minecraft.client.sounds.SoundEngine/]: Missing sound for event: minecraft:block.sculk_catalyst.place
[27Sep2026 08:50:21.135] [Render thread/WARN] [net.minecraft.client.sounds.SoundEngine/]: Missing sound for event: minecraft:block.sculk_catalyst.step
[27Sep2026 08:50:21.135] [Render thread/WARN] [net.minecraft.client.sounds.SoundEngine/]: Missing sound for event: minecraft:block.sculk_sensor.clicking
[27Sep2026 08:50:21.135] [Render thread/WARN] [net.minecraft.client.sounds.SoundEngine/]: Missing sound for event: minecraft:block.sculk_sensor.clicking_stop
[27Sep2026 08:50:21.135] [Render thread/WARN] [net.minecraft.client.sounds.SoundEngine/]: Missing sound for event: minecraft:block.sculk_sensor.break
[27Sep2026 08:50:21.135] [Render thread/WARN] [net.minecraft.client.sounds.SoundEngine/]: Missing sound for event: minecraft:block.sculk_sensor.fall
[27Sep2026 08:50:21.135] [Render thread/WARN] [net.minecraft.client.sounds.SoundEngine/]: Missing sound for event: minecraft:block.sculk_sensor.hit
[27Sep2026 08:50:21.135] [Render thread/WARN] [net.minecraft.client.sounds.SoundEngine/]: Missing sound for event: minecraft:block.sculk_sensor.place
[27Sep2026 08:50:21.136] [Render thread/WARN] [net.minecraft.client.sounds.SoundEngine/]: Missing sound for event: minecraft:block.sculk_sensor.step
[27Sep2026 08:50:21.136] [Render thread/WARN] [net.minecraft.client.sounds.SoundEngine/]: Missing sound for event: minecraft:block.sculk_shrieker.break
[27Sep2026 08:50:21.136] [Render thread/WARN] [net.minecraft.client.sounds.SoundEngine/]: Missing sound for event: minecraft:block.sculk_shrieker.fall
[27Sep2026 08:50:21.136] [Render thread/WARN] [net.minecraft.client.sounds.SoundEngine/]: Missing sound for event: minecraft:block.sculk_shrieker.hit
[27Sep2026 08:50:21.136] [Render thread/WARN] [net.minecraft.client.sounds.SoundEngine/]: Missing sound for event: minecraft:block.sculk_shrieker.place
[27Sep2026 08:50:21.136] [Render thread/WARN] [net.minecraft.client.sounds.SoundEngine/]: Missing sound for event: minecraft:block.sculk_shrieker.shriek
[27Sep2026 08:50:21.136] [Render thread/WARN] [net.minecraft.client.sounds.SoundEngine/]: Missing sound for event: minecraft:block.sculk_shrieker.step
[27Sep2026 08:50:21.136] [Render thread/WARN] [net.minecraft.client.sounds.SoundEngine/]: Missing sound for event: minecraft:block.sculk_vein.break
[27Sep2026 08:50:21.136] [Render thread/WARN] [net.minecraft.client.sounds.SoundEngine/]: Missing sound for event: minecraft:block.sculk_vein.fall
[27Sep2026 08:50:21.136] [Render thread/WARN] [net.minecraft.client.sounds.SoundEngine/]: Missing sound for event: minecraft:block.sculk_vein.hit
[27Sep2026 08:50:21.136] [Render thread/WARN] [net.minecraft.client.sounds.SoundEngine/]: Missing sound for event: minecraft:block.sculk_vein.place
[27Sep2026 08:50:21.136] [Render thread/WARN] [net.minecraft.client.sounds.SoundEngine/]: Missing sound for event: minecraft:block.sculk_vein.step
[27Sep2026 08:50:21.136] [Render thread/WARN] [net.minecraft.client.sounds.SoundEngine/]: Missing sound for event: minecraft:entity.sheep.ambient
[27Sep2026 08:50:21.136] [Render thread/WARN] [net.minecraft.client.sounds.SoundEngine/]: Missing sound for event: minecraft:entity.sheep.death
[27Sep2026 08:50:21.136] [Render thread/WARN] [net.minecraft.client.sounds.SoundEngine/]: Missing sound for event: minecraft:entity.sheep.hurt
[27Sep2026 08:50:21.136] [Render thread/WARN] [net.minecraft.client.sounds.SoundEngine/]: Missing sound for event: minecraft:entity.sheep.shear
[27Sep2026 08:50:21.136] [Render thread/WARN] [net.minecraft.client.sounds.SoundEngine/]: Missing sound for event: minecraft:entity.sheep.step
[27Sep2026 08:50:21.136] [Render thread/WARN] [net.minecraft.client.sounds.SoundEngine/]: Missing sound for event: minecraft:item.shield.block
[27Sep2026 08:50:21.136] [Render thread/WARN] [net.minecraft.client.sounds.SoundEngine/]: Missing sound for event: minecraft:item.shield.break
[27Sep2026 08:50:21.136] [Render thread/WARN] [net.minecraft.client.sounds.SoundEngine/]: Missing sound for event: minecraft:block.shroomlight.break
[27Sep2026 08:50:21.136] [Render thread/WARN] [net.minecraft.client.sounds.SoundEngine/]: Missing sound for event: minecraft:block.shroomlight.step
[27Sep2026 08:50:21.136] [Render thread/WARN] [net.minecraft.client.sounds.SoundEngine/]: Missing sound for event: minecraft:block.shroomlight.place
[27Sep2026 08:50:21.136] [Render thread/WARN] [net.minecraft.client.sounds.SoundEngine/]: Missing sound for event: minecraft:block.shroomlight.hit
[27Sep2026 08:50:21.137] [Render thread/WARN] [net.minecraft.client.sounds.SoundEngine/]: Missing sound for event: minecraft:block.shroomlight.fall
[27Sep2026 08:50:21.137] [Render thread/WARN] [net.minecraft.client.sounds.SoundEngine/]: Missing sound for event: minecraft:item.shovel.flatten
[27Sep2026 08:50:21.137] [Render thread/WARN] [net.minecraft.client.sounds.SoundEngine/]: Missing sound for event: minecraft:entity.shulker.ambient
[27Sep2026 08:50:21.137] [Render thread/WARN] [net.minecraft.client.sounds.SoundEngine/]: Missing sound for event: minecraft:block.shulker_box.close
[27Sep2026 08:50:21.137] [Render thread/WARN] [net.minecraft.client.sounds.SoundEngine/]: Missing sound for event: minecraft:block.shulker_box.open
[27Sep2026 08:50:21.137] [Render thread/WARN] [net.minecraft.client.sounds.SoundEngine/]: Missing sound for event: minecraft:entity.shulker_bullet.hit
[27Sep2026 08:50:21.137] [Render thread/WARN] [net.minecraft.client.sounds.SoundEngine/]: Missing sound for event: minecraft:entity.shulker_bullet.hurt
[27Sep2026 08:50:21.137] [Render thread/WARN] [net.minecraft.client.sounds.SoundEngine/]: Missing sound for event: minecraft:entity.shulker.close
[27Sep2026 08:50:21.137] [Render thread/WARN] [net.minecraft.client.sounds.SoundEngine/]: Missing sound for event: minecraft:entity.shulker.death
[27Sep2026 08:50:21.137] [Render thread/WARN] [net.minecraft.client.sounds.SoundEngine/]: Missing sound for event: minecraft:entity.shulker.hurt
[27Sep2026 08:50:21.137] [Render thread/WARN] [net.minecraft.client.sounds.SoundEngine/]: Missing sound for event: minecraft:entity.shulker.hurt_closed
[27Sep2026 08:50:21.137] [Render thread/WARN] [net.minecraft.client.sounds.SoundEngine/]: Missing sound for event: minecraft:entity.shulker.open
[27Sep2026 08:50:21.137] [Render thread/WARN] [net.minecraft.client.sounds.SoundEngine/]: Missing sound for event: minecraft:entity.shulker.shoot
[27Sep2026 08:50:21.137] [Render thread/WARN] [net.minecraft.client.sounds.SoundEngine/]: Missing sound for event: minecraft:entity.shulker.teleport
[27Sep2026 08:50:21.137] [Render thread/WARN] [net.minecraft.client.sounds.SoundEngine/]: Missing sound for event: minecraft:entity.silverfish.ambient
[27Sep2026 08:50:21.137] [Render thread/WARN] [net.minecraft.client.sounds.SoundEngine/]: Missing sound for event: minecraft:entity.silverfish.death
[27Sep2026 08:50:21.137] [Render thread/WARN] [net.minecraft.client.sounds.SoundEngine/]: Missing sound for event: minecraft:entity.silverfish.hurt
[27Sep2026 08:50:21.137] [Render thread/WARN] [net.minecraft.client.sounds.SoundEngine/]: Missing sound for event: minecraft:entity.silverfish.step
[27Sep2026 08:50:21.138] [Render thread/WARN] [net.minecraft.client.sounds.SoundEngine/]: Missing sound for event: minecraft:entity.skeleton.ambient
[27Sep2026 08:50:21.138] [Render thread/WARN] [net.minecraft.client.sounds.SoundEngine/]: Missing sound for event: minecraft:entity.skeleton.converted_to_stray
[27Sep2026 08:50:21.138] [Render thread/WARN] [net.minecraft.client.sounds.SoundEngine/]: Missing sound for event: minecraft:entity.skeleton.death
[27Sep2026 08:50:21.138] [Render thread/WARN] [net.minecraft.client.sounds.SoundEngine/]: Missing sound for event: minecraft:entity.skeleton_horse.ambient
[27Sep2026 08:50:21.138] [Render thread/WARN] [net.minecraft.client.sounds.SoundEngine/]: Missing sound for event: minecraft:entity.skeleton_horse.death
[27Sep2026 08:50:21.138] [Render thread/WARN] [net.minecraft.client.sounds.SoundEngine/]: Missing sound for event: minecraft:entity.skeleton_horse.hurt
[27Sep2026 08:50:21.138] [Render thread/WARN] [net.minecraft.client.sounds.SoundEngine/]: Missing sound for event: minecraft:entity.skeleton_horse.swim
[27Sep2026 08:50:21.138] [Render thread/WARN] [net.minecraft.client.sounds.SoundEngine/]: Missing sound for event: minecraft:entity.skeleton_horse.ambient_water
[27Sep2026 08:50:21.138] [Render thread/WARN] [net.minecraft.client.sounds.SoundEngine/]: Missing sound for event: minecraft:entity.skeleton_horse.gallop_water
[27Sep2026 08:50:21.138] [Render thread/WARN] [net.minecraft.client.sounds.SoundEngine/]: Missing sound for event: minecraft:entity.skeleton_horse.jump_water
[27Sep2026 08:50:21.138] [Render thread/WARN] [net.minecraft.client.sounds.SoundEngine/]: Missing sound for event: minecraft:entity.skeleton_horse.step_water
[27Sep2026 08:50:21.138] [Render thread/WARN] [net.minecraft.client.sounds.SoundEngine/]: Missing sound for event: minecraft:entity.skeleton.hurt
[27Sep2026 08:50:21.138] [Render thread/WARN] [net.minecraft.client.sounds.SoundEngine/]: Missing sound for event: minecraft:entity.skeleton.shoot
[27Sep2026 08:50:21.138] [Render thread/WARN] [net.minecraft.client.sounds.SoundEngine/]: Missing sound for event: minecraft:entity.skeleton.step
[27Sep2026 08:50:21.138] [Render thread/WARN] [net.minecraft.client.sounds.SoundEngine/]: Missing sound for event: minecraft:entity.slime.attack
[27Sep2026 08:50:21.138] [Render thread/WARN] [net.minecraft.client.sounds.SoundEngine/]: Missing sound for event: minecraft:entity.slime.death
[27Sep2026 08:50:21.138] [Render thread/WARN] [net.minecraft.client.sounds.SoundEngine/]: Missing sound for event: minecraft:entity.slime.hurt
[27Sep2026 08:50:21.138] [Render thread/WARN] [net.minecraft.client.sounds.SoundEngine/]: Missing sound for event: minecraft:entity.slime.jump
[27Sep2026 08:50:21.138] [Render thread/WARN] [net.minecraft.client.sounds.SoundEngine/]: Missing sound for event: minecraft:entity.slime.squish
[27Sep2026 08:50:21.138] [Render thread/WARN] [net.minecraft.client.sounds.SoundEngine/]: Missing sound for event: minecraft:block.slime_block.break
[27Sep2026 08:50:21.138] [Render thread/WARN] [net.minecraft.client.sounds.SoundEngine/]: Missing sound for event: minecraft:block.slime_block.fall
[27Sep2026 08:50:21.138] [Render thread/WARN] [net.minecraft.client.sounds.SoundEngine/]: Missing sound for event: minecraft:block.slime_block.hit
[27Sep2026 08:50:21.138] [Render thread/WARN] [net.minecraft.client.sounds.SoundEngine/]: Missing sound for event: minecraft:block.slime_block.place
[27Sep2026 08:50:21.138] [Render thread/WARN] [net.minecraft.client.sounds.SoundEngine/]: Missing sound for event: minecraft:block.slime_block.step
[27Sep2026 08:50:21.139] [Render thread/WARN] [net.minecraft.client.sounds.SoundEngine/]: Missing sound for event: minecraft:block.small_amethyst_bud.break
[27Sep2026 08:50:21.139] [Render thread/WARN] [net.minecraft.client.sounds.SoundEngine/]: Missing sound for event: minecraft:block.small_amethyst_bud.place
[27Sep2026 08:50:21.139] [Render thread/WARN] [net.minecraft.client.sounds.SoundEngine/]: Missing sound for event: minecraft:block.small_dripleaf.break
[27Sep2026 08:50:21.139] [Render thread/WARN] [net.minecraft.client.sounds.SoundEngine/]: Missing sound for event: minecraft:block.small_dripleaf.fall
[27Sep2026 08:50:21.139] [Render thread/WARN] [net.minecraft.client.sounds.SoundEngine/]: Missing sound for event: minecraft:block.small_dripleaf.hit
[27Sep2026 08:50:21.139] [Render thread/WARN] [net.minecraft.client.sounds.SoundEngine/]: Missing sound for event: minecraft:block.small_dripleaf.place
[27Sep2026 08:50:21.139] [Render thread/WARN] [net.minecraft.client.sounds.SoundEngine/]: Missing sound for event: minecraft:block.small_dripleaf.step
[27Sep2026 08:50:21.139] [Render thread/WARN] [net.minecraft.client.sounds.SoundEngine/]: Missing sound for event: minecraft:block.soul_sand.break
[27Sep2026 08:50:21.139] [Render thread/WARN] [net.minecraft.client.sounds.SoundEngine/]: Missing sound for event: minecraft:block.soul_sand.step
[27Sep2026 08:50:21.139] [Render thread/WARN] [net.minecraft.client.sounds.SoundEngine/]: Missing sound for event: minecraft:block.soul_sand.place
[27Sep2026 08:50:21.139] [Render thread/WARN] [net.minecraft.client.sounds.SoundEngine/]: Missing sound for event: minecraft:block.soul_sand.hit
[27Sep2026 08:50:21.139] [Render thread/WARN] [net.minecraft.client.sounds.SoundEngine/]: Missing sound for event: minecraft:block.soul_sand.fall
[27Sep2026 08:50:21.139] [Render thread/WARN] [net.minecraft.client.sounds.SoundEngine/]: Missing sound for event: minecraft:block.soul_soil.break
[27Sep2026 08:50:21.139] [Render thread/WARN] [net.minecraft.client.sounds.SoundEngine/]: Missing sound for event: minecraft:block.soul_soil.step
[27Sep2026 08:50:21.139] [Render thread/WARN] [net.minecraft.client.sounds.SoundEngine/]: Missing sound for event: minecraft:block.soul_soil.place
[27Sep2026 08:50:21.139] [Render thread/WARN] [net.minecraft.client.sounds.SoundEngine/]: Missing sound for event: minecraft:block.soul_soil.hit
[27Sep2026 08:50:21.139] [Render thread/WARN] [net.minecraft.client.sounds.SoundEngine/]: Missing sound for event: minecraft:block.soul_soil.fall
[27Sep2026 08:50:21.139] [Render thread/WARN] [net.minecraft.client.sounds.SoundEngine/]: Missing sound for event: minecraft:particle.soul_escape
[27Sep2026 08:50:21.139] [Render thread/WARN] [net.minecraft.client.sounds.SoundEngine/]: Missing sound for event: minecraft:block.spore_blossom.break
[27Sep2026 08:50:21.139] [Render thread/WARN] [net.minecraft.client.sounds.SoundEngine/]: Missing sound for event: minecraft:block.spore_blossom.fall
[27Sep2026 08:50:21.139] [Render thread/WARN] [net.minecraft.client.sounds.SoundEngine/]: Missing sound for event: minecraft:block.spore_blossom.hit
[27Sep2026 08:50:21.139] [Render thread/WARN] [net.minecraft.client.sounds.SoundEngine/]: Missing sound for event: minecraft:block.spore_blossom.place
[27Sep2026 08:50:21.140] [Render thread/WARN] [net.minecraft.client.sounds.SoundEngine/]: Missing sound for event: minecraft:block.spore_blossom.step
[27Sep2026 08:50:21.140] [Render thread/WARN] [net.minecraft.client.sounds.SoundEngine/]: Missing sound for event: minecraft:entity.strider.ambient
[27Sep2026 08:50:21.140] [Render thread/WARN] [net.minecraft.client.sounds.SoundEngine/]: Missing sound for event: minecraft:entity.strider.happy
[27Sep2026 08:50:21.140] [Render thread/WARN] [net.minecraft.client.sounds.SoundEngine/]: Missing sound for event: minecraft:entity.strider.retreat
[27Sep2026 08:50:21.140] [Render thread/WARN] [net.minecraft.client.sounds.SoundEngine/]: Missing sound for event: minecraft:entity.strider.death
[27Sep2026 08:50:21.140] [Render thread/WARN] [net.minecraft.client.sounds.SoundEngine/]: Missing sound for event: minecraft:entity.strider.hurt
[27Sep2026 08:50:21.140] [Render thread/WARN] [net.minecraft.client.sounds.SoundEngine/]: Missing sound for event: minecraft:entity.strider.step
[27Sep2026 08:50:21.140] [Render thread/WARN] [net.minecraft.client.sounds.SoundEngine/]: Missing sound for event: minecraft:entity.strider.step_lava
[27Sep2026 08:50:21.140] [Render thread/WARN] [net.minecraft.client.sounds.SoundEngine/]: Missing sound for event: minecraft:entity.strider.eat
[27Sep2026 08:50:21.140] [Render thread/WARN] [net.minecraft.client.sounds.SoundEngine/]: Missing sound for event: minecraft:entity.strider.saddle
[27Sep2026 08:50:21.140] [Render thread/WARN] [net.minecraft.client.sounds.SoundEngine/]: Missing sound for event: minecraft:entity.slime.death_small
[27Sep2026 08:50:21.140] [Render thread/WARN] [net.minecraft.client.sounds.SoundEngine/]: Missing sound for event: minecraft:entity.slime.hurt_small
[27Sep2026 08:50:21.140] [Render thread/WARN] [net.minecraft.client.sounds.SoundEngine/]: Missing sound for event: minecraft:entity.slime.jump_small
[27Sep2026 08:50:21.140] [Render thread/WARN] [net.minecraft.client.sounds.SoundEngine/]: Missing sound for event: minecraft:entity.slime.squish_small
[27Sep2026 08:50:21.140] [Render thread/WARN] [net.minecraft.client.sounds.SoundEngine/]: Missing sound for event: minecraft:block.smithing_table.use
[27Sep2026 08:50:21.140] [Render thread/WARN] [net.minecraft.client.sounds.SoundEngine/]: Missing sound for event: minecraft:block.smoker.smoke
[27Sep2026 08:50:21.140] [Render thread/WARN] [net.minecraft.client.sounds.SoundEngine/]: Missing sound for event: minecraft:entity.sniffer.step
[27Sep2026 08:50:21.140] [Render thread/WARN] [net.minecraft.client.sounds.SoundEngine/]: Missing sound for event: minecraft:entity.sniffer.eat
[27Sep2026 08:50:21.140] [Render thread/WARN] [net.minecraft.client.sounds.SoundEngine/]: Missing sound for event: minecraft:entity.sniffer.idle
[27Sep2026 08:50:21.141] [Render thread/WARN] [net.minecraft.client.sounds.SoundEngine/]: Missing sound for event: minecraft:entity.sniffer.hurt
[27Sep2026 08:50:21.141] [Render thread/WARN] [net.minecraft.client.sounds.SoundEngine/]: Missing sound for event: minecraft:entity.sniffer.death
[27Sep2026 08:50:21.141] [Render thread/WARN] [net.minecraft.client.sounds.SoundEngine/]: Missing sound for event: minecraft:entity.sniffer.drop_seed
[27Sep2026 08:50:21.141] [Render thread/WARN] [net.minecraft.client.sounds.SoundEngine/]: Missing sound for event: minecraft:entity.sniffer.scenting
[27Sep2026 08:50:21.141] [Render thread/WARN] [net.minecraft.client.sounds.SoundEngine/]: Missing sound for event: minecraft:entity.sniffer.sniffing
[27Sep2026 08:50:21.141] [Render thread/WARN] [net.minecraft.client.sounds.SoundEngine/]: Missing sound for event: minecraft:entity.sniffer.searching
[27Sep2026 08:50:21.141] [Render thread/WARN] [net.minecraft.client.sounds.SoundEngine/]: Missing sound for event: minecraft:entity.sniffer.digging
[27Sep2026 08:50:21.141] [Render thread/WARN] [net.minecraft.client.sounds.SoundEngine/]: Missing sound for event: minecraft:entity.sniffer.digging_stop
[27Sep2026 08:50:21.141] [Render thread/WARN] [net.minecraft.client.sounds.SoundEngine/]: Missing sound for event: minecraft:entity.sniffer.happy
[27Sep2026 08:50:21.141] [Render thread/WARN] [net.minecraft.client.sounds.SoundEngine/]: Missing sound for event: minecraft:block.sniffer_egg.plop
[27Sep2026 08:50:21.141] [Render thread/WARN] [net.minecraft.client.sounds.SoundEngine/]: Missing sound for event: minecraft:block.sniffer_egg.crack
[27Sep2026 08:50:21.141] [Render thread/WARN] [net.minecraft.client.sounds.SoundEngine/]: Missing sound for event: minecraft:block.sniffer_egg.hatch
[27Sep2026 08:50:21.141] [Render thread/WARN] [net.minecraft.client.sounds.SoundEngine/]: Missing sound for event: minecraft:entity.snowball.throw
[27Sep2026 08:50:21.141] [Render thread/WARN] [net.minecraft.client.sounds.SoundEngine/]: Missing sound for event: minecraft:block.snow.break
[27Sep2026 08:50:21.141] [Render thread/WARN] [net.minecraft.client.sounds.SoundEngine/]: Missing sound for event: minecraft:block.snow.fall
[27Sep2026 08:50:21.141] [Render thread/WARN] [net.minecraft.client.sounds.SoundEngine/]: Missing sound for event: minecraft:entity.snow_golem.ambient
[27Sep2026 08:50:21.141] [Render thread/WARN] [net.minecraft.client.sounds.SoundEngine/]: Missing sound for event: minecraft:entity.snow_golem.death
[27Sep2026 08:50:21.141] [Render thread/WARN] [net.minecraft.client.sounds.SoundEngine/]: Missing sound for event: minecraft:entity.snow_golem.hurt
[27Sep2026 08:50:21.141] [Render thread/WARN] [net.minecraft.client.sounds.SoundEngine/]: Missing sound for event: minecraft:entity.snow_golem.shoot
[27Sep2026 08:50:21.142] [Render thread/WARN] [net.minecraft.client.sounds.SoundEngine/]: Missing sound for event: minecraft:entity.snow_golem.shear
[27Sep2026 08:50:21.142] [Render thread/WARN] [net.minecraft.client.sounds.SoundEngine/]: Missing sound for event: minecraft:block.snow.hit
[27Sep2026 08:50:21.142] [Render thread/WARN] [net.minecraft.client.sounds.SoundEngine/]: Missing sound for event: minecraft:block.snow.place
[27Sep2026 08:50:21.142] [Render thread/WARN] [net.minecraft.client.sounds.SoundEngine/]: Missing sound for event: minecraft:block.snow.step
[27Sep2026 08:50:21.142] [Render thread/WARN] [net.minecraft.client.sounds.SoundEngine/]: Missing sound for event: minecraft:entity.spider.ambient
[27Sep2026 08:50:21.142] [Render thread/WARN] [net.minecraft.client.sounds.SoundEngine/]: Missing sound for event: minecraft:entity.spider.death
[27Sep2026 08:50:21.142] [Render thread/WARN] [net.minecraft.client.sounds.SoundEngine/]: Missing sound for event: minecraft:entity.spider.hurt
[27Sep2026 08:50:21.142] [Render thread/WARN] [net.minecraft.client.sounds.SoundEngine/]: Missing sound for event: minecraft:entity.spider.step
[27Sep2026 08:50:21.142] [Render thread/WARN] [net.minecraft.client.sounds.SoundEngine/]: Missing sound for event: minecraft:entity.splash_potion.break
[27Sep2026 08:50:21.142] [Render thread/WARN] [net.minecraft.client.sounds.SoundEngine/]: Missing sound for event: minecraft:entity.splash_potion.throw
[27Sep2026 08:50:21.142] [Render thread/WARN] [net.minecraft.client.sounds.SoundEngine/]: Missing sound for event: minecraft:block.sponge.break
[27Sep2026 08:50:21.142] [Render thread/WARN] [net.minecraft.client.sounds.SoundEngine/]: Missing sound for event: minecraft:block.sponge.fall
[27Sep2026 08:50:21.142] [Render thread/WARN] [net.minecraft.client.sounds.SoundEngine/]: Missing sound for event: minecraft:block.sponge.hit
[27Sep2026 08:50:21.142] [Render thread/WARN] [net.minecraft.client.sounds.SoundEngine/]: Missing sound for event: minecraft:block.sponge.place
[27Sep2026 08:50:21.142] [Render thread/WARN] [net.minecraft.client.sounds.SoundEngine/]: Missing sound for event: minecraft:block.sponge.step
[27Sep2026 08:50:21.142] [Render thread/WARN] [net.minecraft.client.sounds.SoundEngine/]: Missing sound for event: minecraft:block.sponge.absorb
[27Sep2026 08:50:21.142] [Render thread/WARN] [net.minecraft.client.sounds.SoundEngine/]: Missing sound for event: minecraft:item.spyglass.use
[27Sep2026 08:50:21.142] [Render thread/WARN] [net.minecraft.client.sounds.SoundEngine/]: Missing sound for event: minecraft:item.spyglass.stop_using
[27Sep2026 08:50:21.143] [Render thread/WARN] [net.minecraft.client.sounds.SoundEngine/]: Missing sound for event: minecraft:entity.squid.ambient
[27Sep2026 08:50:21.143] [Render thread/WARN] [net.minecraft.client.sounds.SoundEngine/]: Missing sound for event: minecraft:entity.squid.death
[27Sep2026 08:50:21.143] [Render thread/WARN] [net.minecraft.client.sounds.SoundEngine/]: Missing sound for event: minecraft:entity.squid.hurt
[27Sep2026 08:50:21.143] [Render thread/WARN] [net.minecraft.client.sounds.SoundEngine/]: Missing sound for event: minecraft:entity.squid.squirt
[27Sep2026 08:50:21.143] [Render thread/WARN] [net.minecraft.client.sounds.SoundEngine/]: Missing sound for event: minecraft:block.stone.break
[27Sep2026 08:50:21.143] [Render thread/WARN] [net.minecraft.client.sounds.SoundEngine/]: Missing sound for event: minecraft:block.stone_button.click_off
[27Sep2026 08:50:21.143] [Render thread/WARN] [net.minecraft.client.sounds.SoundEngine/]: Missing sound for event: minecraft:block.stone_button.click_on
[27Sep2026 08:50:21.143] [Render thread/WARN] [net.minecraft.client.sounds.SoundEngine/]: Missing sound for event: minecraft:block.stone.fall
[27Sep2026 08:50:21.143] [Render thread/WARN] [net.minecraft.client.sounds.SoundEngine/]: Missing sound for event: minecraft:block.stone.hit
[27Sep2026 08:50:21.143] [Render thread/WARN] [net.minecraft.client.sounds.SoundEngine/]: Missing sound for event: minecraft:block.stone.place
[27Sep2026 08:50:21.143] [Render thread/WARN] [net.minecraft.client.sounds.SoundEngine/]: Missing sound for event: minecraft:block.stone_pressure_plate.click_off
[27Sep2026 08:50:21.143] [Render thread/WARN] [net.minecraft.client.sounds.SoundEngine/]: Missing sound for event: minecraft:block.stone_pressure_plate.click_on
[27Sep2026 08:50:21.143] [Render thread/WARN] [net.minecraft.client.sounds.SoundEngine/]: Missing sound for event: minecraft:block.stone.step
[27Sep2026 08:50:21.143] [Render thread/WARN] [net.minecraft.client.sounds.SoundEngine/]: Missing sound for event: minecraft:entity.stray.ambient
[27Sep2026 08:50:21.143] [Render thread/WARN] [net.minecraft.client.sounds.SoundEngine/]: Missing sound for event: minecraft:entity.stray.death
[27Sep2026 08:50:21.143] [Render thread/WARN] [net.minecraft.client.sounds.SoundEngine/]: Missing sound for event: minecraft:entity.stray.hurt
[27Sep2026 08:50:21.143] [Render thread/WARN] [net.minecraft.client.sounds.SoundEngine/]: Missing sound for event: minecraft:entity.stray.step
[27Sep2026 08:50:21.143] [Render thread/WARN] [net.minecraft.client.sounds.SoundEngine/]: Missing sound for event: minecraft:block.sweet_berry_bush.break
[27Sep2026 08:50:21.144] [Render thread/WARN] [net.minecraft.client.sounds.SoundEngine/]: Missing sound for event: minecraft:block.sweet_berry_bush.place
[27Sep2026 08:50:21.144] [Render thread/WARN] [net.minecraft.client.sounds.SoundEngine/]: Missing sound for event: minecraft:block.sweet_berry_bush.pick_berries
[27Sep2026 08:50:21.144] [Render thread/WARN] [net.minecraft.client.sounds.SoundEngine/]: Missing sound for event: minecraft:entity.tadpole.death
[27Sep2026 08:50:21.144] [Render thread/WARN] [net.minecraft.client.sounds.SoundEngine/]: Missing sound for event: minecraft:entity.tadpole.flop
[27Sep2026 08:50:21.144] [Render thread/WARN] [net.minecraft.client.sounds.SoundEngine/]: Missing sound for event: minecraft:entity.tadpole.grow_up
[27Sep2026 08:50:21.144] [Render thread/WARN] [net.minecraft.client.sounds.SoundEngine/]: Missing sound for event: minecraft:entity.tadpole.hurt
[27Sep2026 08:50:21.144] [Render thread/WARN] [net.minecraft.client.sounds.SoundEngine/]: Missing sound for event: minecraft:enchant.thorns.hit
[27Sep2026 08:50:21.144] [Render thread/WARN] [net.minecraft.client.sounds.SoundEngine/]: Missing sound for event: minecraft:entity.tnt.primed
[27Sep2026 08:50:21.144] [Render thread/WARN] [net.minecraft.client.sounds.SoundEngine/]: Missing sound for event: minecraft:item.totem.use
[27Sep2026 08:50:21.144] [Render thread/WARN] [net.minecraft.client.sounds.SoundEngine/]: Missing sound for event: minecraft:item.trident.hit
[27Sep2026 08:50:21.144] [Render thread/WARN] [net.minecraft.client.sounds.SoundEngine/]: Missing sound for event: minecraft:item.trident.hit_ground
[27Sep2026 08:50:21.144] [Render thread/WARN] [net.minecraft.client.sounds.SoundEngine/]: Missing sound for event: minecraft:item.trident.return
[27Sep2026 08:50:21.144] [Render thread/WARN] [net.minecraft.client.sounds.SoundEngine/]: Missing sound for event: minecraft:item.trident.riptide_1
[27Sep2026 08:50:21.144] [Render thread/WARN] [net.minecraft.client.sounds.SoundEngine/]: Missing sound for event: minecraft:item.trident.riptide_2
[27Sep2026 08:50:21.144] [Render thread/WARN] [net.minecraft.client.sounds.SoundEngine/]: Missing sound for event: minecraft:item.trident.riptide_3
[27Sep2026 08:50:21.144] [Render thread/WARN] [net.minecraft.client.sounds.SoundEngine/]: Missing sound for event: minecraft:item.trident.throw
[27Sep2026 08:50:21.144] [Render thread/WARN] [net.minecraft.client.sounds.SoundEngine/]: Missing sound for event: minecraft:item.trident.thunder
[27Sep2026 08:50:21.144] [Render thread/WARN] [net.minecraft.client.sounds.SoundEngine/]: Missing sound for event: minecraft:block.tripwire.attach
[27Sep2026 08:50:21.144] [Render thread/WARN] [net.minecraft.client.sounds.SoundEngine/]: Missing sound for event: minecraft:block.tripwire.click_off
[27Sep2026 08:50:21.144] [Render thread/WARN] [net.minecraft.client.sounds.SoundEngine/]: Missing sound for event: minecraft:block.tripwire.click_on
[27Sep2026 08:50:21.145] [Render thread/WARN] [net.minecraft.client.sounds.SoundEngine/]: Missing sound for event: minecraft:block.tripwire.detach
[27Sep2026 08:50:21.145] [Render thread/WARN] [net.minecraft.client.sounds.SoundEngine/]: Missing sound for event: minecraft:entity.tropical_fish.ambient
[27Sep2026 08:50:21.145] [Render thread/WARN] [net.minecraft.client.sounds.SoundEngine/]: Missing sound for event: minecraft:entity.tropical_fish.death
[27Sep2026 08:50:21.145] [Render thread/WARN] [net.minecraft.client.sounds.SoundEngine/]: Missing sound for event: minecraft:entity.tropical_fish.flop
[27Sep2026 08:50:21.145] [Render thread/WARN] [net.minecraft.client.sounds.SoundEngine/]: Missing sound for event: minecraft:entity.tropical_fish.hurt
[27Sep2026 08:50:21.145] [Render thread/WARN] [net.minecraft.client.sounds.SoundEngine/]: Missing sound for event: minecraft:block.tuff.break
[27Sep2026 08:50:21.145] [Render thread/WARN] [net.minecraft.client.sounds.SoundEngine/]: Missing sound for event: minecraft:block.tuff.step
[27Sep2026 08:50:21.145] [Render thread/WARN] [net.minecraft.client.sounds.SoundEngine/]: Missing sound for event: minecraft:block.tuff.place
[27Sep2026 08:50:21.145] [Render thread/WARN] [net.minecraft.client.sounds.SoundEngine/]: Missing sound for event: minecraft:block.tuff.hit
[27Sep2026 08:50:21.145] [Render thread/WARN] [net.minecraft.client.sounds.SoundEngine/]: Missing sound for event: minecraft:block.tuff.fall
[27Sep2026 08:50:21.145] [Render thread/WARN] [net.minecraft.client.sounds.SoundEngine/]: Missing sound for event: minecraft:block.tuff_bricks.break
[27Sep2026 08:50:21.145] [Render thread/WARN] [net.minecraft.client.sounds.SoundEngine/]: Missing sound for event: minecraft:block.tuff_bricks.fall
[27Sep2026 08:50:21.145] [Render thread/WARN] [net.minecraft.client.sounds.SoundEngine/]: Missing sound for event: minecraft:block.tuff_bricks.hit
[27Sep2026 08:50:21.145] [Render thread/WARN] [net.minecraft.client.sounds.SoundEngine/]: Missing sound for event: minecraft:block.tuff_bricks.place
[27Sep2026 08:50:21.145] [Render thread/WARN] [net.minecraft.client.sounds.SoundEngine/]: Missing sound for event: minecraft:block.tuff_bricks.step
[27Sep2026 08:50:21.145] [Render thread/WARN] [net.minecraft.client.sounds.SoundEngine/]: Missing sound for event: minecraft:block.polished_tuff.break
[27Sep2026 08:50:21.145] [Render thread/WARN] [net.minecraft.client.sounds.SoundEngine/]: Missing sound for event: minecraft:block.polished_tuff.fall
[27Sep2026 08:50:21.145] [Render thread/WARN] [net.minecraft.client.sounds.SoundEngine/]: Missing sound for event: minecraft:block.polished_tuff.hit
[27Sep2026 08:50:21.145] [Render thread/WARN] [net.minecraft.client.sounds.SoundEngine/]: Missing sound for event: minecraft:block.polished_tuff.place
[27Sep2026 08:50:21.145] [Render thread/WARN] [net.minecraft.client.sounds.SoundEngine/]: Missing sound for event: minecraft:block.polished_tuff.step
[27Sep2026 08:50:21.145] [Render thread/WARN] [net.minecraft.client.sounds.SoundEngine/]: Missing sound for event: minecraft:entity.turtle.ambient_land
[27Sep2026 08:50:21.145] [Render thread/WARN] [net.minecraft.client.sounds.SoundEngine/]: Missing sound for event: minecraft:entity.turtle.death
[27Sep2026 08:50:21.146] [Render thread/WARN] [net.minecraft.client.sounds.SoundEngine/]: Missing sound for event: minecraft:entity.turtle.death_baby
[27Sep2026 08:50:21.146] [Render thread/WARN] [net.minecraft.client.sounds.SoundEngine/]: Missing sound for event: minecraft:entity.turtle.egg_break
[27Sep2026 08:50:21.146] [Render thread/WARN] [net.minecraft.client.sounds.SoundEngine/]: Missing sound for event: minecraft:entity.turtle.egg_crack
[27Sep2026 08:50:21.146] [Render thread/WARN] [net.minecraft.client.sounds.SoundEngine/]: Missing sound for event: minecraft:entity.turtle.egg_hatch
[27Sep2026 08:50:21.146] [Render thread/WARN] [net.minecraft.client.sounds.SoundEngine/]: Missing sound for event: minecraft:entity.turtle.hurt
[27Sep2026 08:50:21.146] [Render thread/WARN] [net.minecraft.client.sounds.SoundEngine/]: Missing sound for event: minecraft:entity.turtle.hurt_baby
[27Sep2026 08:50:21.146] [Render thread/WARN] [net.minecraft.client.sounds.SoundEngine/]: Missing sound for event: minecraft:entity.turtle.lay_egg
[27Sep2026 08:50:21.146] [Render thread/WARN] [net.minecraft.client.sounds.SoundEngine/]: Missing sound for event: minecraft:entity.turtle.shamble
[27Sep2026 08:50:21.146] [Render thread/WARN] [net.minecraft.client.sounds.SoundEngine/]: Missing sound for event: minecraft:entity.turtle.shamble_baby
[27Sep2026 08:50:21.146] [Render thread/WARN] [net.minecraft.client.sounds.SoundEngine/]: Missing sound for event: minecraft:entity.turtle.swim
[27Sep2026 08:50:21.146] [Render thread/WARN] [net.minecraft.client.sounds.SoundEngine/]: Missing sound for event: minecraft:ui.button.click
[27Sep2026 08:50:21.146] [Render thread/WARN] [net.minecraft.client.sounds.SoundEngine/]: Missing sound for event: minecraft:ui.loom.select_pattern
[27Sep2026 08:50:21.146] [Render thread/WARN] [net.minecraft.client.sounds.SoundEngine/]: Missing sound for event: minecraft:ui.loom.take_result
[27Sep2026 08:50:21.146] [Render thread/WARN] [net.minecraft.client.sounds.SoundEngine/]: Missing sound for event: minecraft:ui.cartography_table.take_result
[27Sep2026 08:50:21.146] [Render thread/WARN] [net.minecraft.client.sounds.SoundEngine/]: Missing sound for event: minecraft:ui.stonecutter.take_result
[27Sep2026 08:50:21.146] [Render thread/WARN] [net.minecraft.client.sounds.SoundEngine/]: Missing sound for event: minecraft:ui.stonecutter.select_recipe
[27Sep2026 08:50:21.146] [Render thread/WARN] [net.minecraft.client.sounds.SoundEngine/]: Missing sound for event: minecraft:ui.toast.challenge_complete
[27Sep2026 08:50:21.146] [Render thread/WARN] [net.minecraft.client.sounds.SoundEngine/]: Missing sound for event: minecraft:ui.toast.in
[27Sep2026 08:50:21.146] [Render thread/WARN] [net.minecraft.client.sounds.SoundEngine/]: Missing sound for event: minecraft:ui.toast.out
[27Sep2026 08:50:21.146] [Render thread/WARN] [net.minecraft.client.sounds.SoundEngine/]: Missing sound for event: minecraft:block.vault.activate
[27Sep2026 08:50:21.146] [Render thread/WARN] [net.minecraft.client.sounds.SoundEngine/]: Missing sound for event: minecraft:block.vault.ambient
[27Sep2026 08:50:21.146] [Render thread/WARN] [net.minecraft.client.sounds.SoundEngine/]: Missing sound for event: minecraft:block.vault.break
[27Sep2026 08:50:21.146] [Render thread/WARN] [net.minecraft.client.sounds.SoundEngine/]: Missing sound for event: minecraft:block.vault.close_shutter
[27Sep2026 08:50:21.146] [Render thread/WARN] [net.minecraft.client.sounds.SoundEngine/]: Missing sound for event: minecraft:block.vault.deactivate
[27Sep2026 08:50:21.146] [Render thread/WARN] [net.minecraft.client.sounds.SoundEngine/]: Missing sound for event: minecraft:block.vault.eject_item
[27Sep2026 08:50:21.146] [Render thread/WARN] [net.minecraft.client.sounds.SoundEngine/]: Missing sound for event: minecraft:block.vault.reject_rewarded_player
[27Sep2026 08:50:21.146] [Render thread/WARN] [net.minecraft.client.sounds.SoundEngine/]: Missing sound for event: minecraft:block.vault.fall
[27Sep2026 08:50:21.146] [Render thread/WARN] [net.minecraft.client.sounds.SoundEngine/]: Missing sound for event: minecraft:block.vault.hit
[27Sep2026 08:50:21.147] [Render thread/WARN] [net.minecraft.client.sounds.SoundEngine/]: Missing sound for event: minecraft:block.vault.insert_item
[27Sep2026 08:50:21.147] [Render thread/WARN] [net.minecraft.client.sounds.SoundEngine/]: Missing sound for event: minecraft:block.vault.insert_item_fail
[27Sep2026 08:50:21.147] [Render thread/WARN] [net.minecraft.client.sounds.SoundEngine/]: Missing sound for event: minecraft:block.vault.open_shutter
[27Sep2026 08:50:21.147] [Render thread/WARN] [net.minecraft.client.sounds.SoundEngine/]: Missing sound for event: minecraft:block.vault.place
[27Sep2026 08:50:21.147] [Render thread/WARN] [net.minecraft.client.sounds.SoundEngine/]: Missing sound for event: minecraft:block.vault.step
[27Sep2026 08:50:21.147] [Render thread/WARN] [net.minecraft.client.sounds.SoundEngine/]: Missing sound for event: minecraft:entity.vex.ambient
[27Sep2026 08:50:21.147] [Render thread/WARN] [net.minecraft.client.sounds.SoundEngine/]: Missing sound for event: minecraft:entity.vex.charge
[27Sep2026 08:50:21.147] [Render thread/WARN] [net.minecraft.client.sounds.SoundEngine/]: Missing sound for event: minecraft:entity.vex.death
[27Sep2026 08:50:21.147] [Render thread/WARN] [net.minecraft.client.sounds.SoundEngine/]: Missing sound for event: minecraft:entity.vex.hurt
[27Sep2026 08:50:21.147] [Render thread/WARN] [net.minecraft.client.sounds.SoundEngine/]: Missing sound for event: minecraft:entity.villager.ambient
[27Sep2026 08:50:21.147] [Render thread/WARN] [net.minecraft.client.sounds.SoundEngine/]: Missing sound for event: minecraft:entity.villager.celebrate
[27Sep2026 08:50:21.147] [Render thread/WARN] [net.minecraft.client.sounds.SoundEngine/]: Missing sound for event: minecraft:entity.villager.death
[27Sep2026 08:50:21.147] [Render thread/WARN] [net.minecraft.client.sounds.SoundEngine/]: Missing sound for event: minecraft:entity.villager.hurt
[27Sep2026 08:50:21.147] [Render thread/WARN] [net.minecraft.client.sounds.SoundEngine/]: Missing sound for event: minecraft:entity.villager.no
[27Sep2026 08:50:21.147] [Render thread/WARN] [net.minecraft.client.sounds.SoundEngine/]: Missing sound for event: minecraft:entity.villager.trade
[27Sep2026 08:50:21.147] [Render thread/WARN] [net.minecraft.client.sounds.SoundEngine/]: Missing sound for event: minecraft:entity.villager.yes
[27Sep2026 08:50:21.147] [Render thread/WARN] [net.minecraft.client.sounds.SoundEngine/]: Missing sound for event: minecraft:entity.villager.work_armorer
[27Sep2026 08:50:21.147] [Render thread/WARN] [net.minecraft.client.sounds.SoundEngine/]: Missing sound for event: minecraft:entity.villager.work_butcher
[27Sep2026 08:50:21.147] [Render thread/WARN] [net.minecraft.client.sounds.SoundEngine/]: Missing sound for event: minecraft:entity.villager.work_cartographer
[27Sep2026 08:50:21.147] [Render thread/WARN] [net.minecraft.client.sounds.SoundEngine/]: Missing sound for event: minecraft:entity.villager.work_cleric
[27Sep2026 08:50:21.147] [Render thread/WARN] [net.minecraft.client.sounds.SoundEngine/]: Missing sound for event: minecraft:entity.villager.work_farmer
[27Sep2026 08:50:21.148] [Render thread/WARN] [net.minecraft.client.sounds.SoundEngine/]: Missing sound for event: minecraft:entity.villager.work_fisherman
[27Sep2026 08:50:21.148] [Render thread/WARN] [net.minecraft.client.sounds.SoundEngine/]: Missing sound for event: minecraft:entity.villager.work_fletcher
[27Sep2026 08:50:21.148] [Render thread/WARN] [net.minecraft.client.sounds.SoundEngine/]: Missing sound for event: minecraft:entity.villager.work_leatherworker
[27Sep2026 08:50:21.148] [Render thread/WARN] [net.minecraft.client.sounds.SoundEngine/]: Missing sound for event: minecraft:entity.villager.work_librarian
[27Sep2026 08:50:21.148] [Render thread/WARN] [net.minecraft.client.sounds.SoundEngine/]: Missing sound for event: minecraft:entity.villager.work_mason
[27Sep2026 08:50:21.148] [Render thread/WARN] [net.minecraft.client.sounds.SoundEngine/]: Missing sound for event: minecraft:entity.villager.work_shepherd
[27Sep2026 08:50:21.148] [Render thread/WARN] [net.minecraft.client.sounds.SoundEngine/]: Missing sound for event: minecraft:entity.villager.work_toolsmith
[27Sep2026 08:50:21.148] [Render thread/WARN] [net.minecraft.client.sounds.SoundEngine/]: Missing sound for event: minecraft:entity.villager.work_weaponsmith
[27Sep2026 08:50:21.148] [Render thread/WARN] [net.minecraft.client.sounds.SoundEngine/]: Missing sound for event: minecraft:entity.vindicator.ambient
[27Sep2026 08:50:21.148] [Render thread/WARN] [net.minecraft.client.sounds.SoundEngine/]: Missing sound for event: minecraft:entity.vindicator.celebrate
[27Sep2026 08:50:21.148] [Render thread/WARN] [net.minecraft.client.sounds.SoundEngine/]: Missing sound for event: minecraft:entity.vindicator.death
[27Sep2026 08:50:21.148] [Render thread/WARN] [net.minecraft.client.sounds.SoundEngine/]: Missing sound for event: minecraft:entity.vindicator.hurt
[27Sep2026 08:50:21.148] [Render thread/WARN] [net.minecraft.client.sounds.SoundEngine/]: Missing sound for event: minecraft:block.vine.break
[27Sep2026 08:50:21.148] [Render thread/WARN] [net.minecraft.client.sounds.SoundEngine/]: Missing sound for event: minecraft:block.vine.fall
[27Sep2026 08:50:21.149] [Render thread/WARN] [net.minecraft.client.sounds.SoundEngine/]: Missing sound for event: minecraft:block.vine.hit
[27Sep2026 08:50:21.149] [Render thread/WARN] [net.minecraft.client.sounds.SoundEngine/]: Missing sound for event: minecraft:block.vine.place
[27Sep2026 08:50:21.149] [Render thread/WARN] [net.minecraft.client.sounds.SoundEngine/]: Missing sound for event: minecraft:block.vine.step
[27Sep2026 08:50:21.149] [Render thread/WARN] [net.minecraft.client.sounds.SoundEngine/]: Missing sound for event: minecraft:block.lily_pad.place
[27Sep2026 08:50:21.149] [Render thread/WARN] [net.minecraft.client.sounds.SoundEngine/]: Missing sound for event: minecraft:entity.wandering_trader.ambient
[27Sep2026 08:50:21.149] [Render thread/WARN] [net.minecraft.client.sounds.SoundEngine/]: Missing sound for event: minecraft:entity.wandering_trader.death
[27Sep2026 08:50:21.149] [Render thread/WARN] [net.minecraft.client.sounds.SoundEngine/]: Missing sound for event: minecraft:entity.wandering_trader.disappeared
[27Sep2026 08:50:21.149] [Render thread/WARN] [net.minecraft.client.sounds.SoundEngine/]: Missing sound for event: minecraft:entity.wandering_trader.drink_milk
[27Sep2026 08:50:21.149] [Render thread/WARN] [net.minecraft.client.sounds.SoundEngine/]: Missing sound for event: minecraft:entity.wandering_trader.drink_potion
[27Sep2026 08:50:21.149] [Render thread/WARN] [net.minecraft.client.sounds.SoundEngine/]: Missing sound for event: minecraft:entity.wandering_trader.hurt
[27Sep2026 08:50:21.149] [Render thread/WARN] [net.minecraft.client.sounds.SoundEngine/]: Missing sound for event: minecraft:entity.wandering_trader.no
[27Sep2026 08:50:21.149] [Render thread/WARN] [net.minecraft.client.sounds.SoundEngine/]: Missing sound for event: minecraft:entity.wandering_trader.reappeared
[27Sep2026 08:50:21.149] [Render thread/WARN] [net.minecraft.client.sounds.SoundEngine/]: Missing sound for event: minecraft:entity.wandering_trader.trade
[27Sep2026 08:50:21.149] [Render thread/WARN] [net.minecraft.client.sounds.SoundEngine/]: Missing sound for event: minecraft:entity.wandering_trader.yes
[27Sep2026 08:50:21.149] [Render thread/WARN] [net.minecraft.client.sounds.SoundEngine/]: Missing sound for event: minecraft:entity.warden.agitated
[27Sep2026 08:50:21.149] [Render thread/WARN] [net.minecraft.client.sounds.SoundEngine/]: Missing sound for event: minecraft:entity.warden.ambient
[27Sep2026 08:50:21.149] [Render thread/WARN] [net.minecraft.client.sounds.SoundEngine/]: Missing sound for event: minecraft:entity.warden.angry
[27Sep2026 08:50:21.149] [Render thread/WARN] [net.minecraft.client.sounds.SoundEngine/]: Missing sound for event: minecraft:entity.warden.attack_impact
[27Sep2026 08:50:21.150] [Render thread/WARN] [net.minecraft.client.sounds.SoundEngine/]: Missing sound for event: minecraft:entity.warden.death
[27Sep2026 08:50:21.150] [Render thread/WARN] [net.minecraft.client.sounds.SoundEngine/]: Missing sound for event: minecraft:entity.warden.dig
[27Sep2026 08:50:21.150] [Render thread/WARN] [net.minecraft.client.sounds.SoundEngine/]: Missing sound for event: minecraft:entity.warden.emerge
[27Sep2026 08:50:21.150] [Render thread/WARN] [net.minecraft.client.sounds.SoundEngine/]: Missing sound for event: minecraft:entity.warden.heartbeat
[27Sep2026 08:50:21.150] [Render thread/WARN] [net.minecraft.client.sounds.SoundEngine/]: Missing sound for event: minecraft:entity.warden.hurt
[27Sep2026 08:50:21.150] [Render thread/WARN] [net.minecraft.client.sounds.SoundEngine/]: Missing sound for event: minecraft:entity.warden.listening
[27Sep2026 08:50:21.150] [Render thread/WARN] [net.minecraft.client.sounds.SoundEngine/]: Missing sound for event: minecraft:entity.warden.listening_angry
[27Sep2026 08:50:21.150] [Render thread/WARN] [net.minecraft.client.sounds.SoundEngine/]: Missing sound for event: minecraft:entity.warden.nearby_close
[27Sep2026 08:50:21.150] [Render thread/WARN] [net.minecraft.client.sounds.SoundEngine/]: Missing sound for event: minecraft:entity.warden.nearby_closer
[27Sep2026 08:50:21.150] [Render thread/WARN] [net.minecraft.client.sounds.SoundEngine/]: Missing sound for event: minecraft:entity.warden.nearby_closest
[27Sep2026 08:50:21.150] [Render thread/WARN] [net.minecraft.client.sounds.SoundEngine/]: Missing sound for event: minecraft:entity.warden.roar
[27Sep2026 08:50:21.150] [Render thread/WARN] [net.minecraft.client.sounds.SoundEngine/]: Missing sound for event: minecraft:entity.warden.sniff
[27Sep2026 08:50:21.150] [Render thread/WARN] [net.minecraft.client.sounds.SoundEngine/]: Missing sound for event: minecraft:entity.warden.sonic_boom
[27Sep2026 08:50:21.150] [Render thread/WARN] [net.minecraft.client.sounds.SoundEngine/]: Missing sound for event: minecraft:entity.warden.sonic_charge
[27Sep2026 08:50:21.150] [Render thread/WARN] [net.minecraft.client.sounds.SoundEngine/]: Missing sound for event: minecraft:entity.warden.step
[27Sep2026 08:50:21.150] [Render thread/WARN] [net.minecraft.client.sounds.SoundEngine/]: Missing sound for event: minecraft:entity.warden.tendril_clicks
[27Sep2026 08:50:21.150] [Render thread/WARN] [net.minecraft.client.sounds.SoundEngine/]: Missing sound for event: minecraft:block.hanging_sign.waxed_interact_fail
[27Sep2026 08:50:21.150] [Render thread/WARN] [net.minecraft.client.sounds.SoundEngine/]: Missing sound for event: minecraft:block.sign.waxed_interact_fail
[27Sep2026 08:50:21.151] [Render thread/WARN] [net.minecraft.client.sounds.SoundEngine/]: Missing sound for event: minecraft:block.water.ambient
[27Sep2026 08:50:21.151] [Render thread/WARN] [net.minecraft.client.sounds.SoundEngine/]: Missing sound for event: minecraft:weather.rain
[27Sep2026 08:50:21.151] [Render thread/WARN] [net.minecraft.client.sounds.SoundEngine/]: Missing sound for event: minecraft:weather.rain.above
[27Sep2026 08:50:21.151] [Render thread/WARN] [net.minecraft.client.sounds.SoundEngine/]: Missing sound for event: minecraft:block.wet_grass.break
[27Sep2026 08:50:21.151] [Render thread/WARN] [net.minecraft.client.sounds.SoundEngine/]: Missing sound for event: minecraft:block.wet_grass.fall
[27Sep2026 08:50:21.151] [Render thread/WARN] [net.minecraft.client.sounds.SoundEngine/]: Missing sound for event: minecraft:block.wet_grass.hit
[27Sep2026 08:50:21.151] [Render thread/WARN] [net.minecraft.client.sounds.SoundEngine/]: Missing sound for event: minecraft:block.wet_grass.place
[27Sep2026 08:50:21.151] [Render thread/WARN] [net.minecraft.client.sounds.SoundEngine/]: Missing sound for event: minecraft:block.wet_grass.step
[27Sep2026 08:50:21.151] [Render thread/WARN] [net.minecraft.client.sounds.SoundEngine/]: Missing sound for event: minecraft:block.wet_sponge.break
[27Sep2026 08:50:21.151] [Render thread/WARN] [net.minecraft.client.sounds.SoundEngine/]: Missing sound for event: minecraft:block.wet_sponge.dries
[27Sep2026 08:50:21.151] [Render thread/WARN] [net.minecraft.client.sounds.SoundEngine/]: Missing sound for event: minecraft:block.wet_sponge.fall
[27Sep2026 08:50:21.151] [Render thread/WARN] [net.minecraft.client.sounds.SoundEngine/]: Missing sound for event: minecraft:block.wet_sponge.hit
[27Sep2026 08:50:21.151] [Render thread/WARN] [net.minecraft.client.sounds.SoundEngine/]: Missing sound for event: minecraft:block.wet_sponge.place
[27Sep2026 08:50:21.151] [Render thread/WARN] [net.minecraft.client.sounds.SoundEngine/]: Missing sound for event: minecraft:block.wet_sponge.step
[27Sep2026 08:50:21.151] [Render thread/WARN] [net.minecraft.client.sounds.SoundEngine/]: Missing sound for event: minecraft:entity.wind_charge.wind_burst
[27Sep2026 08:50:21.151] [Render thread/WARN] [net.minecraft.client.sounds.SoundEngine/]: Missing sound for event: minecraft:entity.wind_charge.throw
[27Sep2026 08:50:21.151] [Render thread/WARN] [net.minecraft.client.sounds.SoundEngine/]: Missing sound for event: minecraft:entity.witch.ambient
[27Sep2026 08:50:21.151] [Render thread/WARN] [net.minecraft.client.sounds.SoundEngine/]: Missing sound for event: minecraft:entity.witch.celebrate
[27Sep2026 08:50:21.151] [Render thread/WARN] [net.minecraft.client.sounds.SoundEngine/]: Missing sound for event: minecraft:entity.witch.death
[27Sep2026 08:50:21.151] [Render thread/WARN] [net.minecraft.client.sounds.SoundEngine/]: Missing sound for event: minecraft:entity.witch.drink
[27Sep2026 08:50:21.152] [Render thread/WARN] [net.minecraft.client.sounds.SoundEngine/]: Missing sound for event: minecraft:entity.witch.hurt
[27Sep2026 08:50:21.152] [Render thread/WARN] [net.minecraft.client.sounds.SoundEngine/]: Missing sound for event: minecraft:entity.witch.throw
[27Sep2026 08:50:21.152] [Render thread/WARN] [net.minecraft.client.sounds.SoundEngine/]: Missing sound for event: minecraft:entity.wither.ambient
[27Sep2026 08:50:21.152] [Render thread/WARN] [net.minecraft.client.sounds.SoundEngine/]: Missing sound for event: minecraft:entity.wither.break_block
[27Sep2026 08:50:21.152] [Render thread/WARN] [net.minecraft.client.sounds.SoundEngine/]: Missing sound for event: minecraft:entity.wither.death
[27Sep2026 08:50:21.152] [Render thread/WARN] [net.minecraft.client.sounds.SoundEngine/]: Missing sound for event: minecraft:entity.wither.hurt
[27Sep2026 08:50:21.152] [Render thread/WARN] [net.minecraft.client.sounds.SoundEngine/]: Missing sound for event: minecraft:entity.wither.shoot
[27Sep2026 08:50:21.152] [Render thread/WARN] [net.minecraft.client.sounds.SoundEngine/]: Missing sound for event: minecraft:entity.wither_skeleton.ambient
[27Sep2026 08:50:21.152] [Render thread/WARN] [net.minecraft.client.sounds.SoundEngine/]: Missing sound for event: minecraft:entity.wither_skeleton.death
[27Sep2026 08:50:21.152] [Render thread/WARN] [net.minecraft.client.sounds.SoundEngine/]: Missing sound for event: minecraft:entity.wither_skeleton.hurt
[27Sep2026 08:50:21.152] [Render thread/WARN] [net.minecraft.client.sounds.SoundEngine/]: Missing sound for event: minecraft:entity.wither_skeleton.step
[27Sep2026 08:50:21.152] [Render thread/WARN] [net.minecraft.client.sounds.SoundEngine/]: Missing sound for event: minecraft:entity.wither.spawn
[27Sep2026 08:50:21.152] [Render thread/WARN] [net.minecraft.client.sounds.SoundEngine/]: Missing sound for event: minecraft:item.wolf_armor.break
[27Sep2026 08:50:21.152] [Render thread/WARN] [net.minecraft.client.sounds.SoundEngine/]: Missing sound for event: minecraft:item.wolf_armor.crack
[27Sep2026 08:50:21.152] [Render thread/WARN] [net.minecraft.client.sounds.SoundEngine/]: Missing sound for event: minecraft:item.wolf_armor.damage
[27Sep2026 08:50:21.152] [Render thread/WARN] [net.minecraft.client.sounds.SoundEngine/]: Missing sound for event: minecraft:item.wolf_armor.repair
[27Sep2026 08:50:21.152] [Render thread/WARN] [net.minecraft.client.sounds.SoundEngine/]: Missing sound for event: minecraft:entity.wolf.ambient
[27Sep2026 08:50:21.152] [Render thread/WARN] [net.minecraft.client.sounds.SoundEngine/]: Missing sound for event: minecraft:entity.wolf.death
[27Sep2026 08:50:21.153] [Render thread/WARN] [net.minecraft.client.sounds.SoundEngine/]: Missing sound for event: minecraft:entity.wolf.growl
[27Sep2026 08:50:21.153] [Render thread/WARN] [net.minecraft.client.sounds.SoundEngine/]: Missing sound for event: minecraft:entity.wolf.howl
[27Sep2026 08:50:21.153] [Render thread/WARN] [net.minecraft.client.sounds.SoundEngine/]: Missing sound for event: minecraft:entity.wolf.hurt
[27Sep2026 08:50:21.153] [Render thread/WARN] [net.minecraft.client.sounds.SoundEngine/]: Missing sound for event: minecraft:entity.wolf.pant
[27Sep2026 08:50:21.153] [Render thread/WARN] [net.minecraft.client.sounds.SoundEngine/]: Missing sound for event: minecraft:entity.wolf.shake
[27Sep2026 08:50:21.153] [Render thread/WARN] [net.minecraft.client.sounds.SoundEngine/]: Missing sound for event: minecraft:entity.wolf.step
[27Sep2026 08:50:21.153] [Render thread/WARN] [net.minecraft.client.sounds.SoundEngine/]: Missing sound for event: minecraft:entity.wolf.whine
[27Sep2026 08:50:21.153] [Render thread/WARN] [net.minecraft.client.sounds.SoundEngine/]: Missing sound for event: minecraft:block.wooden_door.close
[27Sep2026 08:50:21.153] [Render thread/WARN] [net.minecraft.client.sounds.SoundEngine/]: Missing sound for event: minecraft:block.wooden_door.open
[27Sep2026 08:50:21.153] [Render thread/WARN] [net.minecraft.client.sounds.SoundEngine/]: Missing sound for event: minecraft:block.wooden_trapdoor.close
[27Sep2026 08:50:21.153] [Render thread/WARN] [net.minecraft.client.sounds.SoundEngine/]: Missing sound for event: minecraft:block.wooden_trapdoor.open
[27Sep2026 08:50:21.153] [Render thread/WARN] [net.minecraft.client.sounds.SoundEngine/]: Missing sound for event: minecraft:block.wooden_button.click_off
[27Sep2026 08:50:21.153] [Render thread/WARN] [net.minecraft.client.sounds.SoundEngine/]: Missing sound for event: minecraft:block.wooden_button.click_on
[27Sep2026 08:50:21.153] [Render thread/WARN] [net.minecraft.client.sounds.SoundEngine/]: Missing sound for event: minecraft:block.wooden_pressure_plate.click_off
[27Sep2026 08:50:21.153] [Render thread/WARN] [net.minecraft.client.sounds.SoundEngine/]: Missing sound for event: minecraft:block.wooden_pressure_plate.click_on
[27Sep2026 08:50:21.153] [Render thread/WARN] [net.minecraft.client.sounds.SoundEngine/]: Missing sound for event: minecraft:block.wood.break
[27Sep2026 08:50:21.153] [Render thread/WARN] [net.minecraft.client.sounds.SoundEngine/]: Missing sound for event: minecraft:block.wood.fall
[27Sep2026 08:50:21.153] [Render thread/WARN] [net.minecraft.client.sounds.SoundEngine/]: Missing sound for event: minecraft:block.wood.hit
[27Sep2026 08:50:21.153] [Render thread/WARN] [net.minecraft.client.sounds.SoundEngine/]: Missing sound for event: minecraft:block.wood.place
[27Sep2026 08:50:21.153] [Render thread/WARN] [net.minecraft.client.sounds.SoundEngine/]: Missing sound for event: minecraft:block.wood.step
[27Sep2026 08:50:21.154] [Render thread/WARN] [net.minecraft.client.sounds.SoundEngine/]: Missing sound for event: minecraft:block.wool.break
[27Sep2026 08:50:21.154] [Render thread/WARN] [net.minecraft.client.sounds.SoundEngine/]: Missing sound for event: minecraft:block.wool.fall
[27Sep2026 08:50:21.154] [Render thread/WARN] [net.minecraft.client.sounds.SoundEngine/]: Missing sound for event: minecraft:block.wool.hit
[27Sep2026 08:50:21.154] [Render thread/WARN] [net.minecraft.client.sounds.SoundEngine/]: Missing sound for event: minecraft:block.wool.place
[27Sep2026 08:50:21.154] [Render thread/WARN] [net.minecraft.client.sounds.SoundEngine/]: Missing sound for event: minecraft:block.wool.step
[27Sep2026 08:50:21.154] [Render thread/WARN] [net.minecraft.client.sounds.SoundEngine/]: Missing sound for event: minecraft:entity.zoglin.ambient
[27Sep2026 08:50:21.154] [Render thread/WARN] [net.minecraft.client.sounds.SoundEngine/]: Missing sound for event: minecraft:entity.zoglin.angry
[27Sep2026 08:50:21.154] [Render thread/WARN] [net.minecraft.client.sounds.SoundEngine/]: Missing sound for event: minecraft:entity.zoglin.attack
[27Sep2026 08:50:21.154] [Render thread/WARN] [net.minecraft.client.sounds.SoundEngine/]: Missing sound for event: minecraft:entity.zoglin.death
[27Sep2026 08:50:21.154] [Render thread/WARN] [net.minecraft.client.sounds.SoundEngine/]: Missing sound for event: minecraft:entity.zoglin.hurt
[27Sep2026 08:50:21.154] [Render thread/WARN] [net.minecraft.client.sounds.SoundEngine/]: Missing sound for event: minecraft:entity.zoglin.step
[27Sep2026 08:50:21.154] [Render thread/WARN] [net.minecraft.client.sounds.SoundEngine/]: Missing sound for event: minecraft:entity.zombie.ambient
[27Sep2026 08:50:21.154] [Render thread/WARN] [net.minecraft.client.sounds.SoundEngine/]: Missing sound for event: minecraft:entity.zombie.attack_wooden_door
[27Sep2026 08:50:21.154] [Render thread/WARN] [net.minecraft.client.sounds.SoundEngine/]: Missing sound for event: minecraft:entity.zombie.attack_iron_door
[27Sep2026 08:50:21.154] [Render thread/WARN] [net.minecraft.client.sounds.SoundEngine/]: Missing sound for event: minecraft:entity.zombie.break_wooden_door
[27Sep2026 08:50:21.154] [Render thread/WARN] [net.minecraft.client.sounds.SoundEngine/]: Missing sound for event: minecraft:entity.zombie.converted_to_drowned
[27Sep2026 08:50:21.154] [Render thread/WARN] [net.minecraft.client.sounds.SoundEngine/]: Missing sound for event: minecraft:entity.zombie.death
[27Sep2026 08:50:21.154] [Render thread/WARN] [net.minecraft.client.sounds.SoundEngine/]: Missing sound for event: minecraft:entity.zombie.destroy_egg
[27Sep2026 08:50:21.154] [Render thread/WARN] [net.minecraft.client.sounds.SoundEngine/]: Missing sound for event: minecraft:entity.zombie_horse.ambient
[27Sep2026 08:50:21.154] [Render thread/WARN] [net.minecraft.client.sounds.SoundEngine/]: Missing sound for event: minecraft:entity.zombie_horse.death
[27Sep2026 08:50:21.155] [Render thread/WARN] [net.minecraft.client.sounds.SoundEngine/]: Missing sound for event: minecraft:entity.zombie_horse.hurt
[27Sep2026 08:50:21.155] [Render thread/WARN] [net.minecraft.client.sounds.SoundEngine/]: Missing sound for event: minecraft:entity.zombie.hurt
[27Sep2026 08:50:21.155] [Render thread/WARN] [net.minecraft.client.sounds.SoundEngine/]: Missing sound for event: minecraft:entity.zombie.infect
[27Sep2026 08:50:21.155] [Render thread/WARN] [net.minecraft.client.sounds.SoundEngine/]: Missing sound for event: minecraft:entity.zombified_piglin.ambient
[27Sep2026 08:50:21.155] [Render thread/WARN] [net.minecraft.client.sounds.SoundEngine/]: Missing sound for event: minecraft:entity.zombified_piglin.angry
[27Sep2026 08:50:21.155] [Render thread/WARN] [net.minecraft.client.sounds.SoundEngine/]: Missing sound for event: minecraft:entity.zombified_piglin.death
[27Sep2026 08:50:21.155] [Render thread/WARN] [net.minecraft.client.sounds.SoundEngine/]: Missing sound for event: minecraft:entity.zombified_piglin.hurt
[27Sep2026 08:50:21.155] [Render thread/WARN] [net.minecraft.client.sounds.SoundEngine/]: Missing sound for event: minecraft:entity.zombie.step
[27Sep2026 08:50:21.155] [Render thread/WARN] [net.minecraft.client.sounds.SoundEngine/]: Missing sound for event: minecraft:entity.zombie_villager.ambient
[27Sep2026 08:50:21.155] [Render thread/WARN] [net.minecraft.client.sounds.SoundEngine/]: Missing sound for event: minecraft:entity.zombie_villager.converted
[27Sep2026 08:50:21.155] [Render thread/WARN] [net.minecraft.client.sounds.SoundEngine/]: Missing sound for event: minecraft:entity.zombie_villager.cure
[27Sep2026 08:50:21.155] [Render thread/WARN] [net.minecraft.client.sounds.SoundEngine/]: Missing sound for event: minecraft:entity.zombie_villager.death
[27Sep2026 08:50:21.155] [Render thread/WARN] [net.minecraft.client.sounds.SoundEngine/]: Missing sound for event: minecraft:entity.zombie_villager.hurt
[27Sep2026 08:50:21.155] [Render thread/WARN] [net.minecraft.client.sounds.SoundEngine/]: Missing sound for event: minecraft:entity.zombie_villager.step
[27Sep2026 08:50:21.155] [Render thread/WARN] [net.minecraft.client.sounds.SoundEngine/]: Missing sound for event: minecraft:event.mob_effect.bad_omen
[27Sep2026 08:50:21.155] [Render thread/WARN] [net.minecraft.client.sounds.SoundEngine/]: Missing sound for event: minecraft:event.mob_effect.trial_omen
[27Sep2026 08:50:21.155] [Render thread/WARN] [net.minecraft.client.sounds.SoundEngine/]: Missing sound for event: minecraft:event.mob_effect.raid_omen
[27Sep2026 08:50:21.182] [Render thread/ERROR] [net.minecraft.client.sounds.SoundEngine/SOUNDS]: Error starting SoundSystem. Turning off sounds & music
java.lang.IllegalStateException: Failed to open OpenAL device
	at TRANSFORMER/minecraft@1.21.1/com.mojang.blaze3d.audio.Library.openDeviceOrFallback(Library.java:302) ~[forge-1.21.1-52.1.16-client.jar:?]
	at TRANSFORMER/minecraft@1.21.1/com.mojang.blaze3d.audio.Library.init(Library.java:154) ~[forge-1.21.1-52.1.16-client.jar:?]
	at TRANSFORMER/minecraft@1.21.1/net.minecraft.client.sounds.SoundEngine.loadLibrary(SoundEngine.java:107) ~[forge-1.21.1-52.1.16-client.jar:?]
	at TRANSFORMER/minecraft@1.21.1/net.minecraft.client.sounds.SoundEngine.reload(SoundEngine.java:99) ~[forge-1.21.1-52.1.16-client.jar:?]
	at TRANSFORMER/minecraft@1.21.1/net.minecraft.client.sounds.SoundManager.apply(SoundManager.java:128) ~[forge-1.21.1-52.1.16-client.jar:?]
	at TRANSFORMER/minecraft@1.21.1/net.minecraft.client.sounds.SoundManager.apply(SoundManager.java:42) ~[forge-1.21.1-52.1.16-client.jar:?]
	at TRANSFORMER/minecraft@1.21.1/net.minecraft.server.packs.resources.SimplePreparableReloadListener.lambda$reload$1(SimplePreparableReloadListener.java:13) ~[forge-1.21.1-52.1.16-client.jar:?]
	at java.base/java.util.concurrent.CompletableFuture$UniAccept.tryFire(CompletableFuture.java:718) ~[?:?]
	at java.base/java.util.concurrent.CompletableFuture$Completion.run(CompletableFuture.java:482) ~[?:?]
	at TRANSFORMER/minecraft@1.21.1/net.minecraft.server.packs.resources.SimpleReloadInstance.lambda$new$3(SimpleReloadInstance.java:69) ~[forge-1.21.1-52.1.16-client.jar:?]
	at TRANSFORMER/minecraft@1.21.1/net.minecraft.util.thread.BlockableEventLoop.doRunTask(BlockableEventLoop.java:162) ~[forge-1.21.1-52.1.16-client.jar:?]
	at TRANSFORMER/minecraft@1.21.1/net.minecraft.util.thread.ReentrantBlockableEventLoop.doRunTask(ReentrantBlockableEventLoop.java:23) ~[forge-1.21.1-52.1.16-client.jar:?]
	at TRANSFORMER/minecraft@1.21.1/net.minecraft.util.thread.BlockableEventLoop.pollTask(BlockableEventLoop.java:136) ~[forge-1.21.1-52.1.16-client.jar:?]
	at TRANSFORMER/minecraft@1.21.1/net.minecraft.util.thread.BlockableEventLoop.runAllTasks(BlockableEventLoop.java:121) ~[forge-1.21.1-52.1.16-client.jar:?]
	at TRANSFORMER/minecraft@1.21.1/net.minecraft.client.Minecraft.runTick(Minecraft.java:1141) ~[forge-1.21.1-52.1.16-client.jar:?]
	at TRANSFORMER/minecraft@1.21.1/net.minecraft.client.Minecraft.run(Minecraft.java:795) ~[forge-1.21.1-52.1.16-client.jar:?]
	at TRANSFORMER/minecraft@1.21.1/net.minecraft.client.main.Main.main(Main.java:228) ~[forge-1.21.1-52.1.16-client.jar:?]
	at java.base/jdk.internal.reflect.DirectMethodHandleAccessor.invoke(DirectMethodHandleAccessor.java:103) ~[?:?]
	at java.base/java.lang.reflect.Method.invoke(Method.java:580) ~[?:?]
	at SECURE-BOOTSTRAP/net.minecraftforge.fmlloader@1.21.1-52.1.16/net.minecraftforge.fml.loading.targets.CommonLaunchHandler.runTarget(CommonLaunchHandler.java:85) ~[fmlloader-1.21.1-52.1.16.jar!/:?]
	at SECURE-BOOTSTRAP/net.minecraftforge.fmlloader@1.21.1-52.1.16/net.minecraftforge.fml.loading.targets.CommonLaunchHandler.lambda$makeService$0(CommonLaunchHandler.java:69) ~[fmlloader-1.21.1-52.1.16.jar!/:?]
	at SECURE-BOOTSTRAP/cpw.mods.modlauncher@10.2.4/cpw.mods.modlauncher.LaunchServiceHandler.launch(LaunchServiceHandler.java:77) [modlauncher-10.2.4.jar!/:?]
	at SECURE-BOOTSTRAP/cpw.mods.modlauncher@10.2.4/cpw.mods.modlauncher.LaunchServiceHandler.launch(LaunchServiceHandler.java:97) [modlauncher-10.2.4.jar!/:?]
	at SECURE-BOOTSTRAP/cpw.mods.modlauncher@10.2.4/cpw.mods.modlauncher.Launcher.run(Launcher.java:116) [modlauncher-10.2.4.jar!/:?]
	at SECURE-BOOTSTRAP/cpw.mods.modlauncher@10.2.4/cpw.mods.modlauncher.Launcher.main(Launcher.java:75) [modlauncher-10.2.4.jar!/:?]
	at SECURE-BOOTSTRAP/cpw.mods.modlauncher@10.2.4/cpw.mods.modlauncher.BootstrapEntry.main(BootstrapEntry.java:17) [modlauncher-10.2.4.jar!/:?]
	at net.minecraftforge.bootstrap@2.1.7/net.minecraftforge.bootstrap.Bootstrap.moduleMain(Bootstrap.java:188) [bootstrap-2.1.8.jar!/:?]
	at java.base/jdk.internal.reflect.DirectMethodHandleAccessor.invoke(DirectMethodHandleAccessor.java:103) ~[?:?]
	at java.base/java.lang.reflect.Method.invoke(Method.java:580) ~[?:?]
	at net.minecraftforge.bootstrap.Bootstrap.bootstrapMain(Bootstrap.java:133) [bootstrap-2.1.8.jar:2.1.8]
	at net.minecraftforge.bootstrap.Bootstrap.start(Bootstrap.java:53) [bootstrap-2.1.8.jar:2.1.8]
	at net.minecraftforge.bootstrap.ForgeBootstrap.main(ForgeBootstrap.java:19) [bootstrap-2.1.8.jar:2.1.8]
[27Sep2026 08:50:21.196] [Render thread/INFO] [net.minecraft.client.renderer.texture.TextureAtlas/]: Created: 1024x512x4 minecraft:textures/atlas/blocks.png-atlas
[27Sep2026 08:50:21.218] [Render thread/INFO] [net.minecraft.client.renderer.texture.TextureAtlas/]: Created: 256x256x4 minecraft:textures/atlas/signs.png-atlas
[27Sep2026 08:50:21.219] [Render thread/INFO] [net.minecraft.client.renderer.texture.TextureAtlas/]: Created: 512x512x4 minecraft:textures/atlas/shield_patterns.png-atlas
[27Sep2026 08:50:21.220] [Render thread/INFO] [net.minecraft.client.renderer.texture.TextureAtlas/]: Created: 512x512x4 minecraft:textures/atlas/banner_patterns.png-atlas
[27Sep2026 08:50:21.222] [Render thread/INFO] [net.minecraft.client.renderer.texture.TextureAtlas/]: Created: 1024x1024x4 minecraft:textures/atlas/armor_trims.png-atlas
[27Sep2026 08:50:21.229] [Render thread/INFO] [net.minecraft.client.renderer.texture.TextureAtlas/]: Created: 128x64x4 minecraft:textures/atlas/decorated_pot.png-atlas
[27Sep2026 08:50:21.229] [Render thread/INFO] [net.minecraft.client.renderer.texture.TextureAtlas/]: Created: 256x256x4 minecraft:textures/atlas/chest.png-atlas
[27Sep2026 08:50:21.229] [Render thread/INFO] [net.minecraft.client.renderer.texture.TextureAtlas/]: Created: 512x256x4 minecraft:textures/atlas/beds.png-atlas
[27Sep2026 08:50:21.230] [Render thread/INFO] [net.minecraft.client.renderer.texture.TextureAtlas/]: Created: 512x256x4 minecraft:textures/atlas/shulker_boxes.png-atlas
[27Sep2026 08:50:21.416] [Render thread/INFO] [net.minecraft.client.renderer.texture.TextureAtlas/]: Created: 512x256x0 minecraft:textures/atlas/particles.png-atlas
[27Sep2026 08:50:21.419] [Render thread/INFO] [net.minecraft.client.renderer.texture.TextureAtlas/]: Created: 512x256x0 minecraft:textures/atlas/paintings.png-atlas
[27Sep2026 08:50:21.419] [Render thread/INFO] [net.minecraft.client.renderer.texture.TextureAtlas/]: Created: 256x128x0 minecraft:textures/atlas/mob_effects.png-atlas
[27Sep2026 08:50:21.420] [Render thread/INFO] [net.minecraft.client.renderer.texture.TextureAtlas/]: Created: 64x64x0 minecraft:textures/atlas/map_decorations.png-atlas
[27Sep2026 08:50:21.420] [Render thread/INFO] [net.minecraft.client.renderer.texture.TextureAtlas/]: Created: 1024x512x0 minecraft:textures/atlas/gui.png-atlas
[27Sep2026 08:50:21.534] [Render thread/WARN] [net.minecraft.client.renderer.ShaderInstance/]: Shader rendertype_entity_translucent_emissive could not find sampler named Sampler2 in the specified shader program.
[27Sep2026 08:50:21.794] [Render thread/INFO] [net.minecraft.client.Minecraft/]: Waiting for overlay to disappear...
[27Sep2026 08:50:21.794] [Render thread/INFO] [net.minecraft.client.Minecraft/]: Waiting for player to load...
[27Sep2026 08:50:21.800] [Render thread/INFO] [net.minecraft.client.Minecraft/]: Waiting for overlay to disappear...
[27Sep2026 08:50:21.800] [Render thread/INFO] [net.minecraft.client.Minecraft/]: Waiting for player to load...
[27Sep2026 08:50:21.803] [Render thread/INFO] [net.minecraft.client.Minecraft/]: Waiting for overlay to disappear...
[27Sep2026 08:50:21.803] [Render thread/INFO] [net.minecraft.client.Minecraft/]: Waiting for player to load...
[27Sep2026 08:50:21.806] [Render thread/INFO] [net.minecraft.client.Minecraft/]: Waiting for overlay to disappear...
[27Sep2026 08:50:21.806] [Render thread/INFO] [net.minecraft.client.Minecraft/]: Waiting for player to load...
[27Sep2026 08:50:21.809] [Render thread/INFO] [net.minecraft.client.Minecraft/]: Waiting for overlay to disappear...
[27Sep2026 08:50:21.809] [Render thread/INFO] [net.minecraft.client.Minecraft/]: Waiting for player to load...
[27Sep2026 08:50:21.813] [Render thread/INFO] [net.minecraft.client.Minecraft/]: Waiting for overlay to disappear...
[27Sep2026 08:50:21.813] [Render thread/INFO] [net.minecraft.client.Minecraft/]: Waiting for player to load...
[27Sep2026 08:50:21.814] [Render thread/INFO] [net.minecraft.client.Minecraft/]: Waiting for overlay to disappear...
[27Sep2026 08:50:21.814] [Render thread/INFO] [net.minecraft.client.Minecraft/]: Waiting for player to load...
[27Sep2026 08:50:21.815] [Render thread/INFO] [net.minecraft.client.Minecraft/]: Waiting for overlay to disappear...
[27Sep2026 08:50:21.815] [Render thread/INFO] [net.minecraft.client.Minecraft/]: Waiting for player to load...
[27Sep2026 08:50:21.816] [Render thread/INFO] [net.minecraft.client.Minecraft/]: Waiting for overlay to disappear...
[27Sep2026 08:50:21.816] [Render thread/INFO] [net.minecraft.client.Minecraft/]: Waiting for player to load...
[27Sep2026 08:50:21.817] [Render thread/INFO] [net.minecraft.client.Minecraft/]: Waiting for overlay to disappear...
[27Sep2026 08:50:21.817] [Render thread/INFO] [net.minecraft.client.Minecraft/]: Waiting for player to load...
[27Sep2026 08:50:21.916] [Render thread/INFO] [net.minecraft.client.Minecraft/]: Waiting for overlay to disappear...
[27Sep2026 08:50:21.917] [Render thread/INFO] [net.minecraft.client.Minecraft/]: Waiting for player to load...
[27Sep2026 08:50:21.917] [Render thread/INFO] [net.minecraft.client.Minecraft/]: Waiting for overlay to disappear...
[27Sep2026 08:50:21.917] [Render thread/INFO] [net.minecraft.client.Minecraft/]: Waiting for player to load...
[27Sep2026 08:50:21.918] [Render thread/INFO] [net.minecraft.client.Minecraft/]: Waiting for overlay to disappear...
[27Sep2026 08:50:21.918] [Render thread/INFO] [net.minecraft.client.Minecraft/]: Waiting for player to load...
[27Sep2026 08:50:21.940] [IO-Worker-1/INFO] [com.mojang.realmsclient.client.RealmsClient/]: Could not authorize you against Realms server: javax.ws.rs.BadRequestException: Invalid session
[27Sep2026 08:50:21.941] [IO-Worker-1/ERROR] [com.mojang.realmsclient.RealmsAvailability/]: Couldn't connect to realms
com.mojang.realmsclient.exception.RealmsServiceException: Realms authentication error with message 'javax.ws.rs.BadRequestException: Invalid session'
	at TRANSFORMER/minecraft@1.21.1/com.mojang.realmsclient.client.RealmsClient.execute(RealmsClient.java:447) ~[forge-1.21.1-52.1.16-client.jar!/:?]
	at TRANSFORMER/minecraft@1.21.1/com.mojang.realmsclient.client.RealmsClient.clientCompatible(RealmsClient.java:232) ~[forge-1.21.1-52.1.16-client.jar!/:?]
	at TRANSFORMER/minecraft@1.21.1/com.mojang.realmsclient.RealmsAvailability.lambda$check$0(RealmsAvailability.java:51) ~[forge-1.21.1-52.1.16-client.jar!/:?]
	at java.base/java.util.concurrent.CompletableFuture$AsyncSupply.run(CompletableFuture.java:1768) ~[?:?]
	at java.base/java.util.concurrent.ThreadPoolExecutor.runWorker(ThreadPoolExecutor.java:1144) ~[?:?]
	at java.base/java.util.concurrent.ThreadPoolExecutor$Worker.run(ThreadPoolExecutor.java:642) ~[?:?]
	at java.base/java.lang.Thread.run(Thread.java:1583) [?:?]
[27Sep2026 08:50:21.967] [Render thread/INFO] [net.minecraft.client.Minecraft/]: Waiting for overlay to disappear...
[27Sep2026 08:50:21.967] [Render thread/INFO] [net.minecraft.client.Minecraft/]: Waiting for player to load...
[27Sep2026 08:50:22.017] [Render thread/INFO] [net.minecraft.client.Minecraft/]: Waiting for overlay to disappear...
[27Sep2026 08:50:22.017] [Render thread/INFO] [net.minecraft.client.Minecraft/]: Waiting for player to load...
[27Sep2026 08:50:22.067] [Render thread/INFO] [net.minecraft.client.Minecraft/]: Waiting for overlay to disappear...
[27Sep2026 08:50:22.067] [Render thread/INFO] [net.minecraft.client.Minecraft/]: Waiting for player to load...
[27Sep2026 08:50:22.117] [Render thread/INFO] [net.minecraft.client.Minecraft/]: Waiting for overlay to disappear...
[27Sep2026 08:50:22.118] [Render thread/INFO] [net.minecraft.client.Minecraft/]: Waiting for player to load...
[27Sep2026 08:50:22.168] [Render thread/INFO] [net.minecraft.client.Minecraft/]: Waiting for overlay to disappear...
[27Sep2026 08:50:22.168] [Render thread/INFO] [net.minecraft.client.Minecraft/]: Waiting for player to load...
[27Sep2026 08:50:22.218] [Render thread/INFO] [net.minecraft.client.Minecraft/]: Waiting for overlay to disappear...
[27Sep2026 08:50:22.218] [Render thread/INFO] [net.minecraft.client.Minecraft/]: Waiting for player to load...
[27Sep2026 08:50:22.268] [Render thread/INFO] [net.minecraft.client.Minecraft/]: Waiting for overlay to disappear...
[27Sep2026 08:50:22.268] [Render thread/INFO] [net.minecraft.client.Minecraft/]: Waiting for player to load...
[27Sep2026 08:50:22.318] [Render thread/INFO] [net.minecraft.client.Minecraft/]: Waiting for overlay to disappear...
[27Sep2026 08:50:22.319] [Render thread/INFO] [net.minecraft.client.Minecraft/]: Waiting for player to load...
[27Sep2026 08:50:22.369] [Render thread/INFO] [net.minecraft.client.Minecraft/]: Waiting for overlay to disappear...
[27Sep2026 08:50:22.369] [Render thread/INFO] [net.minecraft.client.Minecraft/]: Waiting for player to load...
[27Sep2026 08:50:22.419] [Render thread/INFO] [net.minecraft.client.Minecraft/]: Waiting for overlay to disappear...
[27Sep2026 08:50:22.419] [Render thread/INFO] [net.minecraft.client.Minecraft/]: Waiting for player to load...
[27Sep2026 08:50:22.469] [Render thread/INFO] [net.minecraft.client.Minecraft/]: Waiting for overlay to disappear...
[27Sep2026 08:50:22.469] [Render thread/INFO] [net.minecraft.client.Minecraft/]: Waiting for player to load...
[27Sep2026 08:50:22.520] [Render thread/INFO] [net.minecraft.client.Minecraft/]: Waiting for overlay to disappear...
[27Sep2026 08:50:22.520] [Render thread/INFO] [net.minecraft.client.Minecraft/]: Waiting for player to load...
[27Sep2026 08:50:22.570] [Render thread/INFO] [net.minecraft.client.Minecraft/]: Waiting for overlay to disappear...
[27Sep2026 08:50:22.570] [Render thread/INFO] [net.minecraft.client.Minecraft/]: Waiting for player to load...
[27Sep2026 08:50:22.620] [Render thread/INFO] [net.minecraft.client.Minecraft/]: Waiting for overlay to disappear...
[27Sep2026 08:50:22.620] [Render thread/INFO] [net.minecraft.client.Minecraft/]: Waiting for player to load...
[27Sep2026 08:50:22.670] [Render thread/INFO] [net.minecraft.client.Minecraft/]: Waiting for overlay to disappear...
[27Sep2026 08:50:22.670] [Render thread/INFO] [net.minecraft.client.Minecraft/]: Waiting for player to load...
[27Sep2026 08:50:22.721] [Render thread/INFO] [net.minecraft.client.Minecraft/]: Waiting for overlay to disappear...
[27Sep2026 08:50:22.721] [Render thread/INFO] [net.minecraft.client.Minecraft/]: Waiting for player to load...
[27Sep2026 08:50:22.771] [Render thread/INFO] [net.minecraft.client.Minecraft/]: Waiting for overlay to disappear...
[27Sep2026 08:50:22.771] [Render thread/INFO] [net.minecraft.client.Minecraft/]: Waiting for player to load...
[27Sep2026 08:50:22.875] [Render thread/INFO] [net.minecraft.client.Minecraft/]: Waiting for overlay to disappear...
[27Sep2026 08:50:22.875] [Render thread/INFO] [net.minecraft.client.Minecraft/]: Waiting for player to load...
[27Sep2026 08:50:22.876] [Render thread/INFO] [net.minecraft.client.Minecraft/]: Waiting for overlay to disappear...
[27Sep2026 08:50:22.876] [Render thread/INFO] [net.minecraft.client.Minecraft/]: Waiting for player to load...
[27Sep2026 08:50:22.908] [Render thread/INFO] [net.minecraft.client.Minecraft/]: Waiting for overlay to disappear...
[27Sep2026 08:50:22.908] [Render thread/INFO] [net.minecraft.client.Minecraft/]: Waiting for player to load...
[27Sep2026 08:50:22.958] [Render thread/INFO] [net.minecraft.client.Minecraft/]: Waiting for overlay to disappear...
[27Sep2026 08:50:22.959] [Render thread/INFO] [net.minecraft.client.Minecraft/]: Waiting for player to load...
[27Sep2026 08:50:23.009] [Render thread/INFO] [net.minecraft.client.Minecraft/]: Waiting for overlay to disappear...
[27Sep2026 08:50:23.009] [Render thread/INFO] [net.minecraft.client.Minecraft/]: Waiting for player to load...
[27Sep2026 08:50:23.059] [Render thread/INFO] [net.minecraft.client.Minecraft/]: Waiting for overlay to disappear...
[27Sep2026 08:50:23.059] [Render thread/INFO] [net.minecraft.client.Minecraft/]: Waiting for player to load...
[27Sep2026 08:50:23.109] [Render thread/INFO] [net.minecraft.client.Minecraft/]: Waiting for overlay to disappear...
[27Sep2026 08:50:23.109] [Render thread/INFO] [net.minecraft.client.Minecraft/]: Waiting for player to load...
[27Sep2026 08:50:23.160] [Render thread/INFO] [net.minecraft.client.Minecraft/]: Waiting for overlay to disappear...
[27Sep2026 08:50:23.160] [Render thread/INFO] [net.minecraft.client.Minecraft/]: Waiting for player to load...
[27Sep2026 08:50:23.210] [Render thread/INFO] [net.minecraft.client.Minecraft/]: Waiting for overlay to disappear...
[27Sep2026 08:50:23.210] [Render thread/INFO] [net.minecraft.client.Minecraft/]: Waiting for player to load...
[27Sep2026 08:50:23.260] [Render thread/INFO] [net.minecraft.client.Minecraft/]: Waiting for overlay to disappear...
[27Sep2026 08:50:23.260] [Render thread/INFO] [net.minecraft.client.Minecraft/]: Waiting for player to load...
[27Sep2026 08:50:23.310] [Render thread/INFO] [net.minecraft.client.Minecraft/]: Waiting for overlay to disappear...
[27Sep2026 08:50:23.311] [Render thread/INFO] [net.minecraft.client.Minecraft/]: Waiting for player to load...
[27Sep2026 08:50:23.361] [Render thread/INFO] [net.minecraft.client.Minecraft/]: Waiting for overlay to disappear...
[27Sep2026 08:50:23.361] [Render thread/INFO] [net.minecraft.client.Minecraft/]: Waiting for player to load...
[27Sep2026 08:50:23.411] [Render thread/INFO] [net.minecraft.client.Minecraft/]: Waiting for overlay to disappear...
[27Sep2026 08:50:23.411] [Render thread/INFO] [net.minecraft.client.Minecraft/]: Waiting for player to load...
[27Sep2026 08:50:23.461] [Render thread/INFO] [net.minecraft.client.Minecraft/]: Waiting for overlay to disappear...
[27Sep2026 08:50:23.461] [Render thread/INFO] [net.minecraft.client.Minecraft/]: Waiting for player to load...
[27Sep2026 08:50:23.511] [Render thread/INFO] [net.minecraft.client.Minecraft/]: Waiting for overlay to disappear...
[27Sep2026 08:50:23.512] [Render thread/INFO] [net.minecraft.client.Minecraft/]: Waiting for player to load...
[27Sep2026 08:50:23.562] [Render thread/INFO] [net.minecraft.client.Minecraft/]: Waiting for overlay to disappear...
[27Sep2026 08:50:23.562] [Render thread/INFO] [net.minecraft.client.Minecraft/]: Waiting for player to load...
[27Sep2026 08:50:23.612] [Render thread/INFO] [net.minecraft.client.Minecraft/]: Waiting for overlay to disappear...
[27Sep2026 08:50:23.612] [Render thread/INFO] [net.minecraft.client.Minecraft/]: Waiting for player to load...
[27Sep2026 08:50:23.662] [Render thread/INFO] [net.minecraft.client.Minecraft/]: Waiting for overlay to disappear...
[27Sep2026 08:50:23.662] [Render thread/INFO] [net.minecraft.client.Minecraft/]: Waiting for player to load...
[27Sep2026 08:50:23.712] [Render thread/INFO] [net.minecraft.client.Minecraft/]: Waiting for overlay to disappear...
[27Sep2026 08:50:23.712] [Render thread/INFO] [net.minecraft.client.Minecraft/]: Waiting for player to load...
[27Sep2026 08:50:23.763] [Render thread/INFO] [net.minecraft.client.Minecraft/]: Waiting for overlay to disappear...
[27Sep2026 08:50:23.763] [Render thread/INFO] [net.minecraft.client.Minecraft/]: Waiting for player to load...
[27Sep2026 08:50:25.246] [Render thread/INFO] [net.minecraft.world.item.crafting.RecipeManager/]: Loaded 1290 recipes
[27Sep2026 08:50:25.427] [Render thread/INFO] [net.minecraft.advancements.AdvancementTree/]: Loaded 1399 advancements
[27Sep2026 08:50:25.845] [Render thread/INFO] [net.minecraft.client.Minecraft/]: Waiting for player to load...
[27Sep2026 08:50:26.078] [Server thread/INFO] [net.minecraft.client.server.IntegratedServer/]: Starting integrated minecraft server version 1.21.1
[27Sep2026 08:50:26.079] [Server thread/INFO] [net.minecraft.server.MinecraftServer/]: Generating keypair
[27Sep2026 08:50:26.160] [Server thread/WARN] [net.minecraftforge.common.ForgeConfigSpec/CORE]: Configuration file /home/runner/work/MCVoice/MCVoice/run/saves/New World/serverconfig/forge-server.toml is not correct. Correcting
[27Sep2026 08:50:26.161] [Server thread/WARN] [net.minecraftforge.common.ForgeConfigSpec/CORE]: Incorrect key server was corrected from null to its default, SynchronizedConfig{DataHolder:{}}. 
[27Sep2026 08:50:26.161] [Server thread/WARN] [net.minecraftforge.common.ForgeConfigSpec/CORE]: Incorrect key server.removeErroringBlockEntities was corrected from null to its default, false. 
[27Sep2026 08:50:26.161] [Server thread/WARN] [net.minecraftforge.common.ForgeConfigSpec/CORE]: Incorrect key server.removeErroringEntities was corrected from null to its default, false. 
[27Sep2026 08:50:26.161] [Server thread/WARN] [net.minecraftforge.common.ForgeConfigSpec/CORE]: Incorrect key server.fullBoundingBoxLadders was corrected from null to its default, false. 
[27Sep2026 08:50:26.161] [Server thread/WARN] [net.minecraftforge.common.ForgeConfigSpec/CORE]: Incorrect key server.permissionHandler was corrected from null to its default, forge:default_handler. 
[27Sep2026 08:50:26.161] [Server thread/WARN] [net.minecraftforge.common.ForgeConfigSpec/CORE]: Incorrect key server.advertiseDedicatedServerToLan was corrected from null to its default, true. 
[27Sep2026 08:50:26.161] [Server thread/WARN] [net.minecraftforge.common.ForgeConfigSpec/CORE]: Incorrect key server.useItemWithDurationZero was corrected from null to its default, false. 
[27Sep2026 08:50:32.472] [Server thread/INFO] [net.minecraft.server.MinecraftServer/]: Preparing start region for dimension minecraft:overworld
[27Sep2026 08:50:32.729] [Render thread/INFO] [net.minecraft.server.level.progress.LoggerChunkProgressListener/]: Preparing spawn area: 2%
[27Sep2026 08:50:33.173] [Render thread/INFO] [net.minecraft.server.level.progress.LoggerChunkProgressListener/]: Preparing spawn area: 2%
[27Sep2026 08:50:33.710] [Render thread/INFO] [net.minecraft.server.level.progress.LoggerChunkProgressListener/]: Preparing spawn area: 2%
[27Sep2026 08:50:34.145] [Render thread/INFO] [net.minecraft.server.level.progress.LoggerChunkProgressListener/]: Preparing spawn area: 2%
[27Sep2026 08:50:34.682] [Render thread/INFO] [net.minecraft.server.level.progress.LoggerChunkProgressListener/]: Preparing spawn area: 2%
[27Sep2026 08:50:35.194] [Render thread/INFO] [net.minecraft.server.level.progress.LoggerChunkProgressListener/]: Preparing spawn area: 18%
[27Sep2026 08:50:35.709] [Render thread/INFO] [net.minecraft.server.level.progress.LoggerChunkProgressListener/]: Preparing spawn area: 18%
[27Sep2026 08:50:36.123] [Render thread/INFO] [net.minecraft.server.level.progress.LoggerChunkProgressListener/]: Preparing spawn area: 18%
[27Sep2026 08:50:36.691] [Render thread/INFO] [net.minecraft.server.level.progress.LoggerChunkProgressListener/]: Preparing spawn area: 51%
[27Sep2026 08:50:37.173] [Render thread/INFO] [net.minecraft.server.level.progress.LoggerChunkProgressListener/]: Preparing spawn area: 51%
[27Sep2026 08:50:37.668] [Render thread/INFO] [net.minecraft.server.level.progress.LoggerChunkProgressListener/]: Preparing spawn area: 51%
[27Sep2026 08:50:38.129] [Server thread/INFO] [net.minecraftforge.server.permission.PermissionAPI/]: Successfully initialized permission handler forge:default_handler
[27Sep2026 08:50:38.226] [Server thread/INFO] [net.minecraft.client.server.IntegratedServer/]: Changing view distance to 12, from 10
[27Sep2026 08:50:38.226] [Server thread/INFO] [net.minecraft.client.server.IntegratedServer/]: Changing simulation distance to 12, from 0
[27Sep2026 08:50:38.399] [Render thread/INFO] [net.minecraft.client.Minecraft/]: Waiting for player to load...
[27Sep2026 08:50:38.406] [Render thread/INFO] [MCVoice/]: [WORLD] left world (disconnect), epoch 1
[27Sep2026 08:50:38.408] [Render thread/INFO] [net.minecraft.client.Minecraft/]: Waiting for player to load...
[27Sep2026 08:50:38.409] [Render thread/INFO] [net.minecraft.client.Minecraft/]: Waiting for player to load...
[27Sep2026 08:50:38.540] [Render thread/INFO] [net.minecraft.server.level.progress.LoggerChunkProgressListener/]: Time elapsed: 5948 ms
[27Sep2026 08:50:38.540] [Render thread/INFO] [net.minecraft.client.Minecraft/]: Waiting for player to load...
[27Sep2026 08:50:38.541] [Render thread/INFO] [net.minecraft.client.Minecraft/]: Waiting for player to load...
[27Sep2026 08:50:38.541] [Render thread/INFO] [net.minecraft.client.Minecraft/]: Waiting for player to load...
[27Sep2026 08:50:38.542] [Render thread/INFO] [net.minecraft.client.Minecraft/]: Waiting for player to load...
[27Sep2026 08:50:38.543] [Render thread/INFO] [net.minecraft.client.Minecraft/]: Waiting for player to load...
[27Sep2026 08:50:38.543] [Render thread/INFO] [net.minecraft.client.Minecraft/]: Waiting for player to load...
[27Sep2026 08:50:38.544] [Render thread/INFO] [net.minecraft.client.Minecraft/]: Waiting for player to load...
[27Sep2026 08:50:38.544] [Render thread/INFO] [net.minecraft.client.Minecraft/]: Waiting for player to load...
[27Sep2026 08:50:38.545] [Render thread/INFO] [net.minecraft.client.Minecraft/]: Waiting for player to load...
[27Sep2026 08:50:38.545] [Render thread/INFO] [net.minecraft.client.Minecraft/]: Waiting for player to load...
[27Sep2026 08:50:38.670] [Render thread/INFO] [net.minecraft.client.Minecraft/]: Waiting for player to load...
[27Sep2026 08:50:38.670] [Render thread/INFO] [net.minecraft.client.Minecraft/]: Waiting for player to load...
[27Sep2026 08:50:38.671] [Render thread/INFO] [net.minecraft.client.Minecraft/]: Waiting for player to load...
[27Sep2026 08:50:38.989] [Render thread/INFO] [net.minecraftforge.common.ForgeHooks/]: Connected to a modded server.
[27Sep2026 08:50:38.989] [Render thread/INFO] [net.minecraft.client.Minecraft/]: Waiting for player to load...
[27Sep2026 08:50:38.990] [Render thread/INFO] [net.minecraft.client.Minecraft/]: Waiting for player to load...
[27Sep2026 08:50:39.063] [Server thread/INFO] [net.minecraft.server.players.PlayerList/]: Offline[local:E:d2cab0d4] logged in with entity id 21 at (-89.5, 67.0, 209.5)
[27Sep2026 08:50:39.064] [Render thread/INFO] [net.minecraft.client.Minecraft/]: Waiting for player to load...
[27Sep2026 08:50:39.065] [Render thread/INFO] [net.minecraft.client.Minecraft/]: Waiting for player to load...
[27Sep2026 08:50:39.065] [Render thread/INFO] [net.minecraft.client.Minecraft/]: Waiting for player to load...
[27Sep2026 08:50:39.066] [Render thread/INFO] [net.minecraft.client.Minecraft/]: Waiting for player to load...
[27Sep2026 08:50:39.066] [Render thread/INFO] [net.minecraft.client.Minecraft/]: Waiting for player to load...
[27Sep2026 08:50:39.067] [Render thread/INFO] [net.minecraft.client.Minecraft/]: Waiting for player to load...
[27Sep2026 08:50:39.100] [Server thread/INFO] [net.minecraft.server.MinecraftServer/]: Offline joined the game
[27Sep2026 08:50:39.821] [Render thread/INFO] [net.minecraft.advancements.AdvancementTree/]: Loaded 2 advancements
[27Sep2026 08:50:39.866] [Render thread/INFO] [net.minecraft.client.Minecraft/]: Screen not yet null: net.minecraft.client.gui.screens.ReceivingLevelScreen@2012ed86
[27Sep2026 08:50:39.909] [Render thread/INFO] [MCVoice/]: [WORLD] new world session epoch 2 (join_world, minecraft:overworld)
[27Sep2026 08:50:39.918] [Render thread/INFO] [net.minecraft.client.Minecraft/]: Screen not yet null: net.minecraft.client.gui.screens.ReceivingLevelScreen@2012ed86
[27Sep2026 08:50:40.235] [MCVoice-Capture/WARN] [MCVoice/]: [AUDIO] microphone unavailable: no supported microphone format
[27Sep2026 08:50:40.232] [MCVoice-Playback/WARN] [MCVoice/]: [AUDIO] speaker unavailable: no supported speaker format
[27Sep2026 08:50:41.167] [Render thread/INFO] [net.minecraft.client.Minecraft/]: Screen not yet null: net.minecraft.client.gui.screens.ReceivingLevelScreen@2012ed86
[27Sep2026 08:50:41.174] [Render thread/INFO] [net.minecraft.client.Minecraft/]: Screen not yet null: net.minecraft.client.gui.screens.ReceivingLevelScreen@2012ed86
[27Sep2026 08:50:41.192] [Render thread/INFO] [net.minecraft.client.Minecraft/]: Screen not yet null: net.minecraft.client.gui.screens.ReceivingLevelScreen@2012ed86
[27Sep2026 08:50:41.205] [Render thread/INFO] [net.minecraft.client.Minecraft/]: Screen not yet null: net.minecraft.client.gui.screens.ReceivingLevelScreen@2012ed86
[27Sep2026 08:50:41.222] [Render thread/INFO] [net.minecraft.client.Minecraft/]: Screen not yet null: net.minecraft.client.gui.screens.ReceivingLevelScreen@2012ed86
[27Sep2026 08:50:41.228] [Render thread/INFO] [net.minecraft.client.Minecraft/]: Screen not yet null: net.minecraft.client.gui.screens.ReceivingLevelScreen@2012ed86
[27Sep2026 08:50:41.241] [Render thread/INFO] [net.minecraft.client.Minecraft/]: Screen not yet null: net.minecraft.client.gui.screens.ReceivingLevelScreen@2012ed86
[27Sep2026 08:50:41.251] [Render thread/INFO] [net.minecraft.client.Minecraft/]: Screen not yet null: net.minecraft.client.gui.screens.ReceivingLevelScreen@2012ed86
[27Sep2026 08:50:41.258] [Render thread/INFO] [net.minecraft.client.Minecraft/]: Screen not yet null: net.minecraft.client.gui.screens.ReceivingLevelScreen@2012ed86
[27Sep2026 08:50:41.267] [Render thread/INFO] [net.minecraft.client.Minecraft/]: Screen not yet null: net.minecraft.client.gui.screens.ReceivingLevelScreen@2012ed86
[27Sep2026 08:50:41.477] [Render thread/INFO] [net.minecraft.client.Minecraft/]: Screen not yet null: net.minecraft.client.gui.screens.ReceivingLevelScreen@2012ed86
[27Sep2026 08:50:41.481] [Render thread/INFO] [net.minecraft.client.Minecraft/]: Screen not yet null: net.minecraft.client.gui.screens.ReceivingLevelScreen@2012ed86
[27Sep2026 08:50:41.484] [Render thread/INFO] [net.minecraft.client.Minecraft/]: Screen not yet null: net.minecraft.client.gui.screens.ReceivingLevelScreen@2012ed86
[27Sep2026 08:50:41.488] [Render thread/INFO] [net.minecraft.client.Minecraft/]: Screen not yet null: net.minecraft.client.gui.screens.ReceivingLevelScreen@2012ed86
[27Sep2026 08:50:41.491] [Render thread/INFO] [net.minecraft.client.Minecraft/]: Screen not yet null: net.minecraft.client.gui.screens.ReceivingLevelScreen@2012ed86
[27Sep2026 08:50:41.494] [Render thread/INFO] [net.minecraft.client.Minecraft/]: Screen not yet null: net.minecraft.client.gui.screens.ReceivingLevelScreen@2012ed86
[27Sep2026 08:50:41.735] [Render thread/INFO] [net.minecraft.client.Minecraft/]: Screen not yet null: net.minecraft.client.gui.screens.ReceivingLevelScreen@2012ed86
[27Sep2026 08:50:41.752] [Render thread/INFO] [net.minecraft.client.Minecraft/]: Screen not yet null: net.minecraft.client.gui.screens.ReceivingLevelScreen@2012ed86
[27Sep2026 08:50:41.761] [Render thread/INFO] [net.minecraft.client.Minecraft/]: Screen not yet null: net.minecraft.client.gui.screens.ReceivingLevelScreen@2012ed86
[27Sep2026 08:50:41.769] [Render thread/INFO] [net.minecraft.client.Minecraft/]: Screen not yet null: net.minecraft.client.gui.screens.ReceivingLevelScreen@2012ed86
[27Sep2026 08:50:41.781] [Render thread/INFO] [net.minecraft.client.Minecraft/]: Screen not yet null: net.minecraft.client.gui.screens.ReceivingLevelScreen@2012ed86
[27Sep2026 08:50:42.274] [Render thread/INFO] [net.minecraft.client.Minecraft/]: Screen not yet null: net.minecraft.client.gui.screens.ReceivingLevelScreen@2012ed86
[27Sep2026 08:50:42.280] [Render thread/INFO] [net.minecraft.client.Minecraft/]: Waiting 76 ticks before testing...
[27Sep2026 08:50:42.283] [Render thread/INFO] [net.minecraft.client.Minecraft/]: Waiting 75 ticks before testing...
[27Sep2026 08:50:42.286] [Render thread/INFO] [net.minecraft.client.Minecraft/]: Waiting 74 ticks before testing...
[27Sep2026 08:50:42.288] [Render thread/INFO] [net.minecraft.client.Minecraft/]: Waiting 73 ticks before testing...
[27Sep2026 08:50:42.294] [Render thread/INFO] [net.minecraft.client.Minecraft/]: Waiting 72 ticks before testing...
[27Sep2026 08:50:42.297] [Render thread/INFO] [net.minecraft.client.Minecraft/]: Waiting 71 ticks before testing...
[27Sep2026 08:50:42.302] [Render thread/INFO] [net.minecraft.client.Minecraft/]: Waiting 70 ticks before testing...
[27Sep2026 08:50:42.307] [Render thread/INFO] [net.minecraft.client.Minecraft/]: Waiting 69 ticks before testing...
[27Sep2026 08:50:42.311] [Render thread/INFO] [net.minecraft.client.Minecraft/]: Waiting 68 ticks before testing...
[27Sep2026 08:50:42.360] [Render thread/INFO] [net.minecraft.client.Minecraft/]: Waiting 67 ticks before testing...
[27Sep2026 08:50:42.365] [Render thread/INFO] [net.minecraft.client.Minecraft/]: Waiting 66 ticks before testing...
[27Sep2026 08:50:42.418] [Render thread/INFO] [net.minecraft.client.Minecraft/]: Waiting 65 ticks before testing...
[27Sep2026 08:50:42.472] [Render thread/INFO] [net.minecraft.client.Minecraft/]: Waiting 64 ticks before testing...
[27Sep2026 08:50:42.588] [Render thread/INFO] [net.minecraft.client.Minecraft/]: Waiting 63 ticks before testing...
[27Sep2026 08:50:42.592] [Render thread/INFO] [net.minecraft.client.Minecraft/]: Waiting 62 ticks before testing...
[27Sep2026 08:50:42.650] [Render thread/INFO] [net.minecraft.client.Minecraft/]: Waiting 61 ticks before testing...
[27Sep2026 08:50:42.701] [Render thread/INFO] [net.minecraft.client.Minecraft/]: Waiting 60 ticks before testing...
[27Sep2026 08:50:42.748] [Render thread/INFO] [net.minecraft.client.Minecraft/]: Waiting 59 ticks before testing...
[27Sep2026 08:50:42.803] [Render thread/INFO] [net.minecraft.client.Minecraft/]: Waiting 58 ticks before testing...
[27Sep2026 08:50:42.847] [Render thread/INFO] [net.minecraft.client.Minecraft/]: Waiting 57 ticks before testing...
[27Sep2026 08:50:42.888] [Render thread/INFO] [net.minecraft.client.Minecraft/]: Waiting 56 ticks before testing...
[27Sep2026 08:50:42.944] [Render thread/INFO] [net.minecraft.client.Minecraft/]: Waiting 55 ticks before testing...
[27Sep2026 08:50:42.995] [Render thread/INFO] [net.minecraft.client.Minecraft/]: Waiting 54 ticks before testing...
[27Sep2026 08:50:43.048] [Render thread/INFO] [net.minecraft.client.Minecraft/]: Waiting 53 ticks before testing...
[27Sep2026 08:50:43.108] [Render thread/INFO] [net.minecraft.client.Minecraft/]: Waiting 52 ticks before testing...
[27Sep2026 08:50:43.112] [Render thread/INFO] [net.minecraft.client.Minecraft/]: Waiting 51 ticks before testing...
[27Sep2026 08:50:43.233] [Render thread/INFO] [net.minecraft.client.Minecraft/]: Waiting 50 ticks before testing...
[27Sep2026 08:50:43.236] [Render thread/INFO] [net.minecraft.client.Minecraft/]: Waiting 49 ticks before testing...
[27Sep2026 08:50:43.321] [Render thread/INFO] [net.minecraft.client.Minecraft/]: Waiting 48 ticks before testing...
[27Sep2026 08:50:43.336] [Render thread/INFO] [net.minecraft.client.Minecraft/]: Waiting 47 ticks before testing...
[27Sep2026 08:50:43.435] [Render thread/INFO] [net.minecraft.client.Minecraft/]: Waiting 46 ticks before testing...
[27Sep2026 08:50:43.442] [Render thread/INFO] [net.minecraft.client.Minecraft/]: Waiting 45 ticks before testing...
[27Sep2026 08:50:43.539] [Render thread/INFO] [net.minecraft.client.Minecraft/]: Waiting 44 ticks before testing...
[27Sep2026 08:50:43.547] [Render thread/INFO] [net.minecraft.client.Minecraft/]: Waiting 43 ticks before testing...
[27Sep2026 08:50:43.629] [Render thread/INFO] [net.minecraft.client.Minecraft/]: Waiting 42 ticks before testing...
[27Sep2026 08:50:43.636] [Render thread/INFO] [net.minecraft.client.Minecraft/]: Waiting 41 ticks before testing...
[27Sep2026 08:50:43.704] [Render thread/INFO] [net.minecraft.client.Minecraft/]: Waiting 40 ticks before testing...
[27Sep2026 08:50:43.774] [Render thread/INFO] [net.minecraft.client.Minecraft/]: Waiting 39 ticks before testing...
[27Sep2026 08:50:43.778] [Render thread/INFO] [net.minecraft.client.Minecraft/]: Waiting 38 ticks before testing...
[27Sep2026 08:50:43.854] [Render thread/INFO] [net.minecraft.client.Minecraft/]: Waiting 37 ticks before testing...
[27Sep2026 08:50:43.953] [Render thread/INFO] [net.minecraft.client.Minecraft/]: Waiting 36 ticks before testing...
[27Sep2026 08:50:43.957] [Render thread/INFO] [net.minecraft.client.Minecraft/]: Waiting 35 ticks before testing...
[27Sep2026 08:50:44.019] [Render thread/INFO] [net.minecraft.client.Minecraft/]: Waiting 34 ticks before testing...
[27Sep2026 08:50:44.023] [Render thread/INFO] [net.minecraft.client.Minecraft/]: Waiting 33 ticks before testing...
[27Sep2026 08:50:44.089] [Render thread/INFO] [net.minecraft.client.Minecraft/]: Waiting 32 ticks before testing...
[27Sep2026 08:50:44.162] [Render thread/INFO] [net.minecraft.client.Minecraft/]: Waiting 31 ticks before testing...
[27Sep2026 08:50:44.166] [Render thread/INFO] [net.minecraft.client.Minecraft/]: Waiting 30 ticks before testing...
[27Sep2026 08:50:44.240] [Render thread/INFO] [net.minecraft.client.Minecraft/]: Waiting 29 ticks before testing...
[27Sep2026 08:50:44.309] [Render thread/INFO] [net.minecraft.client.Minecraft/]: Waiting 28 ticks before testing...
[27Sep2026 08:50:44.312] [Render thread/INFO] [net.minecraft.client.Minecraft/]: Waiting 27 ticks before testing...
[27Sep2026 08:50:44.382] [Render thread/INFO] [net.minecraft.client.Minecraft/]: Waiting 26 ticks before testing...
[27Sep2026 08:50:44.451] [Render thread/INFO] [net.minecraft.client.Minecraft/]: Waiting 25 ticks before testing...
[27Sep2026 08:50:44.519] [Render thread/INFO] [net.minecraft.client.Minecraft/]: Waiting 24 ticks before testing...
[27Sep2026 08:50:44.527] [Render thread/INFO] [net.minecraft.client.Minecraft/]: Waiting 23 ticks before testing...
[27Sep2026 08:50:44.612] [Render thread/INFO] [net.minecraft.client.Minecraft/]: Waiting 22 ticks before testing...
[27Sep2026 08:50:44.619] [Render thread/INFO] [net.minecraft.client.Minecraft/]: Waiting 21 ticks before testing...
[27Sep2026 08:50:44.717] [Render thread/INFO] [net.minecraft.client.Minecraft/]: Waiting 20 ticks before testing...
[27Sep2026 08:50:44.723] [Render thread/INFO] [net.minecraft.client.Minecraft/]: Waiting 19 ticks before testing...
[27Sep2026 08:50:44.815] [Render thread/INFO] [net.minecraft.client.Minecraft/]: Waiting 18 ticks before testing...
[27Sep2026 08:50:44.824] [Render thread/INFO] [net.minecraft.client.Minecraft/]: Waiting 17 ticks before testing...
[27Sep2026 08:50:44.900] [Render thread/INFO] [net.minecraft.client.Minecraft/]: Waiting 16 ticks before testing...
[27Sep2026 08:50:44.995] [Render thread/INFO] [net.minecraft.client.Minecraft/]: Waiting 15 ticks before testing...
[27Sep2026 08:50:45.002] [Render thread/INFO] [net.minecraft.client.Minecraft/]: Waiting 14 ticks before testing...
[27Sep2026 08:50:45.088] [Render thread/INFO] [net.minecraft.client.Minecraft/]: Waiting 13 ticks before testing...
[27Sep2026 08:50:45.092] [Render thread/INFO] [net.minecraft.client.Minecraft/]: Waiting 12 ticks before testing...
[27Sep2026 08:50:45.177] [Render thread/INFO] [net.minecraft.client.Minecraft/]: Waiting 11 ticks before testing...
[27Sep2026 08:50:45.184] [Render thread/INFO] [net.minecraft.client.Minecraft/]: Waiting 10 ticks before testing...
[27Sep2026 08:50:45.286] [Render thread/INFO] [net.minecraft.client.Minecraft/]: Waiting 9 ticks before testing...
[27Sep2026 08:50:45.291] [Render thread/INFO] [net.minecraft.client.Minecraft/]: Waiting 8 ticks before testing...
[27Sep2026 08:50:45.352] [Render thread/INFO] [net.minecraft.client.Minecraft/]: Waiting 7 ticks before testing...
[27Sep2026 08:50:45.436] [Render thread/INFO] [net.minecraft.client.Minecraft/]: Waiting 6 ticks before testing...
[27Sep2026 08:50:45.443] [Render thread/INFO] [net.minecraft.client.Minecraft/]: Waiting 5 ticks before testing...
[27Sep2026 08:50:45.522] [Render thread/INFO] [net.minecraft.client.Minecraft/]: Waiting 4 ticks before testing...
[27Sep2026 08:50:45.527] [Render thread/INFO] [net.minecraft.client.Minecraft/]: Waiting 3 ticks before testing...
[27Sep2026 08:50:45.600] [Render thread/INFO] [net.minecraft.client.Minecraft/]: Waiting 2 ticks before testing...
[27Sep2026 08:50:45.679] [Render thread/INFO] [net.minecraft.client.Minecraft/]: Waiting 1 ticks before testing...
[27Sep2026 08:50:45.682] [Render thread/INFO] [net.minecraft.client.Minecraft/]: Running game tests...
[27Sep2026 08:50:45.696] [Server thread/INFO] [me.earth.mc_runtime_test.McGameTestRunner/]: TestFunctions: []
[27Sep2026 08:50:45.696] [Render thread/INFO] [net.minecraft.client.Minecraft/]: No tests found, Successfully finished.
[27Sep2026 08:50:45.768] [Server thread/INFO] [net.minecraft.server.MinecraftServer/]: Stopping server
[27Sep2026 08:50:45.769] [Server thread/INFO] [net.minecraft.server.MinecraftServer/]: Saving players
[27Sep2026 08:50:45.786] [Server thread/INFO] [net.minecraft.server.MinecraftServer/]: Saving worlds
[27Sep2026 08:50:46.644] [Server thread/INFO] [net.minecraft.server.MinecraftServer/]: Saving chunks for level 'ServerLevel[New World]'/minecraft:overworld
[27Sep2026 08:50:46.882] [Server thread/INFO] [net.minecraft.server.MinecraftServer/]: Saving chunks for level 'ServerLevel[New World]'/minecraft:the_nether
[27Sep2026 08:50:46.885] [Server thread/INFO] [net.minecraft.server.MinecraftServer/]: Saving chunks for level 'ServerLevel[New World]'/minecraft:the_end
[27Sep2026 08:50:46.918] [Server thread/INFO] [net.minecraft.server.MinecraftServer/]: ThreadedAnvilChunkStorage (New World): All chunks are saved
[27Sep2026 08:50:46.918] [Server thread/INFO] [net.minecraft.server.MinecraftServer/]: ThreadedAnvilChunkStorage (DIM-1): All chunks are saved
[27Sep2026 08:50:46.918] [Server thread/INFO] [net.minecraft.server.MinecraftServer/]: ThreadedAnvilChunkStorage (DIM1): All chunks are saved
[27Sep2026 08:50:46.918] [Server thread/INFO] [net.minecraft.server.MinecraftServer/]: ThreadedAnvilChunkStorage: All dimensions are saved
[27Sep2026 08:50:47.581] [Render thread/INFO] [MCVoice/]: [WORLD] left world (disconnect), epoch 3
[27Sep2026 08:50:47.625] [Render thread/INFO] [net.minecraft.client.Minecraft/]: Stopping!
