ge
[27Sep2026 09:11:04.088] [main/INFO] [net.minecraftforge.fml.loading.moddiscovery.JarInJarDependencyLocator/JAR-JAR]: 	*mixinextras-forge-0.5.4.jar
[27Sep2026 09:11:04.088] [main/INFO] [net.minecraftforge.fml.loading.moddiscovery.JarInJarDependencyLocator/JAR-JAR]: Found 2 dependencies adding them to mods collection
[27Sep2026 09:11:04.277] [main/INFO] [cpw.mods.modlauncher.LaunchServiceHandler/MODLAUNCHER]: Launching target 'forge_client' with arguments [--version, 26.1.2-forge-64.1.3, --gameDir, /home/runner/work/MCVoice/MCVoice/run, --assetsDir, /home/runner/.minecraft/assets, --uuid, 22689332a7fd41919600b0fe1135ee34, --username, Offline, --assetIndex, 30, --accessToken, **********, --clientId, , --xuid, , --versionType, release]
[27Sep2026 09:11:05.835] [Datafixer Bootstrap/INFO] [com.mojang.datafixers.DataFixerBuilder/]: 291 Datafixer optimizations took 476 milliseconds
[27Sep2026 09:11:09.986] [Render thread/INFO] [MixinExtras|Service/]: Initializing MixinExtras via com.llamalad7.mixinextras.service.MixinExtrasServiceImpl(version=0.5.4).
[27Sep2026 09:11:10.439] [Render thread/INFO] [com.mojang.authlib.yggdrasil.YggdrasilAuthenticationService/]: Environment: Environment[sessionHost=https://sessionserver.mojang.com, servicesHost=https://api.minecraftservices.com, profilesHost=https://api.mojang.com, name=PROD]
[27Sep2026 09:11:10.460] [Render thread/INFO] [net.minecraft.client.Minecraft/]: Setting user: Offline
[27Sep2026 09:11:10.671] [Render thread/INFO] [net.minecraft.client.Minecraft/]: Backend library: LWJGL version 3.4.1+2
[27Sep2026 09:11:10.958] [Download-2/ERROR] [net.minecraft.client.Minecraft/]: Failed to fetch user properties
com.mojang.authlib.exceptions.InvalidCredentialsException: Status: 401
	at SECURE-BOOTSTRAP/authlib@7.0.63/com.mojang.authlib.exceptions.MinecraftClientHttpException.toAuthenticationException(MinecraftClientHttpException.java:59) ~[authlib-7.0.63.jar!/:?]
	at SECURE-BOOTSTRAP/authlib@7.0.63/com.mojang.authlib.yggdrasil.YggdrasilUserApiService.fetchProperties(YggdrasilUserApiService.java:150) ~[authlib-7.0.63.jar!/:?]
	at TRANSFORMER/minecraft@26.1.2/net.minecraft.client.Minecraft.lambda$new$1(Minecraft.java:428) [forge-26.1.2-64.1.3-client.jar!/:?]
	at java.base/java.util.concurrent.CompletableFuture$AsyncSupply.run(CompletableFuture.java:1789) [?:?]
	at java.base/java.util.concurrent.ThreadPoolExecutor.runWorker(ThreadPoolExecutor.java:1090) [?:?]
	at java.base/java.util.concurrent.ThreadPoolExecutor$Worker.run(ThreadPoolExecutor.java:614) [?:?]
	at java.base/java.lang.Thread.run(Thread.java:1474) [?:?]
Caused by: com.mojang.authlib.exceptions.MinecraftClientHttpException: Status: 401
	at SECURE-BOOTSTRAP/authlib@7.0.63/com.mojang.authlib.minecraft.client.MinecraftClient.readInputStream(MinecraftClient.java:103) ~[authlib-7.0.63.jar!/:?]
	at SECURE-BOOTSTRAP/authlib@7.0.63/com.mojang.authlib.minecraft.client.MinecraftClient.get(MinecraftClient.java:56) ~[authlib-7.0.63.jar!/:?]
	at SECURE-BOOTSTRAP/authlib@7.0.63/com.mojang.authlib.yggdrasil.YggdrasilUserApiService.fetchProperties(YggdrasilUserApiService.java:121) ~[authlib-7.0.63.jar!/:?]
	... 5 more
[27Sep2026 09:11:11.055] [Render thread/INFO] [net.minecraft.client.Minecraft/]: Using optional rendering extensions: GL_ARB_buffer_storage, GL_KHR_debug, GL_ARB_vertex_attrib_binding, GL_ARB_direct_state_access, GL_EXT_texture_filter_anisotropic
[27Sep2026 09:11:11.243] [modloading-worker-0/INFO] [net.minecraftforge.common.ForgeMod/FORGEMOD]: Forge mod loading, version 64.1.3, for MC 26.1.2 with MCP 20260409.101008
[27Sep2026 09:11:11.245] [modloading-worker-0/INFO] [net.minecraftforge.common.MinecraftForge/FORGE]: MinecraftForge v64.1.3 Initialized
[27Sep2026 09:11:11.283] [modloading-worker-0/INFO] [net.minecraftforge.common.ForgeMod/FORGEMOD]: Opening jdk.naming.dns/com.sun.jndi.dns to java.naming
[27Sep2026 09:11:11.988] [Download-2/INFO] [com.mojang.realmsclient.client.RealmsClient/]: Could not authorize you against Realms server: javax.ws.rs.BadRequestException: Invalid session
[27Sep2026 09:11:11.990] [Download-2/ERROR] [com.mojang.realmsclient.client.RealmsClient/]: Failed to fetch Realms feature flags
com.mojang.realmsclient.exception.RealmsServiceException: Realms authentication error with message 'javax.ws.rs.BadRequestException: Invalid session'
	at TRANSFORMER/minecraft@26.1.2/com.mojang.realmsclient.client.RealmsClient.execute(RealmsClient.java:526) [forge-26.1.2-64.1.3-client.jar!/:?]
	at TRANSFORMER/minecraft@26.1.2/com.mojang.realmsclient.client.RealmsClient.fetchFeatureFlags(RealmsClient.java:186) [forge-26.1.2-64.1.3-client.jar!/:?]
	at java.base/java.util.concurrent.CompletableFuture$AsyncSupply.run(CompletableFuture.java:1789) [?:?]
	at java.base/java.util.concurrent.ThreadPoolExecutor.runWorker(ThreadPoolExecutor.java:1090) [?:?]
	at java.base/java.util.concurrent.ThreadPoolExecutor$Worker.run(ThreadPoolExecutor.java:614) [?:?]
	at java.base/java.lang.Thread.run(Thread.java:1474) [?:?]
[27Sep2026 09:11:12.005] [Render thread/ERROR] [com.mojang.text2speech.Narrator/]: Error while loading the narrator
com.mojang.text2speech.Narrator$InitializeException: Failed to load library flite
	at SECURE-BOOTSTRAP/text2speech@1.18.11/com.mojang.text2speech.NarratorLinux$FliteLibrary.loadNative(NarratorLinux.java:81) ~[text2speech-1.18.11.jar!/:?]
	at SECURE-BOOTSTRAP/text2speech@1.18.11/com.mojang.text2speech.NarratorLinux.<init>(NarratorLinux.java:18) ~[text2speech-1.18.11.jar!/:?]
	at SECURE-BOOTSTRAP/text2speech@1.18.11/com.mojang.text2speech.Narrator.getNarrator(Narrator.java:41) ~[text2speech-1.18.11.jar!/:?]
	at TRANSFORMER/minecraft@26.1.2/net.minecraft.client.GameNarrator.<init>(GameNarrator.java:20) ~[forge-26.1.2-64.1.3-client.jar!/:?]
	at TRANSFORMER/minecraft@26.1.2/net.minecraft.client.Minecraft.<init>(Minecraft.java:682) ~[forge-26.1.2-64.1.3-client.jar!/:?]
	at TRANSFORMER/minecraft@26.1.2/net.minecraft.client.main.Main.main(Main.java:223) ~[forge-26.1.2-64.1.3-client.jar!/:?]
	at java.base/jdk.internal.reflect.DirectMethodHandleAccessor.invoke(DirectMethodHandleAccessor.java:104) ~[?:?]
	at java.base/java.lang.reflect.Method.invoke(Method.java:565) ~[?:?]
	at SECURE-BOOTSTRAP/net.minecraftforge.fmlloader@26.1.2-64.1.3/net.minecraftforge.fml.loading.targets.CommonLaunchHandler.runTarget(CommonLaunchHandler.java:96) ~[fmlloader-26.1.2-64.1.3.jar:?]
	at SECURE-BOOTSTRAP/net.minecraftforge.fmlloader@26.1.2-64.1.3/net.minecraftforge.fml.loading.targets.CommonLaunchHandler.lambda$makeService$0(CommonLaunchHandler.java:79) ~[fmlloader-26.1.2-64.1.3.jar:?]
	at SECURE-BOOTSTRAP/cpw.mods.modlauncher@10.2.6/cpw.mods.modlauncher.LaunchServiceHandler.launch(LaunchServiceHandler.java:84) ~[modlauncher-10.2.6.jar:?]
	at SECURE-BOOTSTRAP/cpw.mods.modlauncher@10.2.6/cpw.mods.modlauncher.LaunchServiceHandler.launch(LaunchServiceHandler.java:104) ~[modlauncher-10.2.6.jar:?]
	at SECURE-BOOTSTRAP/cpw.mods.modlauncher@10.2.6/cpw.mods.modlauncher.Launcher.run(Launcher.java:151) ~[modlauncher-10.2.6.jar:?]
	at SECURE-BOOTSTRAP/cpw.mods.modlauncher@10.2.6/cpw.mods.modlauncher.Launcher.main(Launcher.java:110) ~[modlauncher-10.2.6.jar:?]
	at SECURE-BOOTSTRAP/cpw.mods.modlauncher@10.2.6/cpw.mods.modlauncher.BootstrapEntry.main(BootstrapEntry.java:17) ~[modlauncher-10.2.6.jar:?]
	at net.minecraftforge.bootstrap@2.1.7/net.minecraftforge.bootstrap.Bootstrap.moduleMain(Bootstrap.java:188) [bootstrap-2.1.8.jar:2.1.8]
	at java.base/jdk.internal.reflect.DirectMethodHandleAccessor.invoke(DirectMethodHandleAccessor.java:104) ~[?:?]
	at java.base/java.lang.reflect.Method.invoke(Method.java:565) ~[?:?]
	at net.minecraftforge.bootstrap.Bootstrap.bootstrapMain(Bootstrap.java:133) [bootstrap-2.1.8.jar:2.1.8]
	at net.minecraftforge.bootstrap.Bootstrap.start(Bootstrap.java:53) [bootstrap-2.1.8.jar:2.1.8]
	at net.minecraftforge.bootstrap.ForgeBootstrap.main(ForgeBootstrap.java:19) [bootstrap-2.1.8.jar:2.1.8]
Caused by: java.lang.UnsatisfiedLinkError: Unable to load library 'flite':
libflite.so: cannot open shared object file: No such file or directory
libflite.so: cannot open shared object file: No such file or directory
Native library (linux-x86-64/libflite.so) not found in resource path (/home/runner/.minecraft/libraries/at/yawk/lz4/lz4-java/1.10.1/lz4-java-1.10.1.jar:/home/runner/.minecraft/libraries/com/azure/azure-json/1.4.0/azure-json-1.4.0.jar:/home/runner/.minecraft/libraries/com/github/oshi/oshi-core/6.9.0/oshi-core-6.9.0.jar:/home/runner/.minecraft/libraries/com/google/code/gson/gson/2.13.2/gson-2.13.2.jar:/home/runner/.minecraft/libraries/com/ibm/icu/icu4j/77.1/icu4j-77.1.jar:/home/runner/.minecraft/libraries/com/microsoft/azure/msal4j/1.23.1/msal4j-1.23.1.jar:/home/runner/.minecraft/libraries/com/mojang/authlib/7.0.63/authlib-7.0.63.jar:/home/runner/.minecraft/libraries/com/mojang/blocklist/1.0.10/blocklist-1.0.10.jar:/home/runner/.minecraft/libraries/com/mojang/brigadier/1.3.10/brigadier-1.3.10.jar:/home/runner/.minecraft/libraries/com/mojang/datafixerupper/9.0.19/datafixerupper-9.0.19.jar:/home/runner/.minecraft/libraries/com/mojang/jtracy/1.0.37/jtracy-1.0.37.jar:/home/runner/.minecraft/libraries/com/mojang/jtracy/1.0.37/jtracy-1.0.37-natives-linux.jar:/home/runner/.minecraft/libraries/com/mojang/logging/1.6.11/logging-1.6.11.jar:/home/runner/.minecraft/libraries/com/mojang/patchy/2.2.10/patchy-2.2.10.jar:/home/runner/.minecraft/libraries/com/mojang/text2speech/1.18.11/text2speech-1.18.11.jar:/home/runner/.minecraft/libraries/commons-codec/commons-codec/1.19.0/commons-codec-1.19.0.jar:/home/runner/.minecraft/libraries/commons-io/commons-io/2.20.0/commons-io-2.20.0.jar:/home/runner/.minecraft/libraries/io/netty/netty-buffer/4.2.7.Final/netty-buffer-4.2.7.Final.jar:/home/runner/.minecraft/libraries/io/netty/netty-codec-base/4.2.7.Final/netty-codec-base-4.2.7.Final.jar:/home/runner/.minecraft/libraries/io/netty/netty-codec-compression/4.2.7.Final/netty-codec-compression-4.2.7.Final.jar:/home/runner/.minecraft/libraries/io/netty/netty-codec-http/4.2.7.Final/netty-codec-http-4.2.7.Final.jar:/home/runner/.minecraft/libraries/io/netty/netty-common/4.2.7.Final/netty-common-4.2.7.Final.jar:/home/runner/.minecraft/libraries/io/netty/netty-handler/4.2.7.Final/netty-handler-4.2.7.Final.jar:/home/runner/.minecraft/libraries/io/netty/netty-resolver/4.2.7.Final/netty-resolver-4.2.7.Final.jar:/home/runner/.minecraft/libraries/io/netty/netty-transport-classes-epoll/4.2.7.Final/netty-transport-classes-epoll-4.2.7.Final.jar:/home/runner/.minecraft/libraries/io/netty/netty-transport-classes-kqueue/4.2.7.Final/netty-transport-classes-kqueue-4.2.7.Final.jar:/home/runner/.minecraft/libraries/io/netty/netty-transport-native-epoll/4.2.7.Final/netty-transport-native-epoll-4.2.7.Final-linux-aarch_64.jar:/home/runner/.minecraft/libraries/io/netty/netty-transport-native-epoll/4.2.7.Final/netty-transport-native-epoll-4.2.7.Final-linux-x86_64.jar:/home/runner/.minecraft/libraries/io/netty/netty-transport-native-unix-common/4.2.7.Final/netty-transport-native-unix-common-4.2.7.Final.jar:/home/runner/.minecraft/libraries/io/netty/netty-transport/4.2.7.Final/netty-transport-4.2.7.Final.jar:/home/runner/.minecraft/libraries/it/unimi/dsi/fastutil/8.5.18/fastutil-8.5.18.jar:/home/runner/.minecraft/libraries/net/java/dev/jna/jna-platform/5.17.0/jna-platform-5.17.0.jar:/home/runner/.minecraft/libraries/net/java/dev/jna/jna/5.17.0/jna-5.17.0.jar:/home/runner/.minecraft/libraries/net/sf/jopt-simple/jopt-simple/5.0.4/jopt-simple-5.0.4.jar:/home/runner/.minecraft/libraries/org/apache/commons/commons-compress/1.28.0/commons-compress-1.28.0.jar:/home/runner/.minecraft/libraries/org/apache/commons/commons-lang3/3.19.0/commons-lang3-3.19.0.jar:/home/runner/work/MCVoice/MCVoice/HeadlessMC/0a38e65a-8f0a-4783-8383-8acd5722d1e7/log4j-api-2.25.2.jar:/home/runner/work/MCVoice/MCVoice/HeadlessMC/0a38e65a-8f0a-4783-8383-8acd5722d1e7/log4j-core-2.25.2.jar:/home/runner/work/MCVoice/MCVoice/HeadlessMC/0a38e65a-8f0a-4783-8383-8acd5722d1e7/log4j-slf4j2-impl-2.25.2.jar:/home/runner/.minecraft/libraries/org/jcraft/jorbis/0.0.17/jorbis-0.0.17.jar:/home/runner/.minecraft/libraries/org/joml/joml/1.10.8/joml-1.10.8.jar:/home/runner/.minecraft/libraries/org/lwjgl/lwjgl-freetype/3.4.1/lwjgl-freetype-3.4.1.jar:/home/runner/.minecraft/libraries/org/lwjgl/lwjgl-freetype/3.4.1/lwjgl-freetype-3.4.1-natives-linux.jar:/home/runner/.minecraft/libraries/org/lwjgl/lwjgl-glfw/3.4.1/lwjgl-glfw-3.4.1.jar:/home/runner/.minecraft/libraries/org/lwjgl/lwjgl-glfw/3.4.1/lwjgl-glfw-3.4.1-natives-linux.jar:/home/runner/.minecraft/libraries/org/lwjgl/lwjgl-jemalloc/3.4.1/lwjgl-jemalloc-3.4.1.jar:/home/runner/.minecraft/libraries/org/lwjgl/lwjgl-jemalloc/3.4.1/lwjgl-jemalloc-3.4.1-natives-linux.jar:/home/runner/.minecraft/libraries/org/lwjgl/lwjgl-openal/3.4.1/lwjgl-openal-3.4.1.jar:/home/runner/.minecraft/libraries/org/lwjgl/lwjgl-openal/3.4.1/lwjgl-openal-3.4.1-natives-linux.jar:/home/runner/.minecraft/libraries/org/lwjgl/lwjgl-opengl/3.4.1/lwjgl-opengl-3.4.1.jar:/home/runner/.minecraft/libraries/org/lwjgl/lwjgl-opengl/3.4.1/lwjgl-opengl-3.4.1-natives-linux.jar:/home/runner/.minecraft/libraries/org/lwjgl/lwjgl-stb/3.4.1/lwjgl-stb-3.4.1.jar:/home/runner/.minecraft/libraries/org/lwjgl/lwjgl-stb/3.4.1/lwjgl-stb-3.4.1-natives-linux.jar:/home/runner/.minecraft/libraries/org/lwjgl/lwjgl-tinyfd/3.4.1/lwjgl-tinyfd-3.4.1.jar:/home/runner/.minecraft/libraries/org/lwjgl/lwjgl-tinyfd/3.4.1/lwjgl-tinyfd-3.4.1-natives-linux.jar:/home/runner/.minecraft/libraries/org/lwjgl/lwjgl/3.4.1/lwjgl-3.4.1.jar:/home/runner/.minecraft/libraries/org/lwjgl/lwjgl/3.4.1/lwjgl-3.4.1-natives-linux.jar:/home/runner/.minecraft/libraries/org/slf4j/slf4j-api/2.0.17/slf4j-api-2.0.17.jar:/home/runner/.minecraft/libraries/net/minecraftforge/forge/26.1.2-64.1.3/forge-26.1.2-64.1.3-universal.jar:/home/runner/.minecraft/libraries/net/minecraftforge/forge/26.1.2-64.1.3/forge-26.1.2-64.1.3-client.jar:/home/runner/.minecraft/libraries/net/minecraftforge/JarJarFileSystems/0.4.2/JarJarFileSystems-0.4.2.jar:/home/runner/.minecraft/libraries/net/minecraftforge/roimfs/1.0.0/roimfs-1.0.0.jar:/home/runner/.minecraft/libraries/com/google/guava/guava/33.5.0-jre/guava-33.5.0-jre.jar:/home/runner/.minecraft/libraries/com/google/guava/failureaccess/1.0.3/failureaccess-1.0.3.jar:/home/runner/.minecraft/libraries/net/minecraftforge/securemodules/2.2.24/securemodules-2.2.24.jar:/home/runner/.minecraft/libraries/net/minecraftforge/unsafe/0.9.2/unsafe-0.9.2.jar:/home/runner/.minecraft/libraries/org/ow2/asm/asm/9.10.1/asm-9.10.1.jar:/home/runner/.minecraft/libraries/org/ow2/asm/asm-tree/9.10.1/asm-tree-9.10.1.jar:/home/runner/.minecraft/libraries/org/ow2/asm/asm-util/9.10.1/asm-util-9.10.1.jar:/home/runner/.minecraft/libraries/org/ow2/asm/asm-commons/9.10.1/asm-commons-9.10.1.jar:/home/runner/.minecraft/libraries/org/ow2/asm/asm-analysis/9.10.1/asm-analysis-9.10.1.jar:/home/runner/.minecraft/libraries/net/minecraftforge/bootstrap/2.1.8/bootstrap-2.1.8.jar:/home/runner/.minecraft/libraries/net/minecraftforge/bootstrap-api/2.1.8/bootstrap-api-2.1.8.jar:/home/runner/.minecraft/libraries/net/minecraftforge/accesstransformers/8.2.17/accesstransformers-8.2.17.jar:/home/runner/.minecraft/libraries/net/minecraftforge/eventbus/7.0.5/eventbus-7.0.5.jar:/home/runner/.minecraft/libraries/org/jspecify/jspecify/1.0.0/jspecify-1.0.0.jar:/home/runner/.minecraft/libraries/net/minecraftforge/forgespi/8.0.0/forgespi-8.0.0.jar:/home/runner/.minecraft/libraries/net/minecraftforge/coremods-api/5.3.1/coremods-api-5.3.1.jar:/home/runner/.minecraft/libraries/net/minecraftforge/modlauncher/10.2.6/modlauncher-10.2.6.jar:/home/runner/.minecraft/libraries/net/minecraftforge/mergetool-api/1.0/mergetool-api-1.0.jar:/home/runner/.minecraft/libraries/com/electronwill/night-config/toml/3.7.4/toml-3.7.4.jar:/home/runner/.minecraft/libraries/com/electronwill/night-config/core/3.7.4/core-3.7.4.jar:/home/runner/.minecraft/libraries/org/apache/maven/maven-artifact/3.8.8/maven-artifact-3.8.8.jar:/home/runner/.minecraft/libraries/net/minecrell/terminalconsoleappender/1.2.0/terminalconsoleappender-1.2.0.jar:/home/runner/.minecraft/libraries/org/jline/jline-reader/3.25.1/jline-reader-3.25.1.jar:/home/runner/.minecraft/libraries/org/jline/jline-terminal/3.25.1/jline-terminal-3.25.1.jar:/home/runner/.minecraft/libraries/org/jline/jline-terminal-jna/3.25.1/jline-terminal-jna-3.25.1.jar:/home/runner/.minecraft/libraries/org/spongepowered/mixin/0.8.7/mixin-0.8.7.jar:/home/runner/.minecraft/libraries/io/github/llamalad7/mixinextras-forge/0.5.4/mixinextras-forge-0.5.4.jar:/home/runner/.minecraft/libraries/net/minecraftforge/JarJarSelector/0.4.2/JarJarSelector-0.4.2.jar:/home/runner/.minecraft/libraries/net/minecraftforge/JarJarMetadata/0.4.2/JarJarMetadata-0.4.2.jar:/home/runner/.minecraft/libraries/net/minecraftforge/fmlcore/26.1.2-64.1.3/fmlcore-26.1.2-64.1.3.jar:/home/runner/.minecraft/libraries/net/minecraftforge/fmlloader/26.1.2-64.1.3/fmlloader-26.1.2-64.1.3.jar:/home/runner/.minecraft/libraries/net/minecraftforge/fmlearlydisplay/26.1.2-64.1.3/fmlearlydisplay-26.1.2-64.1.3.jar:/home/runner/.minecraft/libraries/net/minecraftforge/javafmllanguage/26.1.2-64.1.3/javafmllanguage-26.1.2-64.1.3.jar:/home/runner/.minecraft/libraries/net/minecraftforge/lowcodelanguage/26.1.2-64.1.3/lowcodelanguage-26.1.2-64.1.3.jar:/home/runner/.minecraft/libraries/net/minecraftforge/mclanguage/26.1.2-64.1.3/mclanguage-26.1.2-64.1.3.jar:/home/runner/.minecraft/libraries/net/minecraftforge/forge-transformers/26.1.2-64.1.3/forge-transformers-26.1.2-64.1.3.jar:/home/runner/.minecraft/versions/26.1.2-forge-64.1.3/26.1.2-forge-64.1.3.jar)
	at SECURE-BOOTSTRAP/com.sun.jna@5.17.0/com.sun.jna.NativeLibrary.loadLibrary(NativeLibrary.java:325) ~[jna-5.17.0.jar!/:5.17.0 (b0)]
	at SECURE-BOOTSTRAP/com.sun.jna@5.17.0/com.sun.jna.NativeLibrary.getInstance(NativeLibrary.java:481) ~[jna-5.17.0.jar!/:5.17.0 (b0)]
	at SECURE-BOOTSTRAP/com.sun.jna@5.17.0/com.sun.jna.NativeLibrary.getInstance(NativeLibrary.java:423) ~[jna-5.17.0.jar!/:5.17.0 (b0)]
	at SECURE-BOOTSTRAP/text2speech@1.18.11/com.mojang.text2speech.NarratorLinux$FliteLibrary.loadNative(NarratorLinux.java:79) ~[text2speech-1.18.11.jar!/:?]
	... 20 more
	Suppressed: java.lang.UnsatisfiedLinkError: libflite.so: cannot open shared object file: No such file or directory
		at SECURE-BOOTSTRAP/com.sun.jna@5.17.0/com.sun.jna.Native.open(Native Method)
		at SECURE-BOOTSTRAP/com.sun.jna@5.17.0/com.sun.jna.NativeLibrary.loadLibrary(NativeLibrary.java:213) ~[jna-5.17.0.jar!/:5.17.0 (b0)]
		... 23 more
	Suppressed: java.lang.UnsatisfiedLinkError: libflite.so: cannot open shared object file: No such file or directory
		at SECURE-BOOTSTRAP/com.sun.jna@5.17.0/com.sun.jna.Native.open(Native Method)
		at SECURE-BOOTSTRAP/com.sun.jna@5.17.0/com.sun.jna.NativeLibrary.loadLibrary(NativeLibrary.java:226) ~[jna-5.17.0.jar!/:5.17.0 (b0)]
		... 23 more
	Suppressed: java.io.IOException: Native library (linux-x86-64/libflite.so) not found in resource path (/home/runner/.minecraft/libraries/at/yawk/lz4/lz4-java/1.10.1/lz4-java-1.10.1.jar:/home/runner/.minecraft/libraries/com/azure/azure-json/1.4.0/azure-json-1.4.0.jar:/home/runner/.minecraft/libraries/com/github/oshi/oshi-core/6.9.0/oshi-core-6.9.0.jar:/home/runner/.minecraft/libraries/com/google/code/gson/gson/2.13.2/gson-2.13.2.jar:/home/runner/.minecraft/libraries/com/ibm/icu/icu4j/77.1/icu4j-77.1.jar:/home/runner/.minecraft/libraries/com/microsoft/azure/msal4j/1.23.1/msal4j-1.23.1.jar:/home/runner/.minecraft/libraries/com/mojang/authlib/7.0.63/authlib-7.0.63.jar:/home/runner/.minecraft/libraries/com/mojang/blocklist/1.0.10/blocklist-1.0.10.jar:/home/runner/.minecraft/libraries/com/mojang/brigadier/1.3.10/brigadier-1.3.10.jar:/home/runner/.minecraft/libraries/com/mojang/datafixerupper/9.0.19/datafixerupper-9.0.19.jar:/home/runner/.minecraft/libraries/com/mojang/jtracy/1.0.37/jtracy-1.0.37.jar:/home/runner/.minecraft/libraries/com/mojang/jtracy/1.0.37/jtracy-1.0.37-natives-linux.jar:/home/runner/.minecraft/libraries/com/mojang/logging/1.6.11/logging-1.6.11.jar:/home/runner/.minecraft/libraries/com/mojang/patchy/2.2.10/patchy-2.2.10.jar:/home/runner/.minecraft/libraries/com/mojang/text2speech/1.18.11/text2speech-1.18.11.jar:/home/runner/.minecraft/libraries/commons-codec/commons-codec/1.19.0/commons-codec-1.19.0.jar:/home/runner/.minecraft/libraries/commons-io/commons-io/2.20.0/commons-io-2.20.0.jar:/home/runner/.minecraft/libraries/io/netty/netty-buffer/4.2.7.Final/netty-buffer-4.2.7.Final.jar:/home/runner/.minecraft/libraries/io/netty/netty-codec-base/4.2.7.Final/netty-codec-base-4.2.7.Final.jar:/home/runner/.minecraft/libraries/io/netty/netty-codec-compression/4.2.7.Final/netty-codec-compression-4.2.7.Final.jar:/home/runner/.minecraft/libraries/io/netty/netty-codec-http/4.2.7.Final/netty-codec-http-4.2.7.Final.jar:/home/runner/.minecraft/libraries/io/netty/netty-common/4.2.7.Final/netty-common-4.2.7.Final.jar:/home/runner/.minecraft/libraries/io/netty/netty-handler/4.2.7.Final/netty-handler-4.2.7.Final.jar:/home/runner/.minecraft/libraries/io/netty/netty-resolver/4.2.7.Final/netty-resolver-4.2.7.Final.jar:/home/runner/.minecraft/libraries/io/netty/netty-transport-classes-epoll/4.2.7.Final/netty-transport-classes-epoll-4.2.7.Final.jar:/home/runner/.minecraft/libraries/io/netty/netty-transport-classes-kqueue/4.2.7.Final/netty-transport-classes-kqueue-4.2.7.Final.jar:/home/runner/.minecraft/libraries/io/netty/netty-transport-native-epoll/4.2.7.Final/netty-transport-native-epoll-4.2.7.Final-linux-aarch_64.jar:/home/runner/.minecraft/libraries/io/netty/netty-transport-native-epoll/4.2.7.Final/netty-transport-native-epoll-4.2.7.Final-linux-x86_64.jar:/home/runner/.minecraft/libraries/io/netty/netty-transport-native-unix-common/4.2.7.Final/netty-transport-native-unix-common-4.2.7.Final.jar:/home/runner/.minecraft/libraries/io/netty/netty-transport/4.2.7.Final/netty-transport-4.2.7.Final.jar:/home/runner/.minecraft/libraries/it/unimi/dsi/fastutil/8.5.18/fastutil-8.5.18.jar:/home/runner/.minecraft/libraries/net/java/dev/jna/jna-platform/5.17.0/jna-platform-5.17.0.jar:/home/runner/.minecraft/libraries/net/java/dev/jna/jna/5.17.0/jna-5.17.0.jar:/home/runner/.minecraft/libraries/net/sf/jopt-simple/jopt-simple/5.0.4/jopt-simple-5.0.4.jar:/home/runner/.minecraft/libraries/org/apache/commons/commons-compress/1.28.0/commons-compress-1.28.0.jar:/home/runner/.minecraft/libraries/org/apache/commons/commons-lang3/3.19.0/commons-lang3-3.19.0.jar:/home/runner/work/MCVoice/MCVoice/HeadlessMC/0a38e65a-8f0a-4783-8383-8acd5722d1e7/log4j-api-2.25.2.jar:/home/runner/work/MCVoice/MCVoice/HeadlessMC/0a38e65a-8f0a-4783-8383-8acd5722d1e7/log4j-core-2.25.2.jar:/home/runner/work/MCVoice/MCVoice/HeadlessMC/0a38e65a-8f0a-4783-8383-8acd5722d1e7/log4j-slf4j2-impl-2.25.2.jar:/home/runner/.minecraft/libraries/org/jcraft/jorbis/0.0.17/jorbis-0.0.17.jar:/home/runner/.minecraft/libraries/org/joml/joml/1.10.8/joml-1.10.8.jar:/home/runner/.minecraft/libraries/org/lwjgl/lwjgl-freetype/3.4.1/lwjgl-freetype-3.4.1.jar:/home/runner/.minecraft/libraries/org/lwjgl/lwjgl-freetype/3.4.1/lwjgl-freetype-3.4.1-natives-linux.jar:/home/runner/.minecraft/libraries/org/lwjgl/lwjgl-glfw/3.4.1/lwjgl-glfw-3.4.1.jar:/home/runner/.minecraft/libraries/org/lwjgl/lwjgl-glfw/3.4.1/lwjgl-glfw-3.4.1-natives-linux.jar:/home/runner/.minecraft/libraries/org/lwjgl/lwjgl-jemalloc/3.4.1/lwjgl-jemalloc-3.4.1.jar:/home/runner/.minecraft/libraries/org/lwjgl/lwjgl-jemalloc/3.4.1/lwjgl-jemalloc-3.4.1-natives-linux.jar:/home/runner/.minecraft/libraries/org/lwjgl/lwjgl-openal/3.4.1/lwjgl-openal-3.4.1.jar:/home/runner/.minecraft/libraries/org/lwjgl/lwjgl-openal/3.4.1/lwjgl-openal-3.4.1-natives-linux.jar:/home/runner/.minecraft/libraries/org/lwjgl/lwjgl-opengl/3.4.1/lwjgl-opengl-3.4.1.jar:/home/runner/.minecraft/libraries/org/lwjgl/lwjgl-opengl/3.4.1/lwjgl-opengl-3.4.1-natives-linux.jar:/home/runner/.minecraft/libraries/org/lwjgl/lwjgl-stb/3.4.1/lwjgl-stb-3.4.1.jar:/home/runner/.minecraft/libraries/org/lwjgl/lwjgl-stb/3.4.1/lwjgl-stb-3.4.1-natives-linux.jar:/home/runner/.minecraft/libraries/org/lwjgl/lwjgl-tinyfd/3.4.1/lwjgl-tinyfd-3.4.1.jar:/home/runner/.minecraft/libraries/org/lwjgl/lwjgl-tinyfd/3.4.1/lwjgl-tinyfd-3.4.1-natives-linux.jar:/home/runner/.minecraft/libraries/org/lwjgl/lwjgl/3.4.1/lwjgl-3.4.1.jar:/home/runner/.minecraft/libraries/org/lwjgl/lwjgl/3.4.1/lwjgl-3.4.1-natives-linux.jar:/home/runner/.minecraft/libraries/org/slf4j/slf4j-api/2.0.17/slf4j-api-2.0.17.jar:/home/runner/.minecraft/libraries/net/minecraftforge/forge/26.1.2-64.1.3/forge-26.1.2-64.1.3-universal.jar:/home/runner/.minecraft/libraries/net/minecraftforge/forge/26.1.2-64.1.3/forge-26.1.2-64.1.3-client.jar:/home/runner/.minecraft/libraries/net/minecraftforge/JarJarFileSystems/0.4.2/JarJarFileSystems-0.4.2.jar:/home/runner/.minecraft/libraries/net/minecraftforge/roimfs/1.0.0/roimfs-1.0.0.jar:/home/runner/.minecraft/libraries/com/google/guava/guava/33.5.0-jre/guava-33.5.0-jre.jar:/home/runner/.minecraft/libraries/com/google/guava/failureaccess/1.0.3/failureaccess-1.0.3.jar:/home/runner/.minecraft/libraries/net/minecraftforge/securemodules/2.2.24/securemodules-2.2.24.jar:/home/runner/.minecraft/libraries/net/minecraftforge/unsafe/0.9.2/unsafe-0.9.2.jar:/home/runner/.minecraft/libraries/org/ow2/asm/asm/9.10.1/asm-9.10.1.jar:/home/runner/.minecraft/libraries/org/ow2/asm/asm-tree/9.10.1/asm-tree-9.10.1.jar:/home/runner/.minecraft/libraries/org/ow2/asm/asm-util/9.10.1/asm-util-9.10.1.jar:/home/runner/.minecraft/libraries/org/ow2/asm/asm-commons/9.10.1/asm-commons-9.10.1.jar:/home/runner/.minecraft/libraries/org/ow2/asm/asm-analysis/9.10.1/asm-analysis-9.10.1.jar:/home/runner/.minecraft/libraries/net/minecraftforge/bootstrap/2.1.8/bootstrap-2.1.8.jar:/home/runner/.minecraft/libraries/net/minecraftforge/bootstrap-api/2.1.8/bootstrap-api-2.1.8.jar:/home/runner/.minecraft/libraries/net/minecraftforge/accesstransformers/8.2.17/accesstransformers-8.2.17.jar:/home/runner/.minecraft/libraries/net/minecraftforge/eventbus/7.0.5/eventbus-7.0.5.jar:/home/runner/.minecraft/libraries/org/jspecify/jspecify/1.0.0/jspecify-1.0.0.jar:/home/runner/.minecraft/libraries/net/minecraftforge/forgespi/8.0.0/forgespi-8.0.0.jar:/home/runner/.minecraft/libraries/net/minecraftforge/coremods-api/5.3.1/coremods-api-5.3.1.jar:/home/runner/.minecraft/libraries/net/minecraftforge/modlauncher/10.2.6/modlauncher-10.2.6.jar:/home/runner/.minecraft/libraries/net/minecraftforge/mergetool-api/1.0/mergetool-api-1.0.jar:/home/runner/.minecraft/libraries/com/electronwill/night-config/toml/3.7.4/toml-3.7.4.jar:/home/runner/.minecraft/libraries/com/electronwill/night-config/core/3.7.4/core-3.7.4.jar:/home/runner/.minecraft/libraries/org/apache/maven/maven-artifact/3.8.8/maven-artifact-3.8.8.jar:/home/runner/.minecraft/libraries/net/minecrell/terminalconsoleappender/1.2.0/terminalconsoleappender-1.2.0.jar:/home/runner/.minecraft/libraries/org/jline/jline-reader/3.25.1/jline-reader-3.25.1.jar:/home/runner/.minecraft/libraries/org/jline/jline-terminal/3.25.1/jline-terminal-3.25.1.jar:/home/runner/.minecraft/libraries/org/jline/jline-terminal-jna/3.25.1/jline-terminal-jna-3.25.1.jar:/home/runner/.minecraft/libraries/org/spongepowered/mixin/0.8.7/mixin-0.8.7.jar:/home/runner/.minecraft/libraries/io/github/llamalad7/mixinextras-forge/0.5.4/mixinextras-forge-0.5.4.jar:/home/runner/.minecraft/libraries/net/minecraftforge/JarJarSelector/0.4.2/JarJarSelector-0.4.2.jar:/home/runner/.minecraft/libraries/net/minecraftforge/JarJarMetadata/0.4.2/JarJarMetadata-0.4.2.jar:/home/runner/.minecraft/libraries/net/minecraftforge/fmlcore/26.1.2-64.1.3/fmlcore-26.1.2-64.1.3.jar:/home/runner/.minecraft/libraries/net/minecraftforge/fmlloader/26.1.2-64.1.3/fmlloader-26.1.2-64.1.3.jar:/home/runner/.minecraft/libraries/net/minecraftforge/fmlearlydisplay/26.1.2-64.1.3/fmlearlydisplay-26.1.2-64.1.3.jar:/home/runner/.minecraft/libraries/net/minecraftforge/javafmllanguage/26.1.2-64.1.3/javafmllanguage-26.1.2-64.1.3.jar:/home/runner/.minecraft/libraries/net/minecraftforge/lowcodelanguage/26.1.2-64.1.3/lowcodelanguage-26.1.2-64.1.3.jar:/home/runner/.minecraft/libraries/net/minecraftforge/mclanguage/26.1.2-64.1.3/mclanguage-26.1.2-64.1.3.jar:/home/runner/.minecraft/libraries/net/minecraftforge/forge-transformers/26.1.2-64.1.3/forge-transformers-26.1.2-64.1.3.jar:/home/runner/.minecraft/versions/26.1.2-forge-64.1.3/26.1.2-forge-64.1.3.jar)
		at SECURE-BOOTSTRAP/com.sun.jna@5.17.0/com.sun.jna.Native.extractFromResourcePath(Native.java:1141)
		at SECURE-BOOTSTRAP/com.sun.jna@5.17.0/com.sun.jna.NativeLibrary.loadLibrary(NativeLibrary.java:297) ~[jna-5.17.0.jar!/:5.17.0 (b0)]
		... 23 more
[27Sep2026 09:11:12.044] [Render thread/INFO] [net.minecraft.server.packs.resources.ReloadableResourceManager/]: Reloading ResourceManager: vanilla, mod_resources
[27Sep2026 09:11:12.086] [modloading-worker-0/WARN] [net.minecraftforge.common.ForgeConfigSpec/CORE]: Configuration file /home/runner/work/MCVoice/MCVoice/run/config/forge-client.toml is not correct. Correcting
[27Sep2026 09:11:12.087] [modloading-worker-0/WARN] [net.minecraftforge.common.ForgeConfigSpec/CORE]: Incorrect key client was corrected from null to its default, SynchronizedConfig{DataHolder:{}}. 
[27Sep2026 09:11:12.087] [modloading-worker-0/WARN] [net.minecraftforge.common.ForgeConfigSpec/CORE]: Incorrect key client.showLoadWarnings was corrected from null to its default, true. 
[27Sep2026 09:11:12.087] [modloading-worker-0/WARN] [net.minecraftforge.common.ForgeConfigSpec/CORE]: Incorrect key client.allowMipmapLowering was corrected from null to its default, false. 
[27Sep2026 09:11:12.096] [modloading-worker-0/WARN] [net.minecraftforge.common.ForgeConfigSpec/CORE]: Configuration file /home/runner/work/MCVoice/MCVoice/run/config/forge-common.toml is not correct. Correcting
[27Sep2026 09:11:12.096] [modloading-worker-0/WARN] [net.minecraftforge.common.ForgeConfigSpec/CORE]: Incorrect key general was corrected from null to its default, SynchronizedConfig{DataHolder:{}}. 
[27Sep2026 09:11:12.096] [modloading-worker-0/WARN] [net.minecraftforge.common.ForgeConfigSpec/CORE]: Incorrect key general.logLegacyTagWarnings was corrected from null to its default, OFF. 
[27Sep2026 09:11:12.114] [Render thread/INFO] [net.minecraft.client.Minecraft/]: Waiting for overlay to disappear...
[27Sep2026 09:11:12.114] [Render thread/INFO] [net.minecraft.client.Minecraft/]: Waiting for player to load...
[27Sep2026 09:11:12.122] [Render thread/INFO] [net.minecraft.client.Minecraft/]: Waiting for overlay to disappear...
[27Sep2026 09:11:12.122] [Render thread/INFO] [net.minecraft.client.Minecraft/]: Waiting for player to load...
[27Sep2026 09:11:12.122] [Render thread/INFO] [net.minecraft.client.Minecraft/]: Waiting for overlay to disappear...
[27Sep2026 09:11:12.122] [Render thread/INFO] [net.minecraft.client.Minecraft/]: Waiting for player to load...
[27Sep2026 09:11:12.122] [Render thread/INFO] [net.minecraft.client.Minecraft/]: Waiting for overlay to disappear...
[27Sep2026 09:11:12.122] [Render thread/INFO] [net.minecraft.client.Minecraft/]: Waiting for player to load...
[27Sep2026 09:11:12.122] [Render thread/INFO] [net.minecraft.client.Minecraft/]: Waiting for overlay to disappear...
[27Sep2026 09:11:12.122] [Render thread/INFO] [net.minecraft.client.Minecraft/]: Waiting for player to load...
[27Sep2026 09:11:12.122] [Render thread/INFO] [net.minecraft.client.Minecraft/]: Waiting for overlay to disappear...
[27Sep2026 09:11:12.123] [Render thread/INFO] [net.minecraft.client.Minecraft/]: Waiting for player to load...
[27Sep2026 09:11:12.123] [Render thread/INFO] [net.minecraft.client.Minecraft/]: Waiting for overlay to disappear...
[27Sep2026 09:11:12.123] [Render thread/INFO] [net.minecraft.client.Minecraft/]: Waiting for player to load...
[27Sep2026 09:11:12.123] [Render thread/INFO] [net.minecraft.client.Minecraft/]: Waiting for overlay to disappear...
[27Sep2026 09:11:12.123] [Render thread/INFO] [net.minecraft.client.Minecraft/]: Waiting for player to load...
[27Sep2026 09:11:12.123] [Render thread/INFO] [net.minecraft.client.Minecraft/]: Waiting for overlay to disappear...
[27Sep2026 09:11:12.123] [Render thread/INFO] [net.minecraft.client.Minecraft/]: Waiting for player to load...
[27Sep2026 09:11:12.123] [Render thread/INFO] [net.minecraft.client.Minecraft/]: Waiting for overlay to disappear...
[27Sep2026 09:11:12.124] [Render thread/INFO] [net.minecraft.client.Minecraft/]: Waiting for player to load...
[27Sep2026 09:11:12.456] [Render thread/INFO] [net.minecraft.client.Minecraft/]: Waiting for overlay to disappear...
[27Sep2026 09:11:12.458] [Render thread/INFO] [net.minecraft.client.Minecraft/]: Waiting for player to load...
[27Sep2026 09:11:12.458] [Render thread/INFO] [net.minecraft.client.Minecraft/]: Waiting for overlay to disappear...
[27Sep2026 09:11:12.458] [Render thread/INFO] [net.minecraft.client.Minecraft/]: Waiting for player to load...
[27Sep2026 09:11:12.458] [Render thread/INFO] [net.minecraft.client.Minecraft/]: Waiting for overlay to disappear...
[27Sep2026 09:11:12.458] [Render thread/INFO] [net.minecraft.client.Minecraft/]: Waiting for player to load...
[27Sep2026 09:11:12.458] [Render thread/INFO] [net.minecraft.client.Minecraft/]: Waiting for overlay to disappear...
[27Sep2026 09:11:12.459] [Render thread/INFO] [net.minecraft.client.Minecraft/]: Waiting for player to load...
[27Sep2026 09:11:12.459] [Render thread/INFO] [net.minecraft.client.Minecraft/]: Waiting for overlay to disappear...
[27Sep2026 09:11:12.459] [Render thread/INFO] [net.minecraft.client.Minecraft/]: Waiting for player to load...
[27Sep2026 09:11:12.459] [Render thread/INFO] [net.minecraft.client.Minecraft/]: Waiting for overlay to disappear...
[27Sep2026 09:11:12.459] [Render thread/INFO] [net.minecraft.client.Minecraft/]: Waiting for player to load...
[27Sep2026 09:11:12.459] [Render thread/INFO] [net.minecraft.client.Minecraft/]: Waiting for overlay to disappear...
[27Sep2026 09:11:12.459] [Render thread/INFO] [net.minecraft.client.Minecraft/]: Waiting for player to load...
[27Sep2026 09:11:12.505] [Render thread/INFO] [net.minecraft.client.Minecraft/]: Waiting for overlay to disappear...
[27Sep2026 09:11:12.505] [Render thread/INFO] [net.minecraft.client.Minecraft/]: Waiting for player to load...
[27Sep2026 09:11:12.557] [Render thread/INFO] [net.minecraft.client.Minecraft/]: Waiting for overlay to disappear...
[27Sep2026 09:11:12.557] [Render thread/INFO] [net.minecraft.client.Minecraft/]: Waiting for player to load...
[27Sep2026 09:11:12.607] [Render thread/INFO] [net.minecraft.client.Minecraft/]: Waiting for overlay to disappear...
[27Sep2026 09:11:12.609] [Render thread/INFO] [net.minecraft.client.Minecraft/]: Waiting for player to load...
[27Sep2026 09:11:12.660] [Render thread/INFO] [net.minecraft.client.Minecraft/]: Waiting for overlay to disappear...
[27Sep2026 09:11:12.660] [Render thread/INFO] [net.minecraft.client.Minecraft/]: Waiting for player to load...
[27Sep2026 09:11:12.710] [Render thread/INFO] [net.minecraft.client.Minecraft/]: Waiting for overlay to disappear...
[27Sep2026 09:11:12.711] [Render thread/INFO] [net.minecraft.client.Minecraft/]: Waiting for player to load...
[27Sep2026 09:11:12.746] [Worker-Main-2/WARN] [net.minecraft.client.gui.font.FontManager/]: Unable to load font 'minecraft:include/unifont' in fonts.json in resourcepack: 'vanilla'
com.google.gson.JsonParseException: No key providers in MapLike[{}]
	at SECURE-BOOTSTRAP/datafixerupper@9.0.19/com.mojang.serialization.DataResult$Error.getOrThrow(DataResult.java:287) ~[datafixerupper-9.0.19.jar!/:?]
	at TRANSFORMER/minecraft@26.1.2/net.minecraft.client.gui.font.FontManager.loadResourceStack(FontManager.java:320) ~[forge-26.1.2-64.1.3-client.jar!/:?]
	at TRANSFORMER/minecraft@26.1.2/net.minecraft.client.gui.font.FontManager.lambda$prepare$0(FontManager.java:184) ~[forge-26.1.2-64.1.3-client.jar!/:?]
	at java.base/java.util.concurrent.CompletableFuture$AsyncSupply.run(CompletableFuture.java:1789) ~[?:?]
	at TRANSFORMER/minecraft@26.1.2/net.minecraft.server.packs.resources.SimpleReloadInstance.lambda$prepareTasks$1(SimpleReloadInstance.java:51) ~[forge-26.1.2-64.1.3-client.jar!/:?]
	at java.base/java.util.concurrent.ForkJoinTask$RunnableExecuteAction.compute(ForkJoinTask.java:1753) [?:?]
	at java.base/java.util.concurrent.ForkJoinTask$RunnableExecuteAction.compute(ForkJoinTask.java:1745) [?:?]
	at java.base/java.util.concurrent.ForkJoinTask$InterruptibleTask.exec(ForkJoinTask.java:1662) [?:?]
	at java.base/java.util.concurrent.ForkJoinTask.doExec(ForkJoinTask.java:511) [?:?]
	at java.base/java.util.concurrent.ForkJoinPool$WorkQueue.topLevelExec(ForkJoinPool.java:1450) [?:?]
	at java.base/java.util.concurrent.ForkJoinPool.runWorker(ForkJoinPool.java:2019) [?:?]
	at java.base/java.util.concurrent.ForkJoinWorkerThread.run(ForkJoinWorkerThread.java:187) [?:?]
[27Sep2026 09:11:12.750] [Worker-Main-2/WARN] [net.minecraft.client.gui.font.FontManager/]: Unable to load font 'minecraft:include/unifont_pua' in fonts.json in resourcepack: 'vanilla'
com.google.gson.JsonParseException: No key providers in MapLike[{}]
	at SECURE-BOOTSTRAP/datafixerupper@9.0.19/com.mojang.serialization.DataResult$Error.getOrThrow(DataResult.java:287) ~[datafixerupper-9.0.19.jar!/:?]
	at TRANSFORMER/minecraft@26.1.2/net.minecraft.client.gui.font.FontManager.loadResourceStack(FontManager.java:320) ~[forge-26.1.2-64.1.3-client.jar!/:?]
	at TRANSFORMER/minecraft@26.1.2/net.minecraft.client.gui.font.FontManager.lambda$prepare$0(FontManager.java:184) ~[forge-26.1.2-64.1.3-client.jar!/:?]
	at java.base/java.util.concurrent.CompletableFuture$AsyncSupply.run(CompletableFuture.java:1789) ~[?:?]
	at TRANSFORMER/minecraft@26.1.2/net.minecraft.server.packs.resources.SimpleReloadInstance.lambda$prepareTasks$1(SimpleReloadInstance.java:51) ~[forge-26.1.2-64.1.3-client.jar!/:?]
	at java.base/java.util.concurrent.ForkJoinTask$RunnableExecuteAction.compute(ForkJoinTask.java:1753) [?:?]
	at java.base/java.util.concurrent.ForkJoinTask$RunnableExecuteAction.compute(ForkJoinTask.java:1745) [?:?]
	at java.base/java.util.concurrent.ForkJoinTask$InterruptibleTask.exec(ForkJoinTask.java:1662) [?:?]
	at java.base/java.util.concurrent.ForkJoinTask.doExec(ForkJoinTask.java:511) [?:?]
	at java.base/java.util.concurrent.ForkJoinPool$WorkQueue.topLevelExec(ForkJoinPool.java:1450) [?:?]
	at java.base/java.util.concurrent.ForkJoinPool.runWorker(ForkJoinPool.java:2019) [?:?]
	at java.base/java.util.concurrent.ForkJoinWorkerThread.run(ForkJoinWorkerThread.java:187) [?:?]
[27Sep2026 09:11:12.772] [Render thread/INFO] [net.minecraft.client.Minecraft/]: Waiting for overlay to disappear...
[27Sep2026 09:11:12.773] [Render thread/INFO] [net.minecraft.client.Minecraft/]: Waiting for player to load...
[27Sep2026 09:11:12.805] [Render thread/INFO] [net.minecraft.client.Minecraft/]: Waiting for overlay to disappear...
[27Sep2026 09:11:12.805] [Render thread/INFO] [net.minecraft.client.Minecraft/]: Waiting for player to load...
[27Sep2026 09:11:12.855] [Render thread/INFO] [net.minecraft.client.Minecraft/]: Waiting for overlay to disappear...
[27Sep2026 09:11:12.856] [Render thread/INFO] [net.minecraft.client.Minecraft/]: Waiting for player to load...
[27Sep2026 09:11:12.905] [Render thread/INFO] [net.minecraft.client.Minecraft/]: Waiting for overlay to disappear...
[27Sep2026 09:11:12.905] [Render thread/INFO] [net.minecraft.client.Minecraft/]: Waiting for player to load...
[27Sep2026 09:11:12.955] [Render thread/INFO] [net.minecraft.client.Minecraft/]: Waiting for overlay to disappear...
[27Sep2026 09:11:12.956] [Render thread/INFO] [net.minecraft.client.Minecraft/]: Waiting for player to load...
[27Sep2026 09:11:13.005] [Render thread/INFO] [net.minecraft.client.Minecraft/]: Waiting for overlay to disappear...
[27Sep2026 09:11:13.006] [Render thread/INFO] [net.minecraft.client.Minecraft/]: Waiting for player to load...
[27Sep2026 09:11:13.061] [Render thread/INFO] [net.minecraft.client.Minecraft/]: Waiting for overlay to disappear...
[27Sep2026 09:11:13.061] [Render thread/INFO] [net.minecraft.client.Minecraft/]: Waiting for player to load...
[27Sep2026 09:11:13.111] [Render thread/INFO] [net.minecraft.client.Minecraft/]: Waiting for overlay to disappear...
[27Sep2026 09:11:13.111] [Render thread/INFO] [net.minecraft.client.Minecraft/]: Waiting for player to load...
[27Sep2026 09:11:13.164] [Render thread/INFO] [net.minecraft.client.Minecraft/]: Waiting for overlay to disappear...
[27Sep2026 09:11:13.165] [Render thread/INFO] [net.minecraft.client.Minecraft/]: Waiting for player to load...
[27Sep2026 09:11:13.234] [Render thread/INFO] [net.minecraft.client.Minecraft/]: Waiting for overlay to disappear...
[27Sep2026 09:11:13.234] [Render thread/INFO] [net.minecraft.client.Minecraft/]: Waiting for player to load...
[27Sep2026 09:11:13.264] [Render thread/INFO] [net.minecraft.client.Minecraft/]: Waiting for overlay to disappear...
[27Sep2026 09:11:13.264] [Render thread/INFO] [net.minecraft.client.Minecraft/]: Waiting for player to load...
[27Sep2026 09:11:13.315] [Render thread/INFO] [net.minecraft.client.Minecraft/]: Waiting for overlay to disappear...
[27Sep2026 09:11:13.315] [Render thread/INFO] [net.minecraft.client.Minecraft/]: Waiting for player to load...
[27Sep2026 09:11:13.370] [Render thread/INFO] [net.minecraft.client.Minecraft/]: Waiting for overlay to disappear...
[27Sep2026 09:11:13.370] [Render thread/INFO] [net.minecraft.client.Minecraft/]: Waiting for player to load...
[27Sep2026 09:11:13.420] [Render thread/INFO] [net.minecraft.client.Minecraft/]: Waiting for overlay to disappear...
[27Sep2026 09:11:13.421] [Render thread/INFO] [net.minecraft.client.Minecraft/]: Waiting for player to load...
[27Sep2026 09:11:13.468] [Render thread/INFO] [net.minecraft.client.Minecraft/]: Waiting for overlay to disappear...
[27Sep2026 09:11:13.468] [Render thread/INFO] [net.minecraft.client.Minecraft/]: Waiting for player to load...
[27Sep2026 09:11:13.518] [Render thread/INFO] [net.minecraft.client.Minecraft/]: Waiting for overlay to disappear...
[27Sep2026 09:11:13.519] [Render thread/INFO] [net.minecraft.client.Minecraft/]: Waiting for player to load...
[27Sep2026 09:11:13.568] [Render thread/INFO] [net.minecraft.client.Minecraft/]: Waiting for overlay to disappear...
[27Sep2026 09:11:13.569] [Render thread/INFO] [net.minecraft.client.Minecraft/]: Waiting for player to load...
[27Sep2026 09:11:13.619] [Render thread/INFO] [net.minecraft.client.Minecraft/]: Waiting for overlay to disappear...
[27Sep2026 09:11:13.619] [Render thread/INFO] [net.minecraft.client.Minecraft/]: Waiting for player to load...
[27Sep2026 09:11:13.668] [Render thread/INFO] [net.minecraft.client.Minecraft/]: Waiting for overlay to disappear...
[27Sep2026 09:11:13.669] [Render thread/INFO] [net.minecraft.client.Minecraft/]: Waiting for player to load...
[27Sep2026 09:11:13.720] [Render thread/INFO] [net.minecraft.client.Minecraft/]: Waiting for overlay to disappear...
[27Sep2026 09:11:13.721] [Render thread/INFO] [net.minecraft.client.Minecraft/]: Waiting for player to load...
[27Sep2026 09:11:13.768] [Forge Version Check/INFO] [net.minecraftforge.fml.VersionChecker/]: [forge] Starting version check at https://files.minecraftforge.net/net/minecraftforge/forge/promotions_slim.json
[27Sep2026 09:11:13.771] [Render thread/INFO] [net.minecraft.client.Minecraft/]: Waiting for overlay to disappear...
[27Sep2026 09:11:13.771] [Render thread/INFO] [net.minecraft.client.Minecraft/]: Waiting for player to load...
[27Sep2026 09:11:13.804] [Render thread/INFO] [net.minecraft.client.Minecraft/]: Waiting for overlay to disappear...
[27Sep2026 09:11:13.805] [Render thread/INFO] [net.minecraft.client.Minecraft/]: Waiting for player to load...
[27Sep2026 09:11:13.833] [Worker-Main-2/INFO] [MCVoice/]: [VOICE] MCVoice 0.1.4 initialised (Minecraft 26.1.2, forge, protocol 1.1)
[27Sep2026 09:11:13.854] [Render thread/INFO] [net.minecraft.client.Minecraft/]: Waiting for overlay to disappear...
[27Sep2026 09:11:13.855] [Render thread/INFO] [net.minecraft.client.Minecraft/]: Waiting for player to load...
[27Sep2026 09:11:13.904] [Render thread/INFO] [net.minecraft.client.Minecraft/]: Waiting for overlay to disappear...
[27Sep2026 09:11:13.907] [Render thread/INFO] [net.minecraft.client.Minecraft/]: Waiting for player to load...
[27Sep2026 09:11:13.955] [Render thread/INFO] [net.minecraft.client.Minecraft/]: Waiting for overlay to disappear...
[27Sep2026 09:11:13.956] [Render thread/INFO] [net.minecraft.client.Minecraft/]: Waiting for player to load...
[27Sep2026 09:11:14.005] [Render thread/INFO] [net.minecraft.client.Minecraft/]: Waiting for overlay to disappear...
[27Sep2026 09:11:14.005] [Render thread/INFO] [net.minecraft.client.Minecraft/]: Waiting for player to load...
[27Sep2026 09:11:14.055] [Render thread/INFO] [net.minecraft.client.Minecraft/]: Waiting for overlay to disappear...
[27Sep2026 09:11:14.056] [Render thread/INFO] [net.minecraft.client.Minecraft/]: Waiting for player to load...
[27Sep2026 09:11:14.084] [Forge Version Check/INFO] [net.minecraftforge.fml.VersionChecker/]: [forge] Found status: AHEAD Current: 64.1.3 Target: null
[27Sep2026 09:11:14.108] [Render thread/INFO] [net.minecraft.client.Minecraft/]: Waiting for overlay to disappear...
[27Sep2026 09:11:14.108] [Render thread/INFO] [net.minecraft.client.Minecraft/]: Waiting for player to load...
[27Sep2026 09:11:14.158] [Render thread/INFO] [net.minecraft.client.Minecraft/]: Waiting for overlay to disappear...
[27Sep2026 09:11:14.158] [Render thread/INFO] [net.minecraft.client.Minecraft/]: Waiting for player to load...
[27Sep2026 09:11:14.208] [Render thread/INFO] [net.minecraft.client.Minecraft/]: Waiting for overlay to disappear...
[27Sep2026 09:11:14.208] [Render thread/INFO] [net.minecraft.client.Minecraft/]: Waiting for player to load...
[27Sep2026 09:11:14.258] [Render thread/INFO] [net.minecraft.client.Minecraft/]: Waiting for overlay to disappear...
[27Sep2026 09:11:14.258] [Render thread/INFO] [net.minecraft.client.Minecraft/]: Waiting for player to load...
[27Sep2026 09:11:14.308] [Render thread/INFO] [net.minecraft.client.Minecraft/]: Waiting for overlay to disappear...
[27Sep2026 09:11:14.308] [Render thread/INFO] [net.minecraft.client.Minecraft/]: Waiting for player to load...
[27Sep2026 09:11:14.360] [Render thread/INFO] [net.minecraft.client.Minecraft/]: Waiting for overlay to disappear...
[27Sep2026 09:11:14.360] [Render thread/INFO] [net.minecraft.client.Minecraft/]: Waiting for player to load...
[27Sep2026 09:11:14.411] [Render thread/INFO] [net.minecraft.client.Minecraft/]: Waiting for overlay to disappear...
[27Sep2026 09:11:14.411] [Render thread/INFO] [net.minecraft.client.Minecraft/]: Waiting for player to load...
[27Sep2026 09:11:14.461] [Render thread/INFO] [net.minecraft.client.Minecraft/]: Waiting for overlay to disappear...
[27Sep2026 09:11:14.461] [Render thread/INFO] [net.minecraft.client.Minecraft/]: Waiting for player to load...
[27Sep2026 09:11:14.513] [Render thread/INFO] [net.minecraft.client.Minecraft/]: Waiting for overlay to disappear...
[27Sep2026 09:11:14.513] [Render thread/INFO] [net.minecraft.client.Minecraft/]: Waiting for player to load...
[27Sep2026 09:11:14.581] [Render thread/INFO] [net.minecraft.client.Minecraft/]: Waiting for overlay to disappear...
[27Sep2026 09:11:14.581] [Render thread/INFO] [net.minecraft.client.Minecraft/]: Waiting for player to load...
[27Sep2026 09:11:14.614] [Render thread/INFO] [net.minecraft.client.Minecraft/]: Waiting for overlay to disappear...
[27Sep2026 09:11:14.614] [Render thread/INFO] [net.minecraft.client.Minecraft/]: Waiting for player to load...
[27Sep2026 09:11:14.664] [Render thread/INFO] [net.minecraft.client.Minecraft/]: Waiting for overlay to disappear...
[27Sep2026 09:11:14.664] [Render thread/INFO] [net.minecraft.client.Minecraft/]: Waiting for player to load...
[27Sep2026 09:11:14.714] [Render thread/INFO] [net.minecraft.client.Minecraft/]: Waiting for overlay to disappear...
[27Sep2026 09:11:14.714] [Render thread/INFO] [net.minecraft.client.Minecraft/]: Waiting for player to load...
[27Sep2026 09:11:14.764] [Render thread/INFO] [net.minecraft.client.Minecraft/]: Waiting for overlay to disappear...
[27Sep2026 09:11:14.764] [Render thread/INFO] [net.minecraft.client.Minecraft/]: Waiting for player to load...
[27Sep2026 09:11:14.814] [Render thread/INFO] [net.minecraft.client.Minecraft/]: Waiting for overlay to disappear...
[27Sep2026 09:11:14.814] [Render thread/INFO] [net.minecraft.client.Minecraft/]: Waiting for player to load...
[27Sep2026 09:11:14.864] [Render thread/INFO] [net.minecraft.client.Minecraft/]: Waiting for overlay to disappear...
[27Sep2026 09:11:14.864] [Render thread/INFO] [net.minecraft.client.Minecraft/]: Waiting for player to load...
[27Sep2026 09:11:14.914] [Render thread/INFO] [net.minecraft.client.Minecraft/]: Waiting for overlay to disappear...
[27Sep2026 09:11:14.914] [Render thread/INFO] [net.minecraft.client.Minecraft/]: Waiting for player to load...
[27Sep2026 09:11:14.965] [Render thread/INFO] [net.minecraft.client.Minecraft/]: Waiting for overlay to disappear...
[27Sep2026 09:11:14.965] [Render thread/INFO] [net.minecraft.client.Minecraft/]: Waiting for player to load...
[27Sep2026 09:11:15.015] [Render thread/INFO] [net.minecraft.client.Minecraft/]: Waiting for overlay to disappear...
[27Sep2026 09:11:15.015] [Render thread/INFO] [net.minecraft.client.Minecraft/]: Waiting for player to load...
[27Sep2026 09:11:15.065] [Render thread/INFO] [net.minecraft.client.Minecraft/]: Waiting for overlay to disappear...
[27Sep2026 09:11:15.065] [Render thread/INFO] [net.minecraft.client.Minecraft/]: Waiting for player to load...
[27Sep2026 09:11:15.115] [Render thread/INFO] [net.minecraft.client.Minecraft/]: Waiting for overlay to disappear...
[27Sep2026 09:11:15.115] [Render thread/INFO] [net.minecraft.client.Minecraft/]: Waiting for player to load...
[27Sep2026 09:11:15.165] [Render thread/INFO] [net.minecraft.client.Minecraft/]: Waiting for overlay to disappear...
[27Sep2026 09:11:15.165] [Render thread/INFO] [net.minecraft.client.Minecraft/]: Waiting for player to load...
[27Sep2026 09:11:15.215] [Render thread/INFO] [net.minecraft.client.Minecraft/]: Waiting for overlay to disappear...
[27Sep2026 09:11:15.215] [Render thread/INFO] [net.minecraft.client.Minecraft/]: Waiting for player to load...
[27Sep2026 09:11:15.265] [Render thread/INFO] [net.minecraft.client.Minecraft/]: Waiting for overlay to disappear...
[27Sep2026 09:11:15.265] [Render thread/INFO] [net.minecraft.client.Minecraft/]: Waiting for player to load...
[27Sep2026 09:11:15.315] [Render thread/INFO] [net.minecraft.client.Minecraft/]: Waiting for overlay to disappear...
[27Sep2026 09:11:15.316] [Render thread/INFO] [net.minecraft.client.Minecraft/]: Waiting for player to load...
[27Sep2026 09:11:15.365] [Render thread/INFO] [net.minecraft.client.Minecraft/]: Waiting for overlay to disappear...
[27Sep2026 09:11:15.366] [Render thread/INFO] [net.minecraft.client.Minecraft/]: Waiting for player to load...
[27Sep2026 09:11:15.415] [Render thread/INFO] [net.minecraft.client.Minecraft/]: Waiting for overlay to disappear...
[27Sep2026 09:11:15.416] [Render thread/INFO] [net.minecraft.client.Minecraft/]: Waiting for player to load...
[27Sep2026 09:11:15.465] [Render thread/INFO] [net.minecraft.client.Minecraft/]: Waiting for overlay to disappear...
[27Sep2026 09:11:15.466] [Render thread/INFO] [net.minecraft.client.Minecraft/]: Waiting for player to load...
[27Sep2026 09:11:15.515] [Render thread/INFO] [net.minecraft.client.Minecraft/]: Waiting for overlay to disappear...
[27Sep2026 09:11:15.516] [Render thread/INFO] [net.minecraft.client.Minecraft/]: Waiting for player to load...
[27Sep2026 09:11:15.565] [Render thread/INFO] [net.minecraft.client.Minecraft/]: Waiting for overlay to disappear...
[27Sep2026 09:11:15.566] [Render thread/INFO] [net.minecraft.client.Minecraft/]: Waiting for player to load...
[27Sep2026 09:11:15.615] [Render thread/INFO] [net.minecraft.client.Minecraft/]: Waiting for overlay to disappear...
[27Sep2026 09:11:15.616] [Render thread/INFO] [net.minecraft.client.Minecraft/]: Waiting for player to load...
[27Sep2026 09:11:15.665] [Render thread/INFO] [net.minecraft.client.Minecraft/]: Waiting for overlay to disappear...
[27Sep2026 09:11:15.666] [Render thread/INFO] [net.minecraft.client.Minecraft/]: Waiting for player to load...
[27Sep2026 09:11:15.722] [Render thread/INFO] [net.minecraft.client.Minecraft/]: Waiting for overlay to disappear...
[27Sep2026 09:11:15.722] [Render thread/INFO] [net.minecraft.client.Minecraft/]: Waiting for player to load...
[27Sep2026 09:11:15.770] [Render thread/INFO] [net.minecraft.client.Minecraft/]: Waiting for overlay to disappear...
[27Sep2026 09:11:15.771] [Render thread/INFO] [net.minecraft.client.Minecraft/]: Waiting for player to load...
[27Sep2026 09:11:15.820] [Render thread/INFO] [net.minecraft.client.Minecraft/]: Waiting for overlay to disappear...
[27Sep2026 09:11:15.821] [Render thread/INFO] [net.minecraft.client.Minecraft/]: Waiting for player to load...
[27Sep2026 09:11:15.870] [Render thread/INFO] [net.minecraft.client.Minecraft/]: Waiting for overlay to disappear...
[27Sep2026 09:11:15.871] [Render thread/INFO] [net.minecraft.client.Minecraft/]: Waiting for player to load...
[27Sep2026 09:11:16.222] [Render thread/WARN] [net.minecraft.client.sounds.SoundEngine/]: Missing sound for event: minecraft:entity.allay.ambient_with_item
[27Sep2026 09:11:16.223] [Render thread/WARN] [net.minecraft.client.sounds.SoundEngine/]: Missing sound for event: minecraft:entity.allay.ambient_without_item
[27Sep2026 09:11:16.223] [Render thread/WARN] [net.minecraft.client.sounds.SoundEngine/]: Missing sound for event: minecraft:entity.allay.death
[27Sep2026 09:11:16.223] [Render thread/WARN] [net.minecraft.client.sounds.SoundEngine/]: Missing sound for event: minecraft:entity.allay.hurt
[27Sep2026 09:11:16.223] [Render thread/WARN] [net.minecraft.client.sounds.SoundEngine/]: Missing sound for event: minecraft:entity.allay.item_given
[27Sep2026 09:11:16.223] [Render thread/WARN] [net.minecraft.client.sounds.SoundEngine/]: Missing sound for event: minecraft:entity.allay.item_taken
[27Sep2026 09:11:16.223] [Render thread/WARN] [net.minecraft.client.sounds.SoundEngine/]: Missing sound for event: minecraft:entity.allay.item_thrown
[27Sep2026 09:11:16.223] [Render thread/WARN] [net.minecraft.client.sounds.SoundEngine/]: Missing sound for event: minecraft:ambient.cave
[27Sep2026 09:11:16.223] [Render thread/WARN] [net.minecraft.client.sounds.SoundEngine/]: Missing sound for event: minecraft:ambient.basalt_deltas.additions
[27Sep2026 09:11:16.223] [Render thread/WARN] [net.minecraft.client.sounds.SoundEngine/]: Missing sound for event: minecraft:ambient.basalt_deltas.loop
[27Sep2026 09:11:16.223] [Render thread/WARN] [net.minecraft.client.sounds.SoundEngine/]: Missing sound for event: minecraft:ambient.basalt_deltas.mood
[27Sep2026 09:11:16.223] [Render thread/WARN] [net.minecraft.client.sounds.SoundEngine/]: Missing sound for event: minecraft:ambient.crimson_forest.additions
[27Sep2026 09:11:16.223] [Render thread/WARN] [net.minecraft.client.sounds.SoundEngine/]: Missing sound for event: minecraft:ambient.crimson_forest.loop
[27Sep2026 09:11:16.223] [Render thread/WARN] [net.minecraft.client.sounds.SoundEngine/]: Missing sound for event: minecraft:ambient.crimson_forest.mood
[27Sep2026 09:11:16.223] [Render thread/WARN] [net.minecraft.client.sounds.SoundEngine/]: Missing sound for event: minecraft:ambient.nether_wastes.additions
[27Sep2026 09:11:16.223] [Render thread/WARN] [net.minecraft.client.sounds.SoundEngine/]: Missing sound for event: minecraft:ambient.nether_wastes.loop
[27Sep2026 09:11:16.223] [Render thread/WARN] [net.minecraft.client.sounds.SoundEngine/]: Missing sound for event: minecraft:ambient.nether_wastes.mood
[27Sep2026 09:11:16.223] [Render thread/WARN] [net.minecraft.client.sounds.SoundEngine/]: Missing sound for event: minecraft:ambient.soul_sand_valley.additions
[27Sep2026 09:11:16.223] [Render thread/WARN] [net.minecraft.client.sounds.SoundEngine/]: Missing sound for event: minecraft:ambient.soul_sand_valley.loop
[27Sep2026 09:11:16.223] [Render thread/WARN] [net.minecraft.client.sounds.SoundEngine/]: Missing sound for event: minecraft:ambient.soul_sand_valley.mood
[27Sep2026 09:11:16.223] [Render thread/WARN] [net.minecraft.client.sounds.SoundEngine/]: Missing sound for event: minecraft:ambient.warped_forest.additions
[27Sep2026 09:11:16.223] [Render thread/WARN] [net.minecraft.client.sounds.SoundEngine/]: Missing sound for event: minecraft:ambient.warped_forest.loop
[27Sep2026 09:11:16.223] [Render thread/WARN] [net.minecraft.client.sounds.SoundEngine/]: Missing sound for event: minecraft:ambient.warped_forest.mood
[27Sep2026 09:11:16.224] [Render thread/WARN] [net.minecraft.client.sounds.SoundEngine/]: Missing sound for event: minecraft:ambient.underwater.enter
[27Sep2026 09:11:16.224] [Render thread/WARN] [net.minecraft.client.sounds.SoundEngine/]: Missing sound for event: minecraft:ambient.underwater.exit
[27Sep2026 09:11:16.224] [Render thread/WARN] [net.minecraft.client.sounds.SoundEngine/]: Missing sound for event: minecraft:ambient.underwater.loop
[27Sep2026 09:11:16.224] [Render thread/WARN] [net.minecraft.client.sounds.SoundEngine/]: Missing sound for event: minecraft:ambient.underwater.loop.additions
[27Sep2026 09:11:16.224] [Render thread/WARN] [net.minecraft.client.sounds.SoundEngine/]: Missing sound for event: minecraft:ambient.underwater.loop.additions.rare
[27Sep2026 09:11:16.224] [Render thread/WARN] [net.minecraft.client.sounds.SoundEngine/]: Missing sound for event: minecraft:ambient.underwater.loop.additions.ultra_rare
[27Sep2026 09:11:16.224] [Render thread/WARN] [net.minecraft.client.sounds.SoundEngine/]: Missing sound for event: minecraft:block.amethyst_block.break
[27Sep2026 09:11:16.224] [Render thread/WARN] [net.minecraft.client.sounds.SoundEngine/]: Missing sound for event: minecraft:block.amethyst_block.chime
[27Sep2026 09:11:16.224] [Render thread/WARN] [net.minecraft.client.sounds.SoundEngine/]: Missing sound for event: minecraft:block.amethyst_block.fall
[27Sep2026 09:11:16.224] [Render thread/WARN] [net.minecraft.client.sounds.SoundEngine/]: Missing sound for event: minecraft:block.amethyst_block.hit
[27Sep2026 09:11:16.224] [Render thread/WARN] [net.minecraft.client.sounds.SoundEngine/]: Missing sound for event: minecraft:block.amethyst_block.place
[27Sep2026 09:11:16.224] [Render thread/WARN] [net.minecraft.client.sounds.SoundEngine/]: Missing sound for event: minecraft:block.amethyst_block.resonate
[27Sep2026 09:11:16.224] [Render thread/WARN] [net.minecraft.client.sounds.SoundEngine/]: Missing sound for event: minecraft:block.amethyst_block.step
[27Sep2026 09:11:16.224] [Render thread/WARN] [net.minecraft.client.sounds.SoundEngine/]: Missing sound for event: minecraft:block.amethyst_cluster.break
[27Sep2026 09:11:16.224] [Render thread/WARN] [net.minecraft.client.sounds.SoundEngine/]: Missing sound for event: minecraft:block.amethyst_cluster.fall
[27Sep2026 09:11:16.224] [Render thread/WARN] [net.minecraft.client.sounds.SoundEngine/]: Missing sound for event: minecraft:block.amethyst_cluster.hit
[27Sep2026 09:11:16.224] [Render thread/WARN] [net.minecraft.client.sounds.SoundEngine/]: Missing sound for event: minecraft:block.amethyst_cluster.place
[27Sep2026 09:11:16.224] [Render thread/WARN] [net.minecraft.client.sounds.SoundEngine/]: Missing sound for event: minecraft:block.amethyst_cluster.step
[27Sep2026 09:11:16.224] [Render thread/WARN] [net.minecraft.client.sounds.SoundEngine/]: Missing sound for event: minecraft:block.ancient_debris.break
[27Sep2026 09:11:16.224] [Render thread/WARN] [net.minecraft.client.sounds.SoundEngine/]: Missing sound for event: minecraft:block.ancient_debris.step
[27Sep2026 09:11:16.224] [Render thread/WARN] [net.minecraft.client.sounds.SoundEngine/]: Missing sound for event: minecraft:block.ancient_debris.place
[27Sep2026 09:11:16.224] [Render thread/WARN] [net.minecraft.client.sounds.SoundEngine/]: Missing sound for event: minecraft:block.ancient_debris.hit
[27Sep2026 09:11:16.224] [Render thread/WARN] [net.minecraft.client.sounds.SoundEngine/]: Missing sound for event: minecraft:block.ancient_debris.fall
[27Sep2026 09:11:16.225] [Render thread/WARN] [net.minecraft.client.sounds.SoundEngine/]: Missing sound for event: minecraft:block.anvil.break
[27Sep2026 09:11:16.225] [Render thread/WARN] [net.minecraft.client.sounds.SoundEngine/]: Missing sound for event: minecraft:block.anvil.destroy
[27Sep2026 09:11:16.225] [Render thread/WARN] [net.minecraft.client.sounds.SoundEngine/]: Missing sound for event: minecraft:block.anvil.fall
[27Sep2026 09:11:16.225] [Render thread/WARN] [net.minecraft.client.sounds.SoundEngine/]: Missing sound for event: minecraft:block.anvil.hit
[27Sep2026 09:11:16.225] [Render thread/WARN] [net.minecraft.client.sounds.SoundEngine/]: Missing sound for event: minecraft:block.anvil.land
[27Sep2026 09:11:16.225] [Render thread/WARN] [net.minecraft.client.sounds.SoundEngine/]: Missing sound for event: minecraft:block.anvil.place
[27Sep2026 09:11:16.225] [Render thread/WARN] [net.minecraft.client.sounds.SoundEngine/]: Missing sound for event: minecraft:block.anvil.step
[27Sep2026 09:11:16.225] [Render thread/WARN] [net.minecraft.client.sounds.SoundEngine/]: Missing sound for event: minecraft:block.anvil.use
[27Sep2026 09:11:16.225] [Render thread/WARN] [net.minecraft.client.sounds.SoundEngine/]: Missing sound for event: minecraft:entity.armadillo.eat
[27Sep2026 09:11:16.225] [Render thread/WARN] [net.minecraft.client.sounds.SoundEngine/]: Missing sound for event: minecraft:entity.armadillo.hurt
[27Sep2026 09:11:16.225] [Render thread/WARN] [net.minecraft.client.sounds.SoundEngine/]: Missing sound for event: minecraft:entity.armadillo.hurt_reduced
[27Sep2026 09:11:16.225] [Render thread/WARN] [net.minecraft.client.sounds.SoundEngine/]: Missing sound for event: minecraft:entity.armadillo.ambient
[27Sep2026 09:11:16.225] [Render thread/WARN] [net.minecraft.client.sounds.SoundEngine/]: Missing sound for event: minecraft:entity.armadillo.step
[27Sep2026 09:11:16.225] [Render thread/WARN] [net.minecraft.client.sounds.SoundEngine/]: Missing sound for event: minecraft:entity.armadillo.death
[27Sep2026 09:11:16.225] [Render thread/WARN] [net.minecraft.client.sounds.SoundEngine/]: Missing sound for event: minecraft:entity.armadillo.roll
[27Sep2026 09:11:16.225] [Render thread/WARN] [net.minecraft.client.sounds.SoundEngine/]: Missing sound for event: minecraft:entity.armadillo.land
[27Sep2026 09:11:16.225] [Render thread/WARN] [net.minecraft.client.sounds.SoundEngine/]: Missing sound for event: minecraft:entity.armadillo.scute_drop
[27Sep2026 09:11:16.225] [Render thread/WARN] [net.minecraft.client.sounds.SoundEngine/]: Missing sound for event: minecraft:entity.armadillo.unroll_finish
[27Sep2026 09:11:16.225] [Render thread/WARN] [net.minecraft.client.sounds.SoundEngine/]: Missing sound for event: minecraft:entity.armadillo.peek
[27Sep2026 09:11:16.225] [Render thread/WARN] [net.minecraft.client.sounds.SoundEngine/]: Missing sound for event: minecraft:entity.armadillo.unroll_start
[27Sep2026 09:11:16.225] [Render thread/WARN] [net.minecraft.client.sounds.SoundEngine/]: Missing sound for event: minecraft:entity.armadillo.brush
[27Sep2026 09:11:16.225] [Render thread/WARN] [net.minecraft.client.sounds.SoundEngine/]: Missing sound for event: minecraft:item.armor.equip_chain
[27Sep2026 09:11:16.226] [Render thread/WARN] [net.minecraft.client.sounds.SoundEngine/]: Missing sound for event: minecraft:item.armor.equip_diamond
[27Sep2026 09:11:16.226] [Render thread/WARN] [net.minecraft.client.sounds.SoundEngine/]: Missing sound for event: minecraft:item.armor.equip_elytra
[27Sep2026 09:11:16.226] [Render thread/WARN] [net.minecraft.client.sounds.SoundEngine/]: Missing sound for event: minecraft:item.armor.equip_generic
[27Sep2026 09:11:16.226] [Render thread/WARN] [net.minecraft.client.sounds.SoundEngine/]: Missing sound for event: minecraft:item.armor.equip_gold
[27Sep2026 09:11:16.226] [Render thread/WARN] [net.minecraft.client.sounds.SoundEngine/]: Missing sound for event: minecraft:item.armor.equip_iron
[27Sep2026 09:11:16.226] [Render thread/WARN] [net.minecraft.client.sounds.SoundEngine/]: Missing sound for event: minecraft:item.armor.equip_leather
[27Sep2026 09:11:16.226] [Render thread/WARN] [net.minecraft.client.sounds.SoundEngine/]: Missing sound for event: minecraft:item.armor.equip_copper
[27Sep2026 09:11:16.226] [Render thread/WARN] [net.minecraft.client.sounds.SoundEngine/]: Missing sound for event: minecraft:item.armor.equip_netherite
[27Sep2026 09:11:16.226] [Render thread/WARN] [net.minecraft.client.sounds.SoundEngine/]: Missing sound for event: minecraft:item.armor.equip_turtle
[27Sep2026 09:11:16.226] [Render thread/WARN] [net.minecraft.client.sounds.SoundEngine/]: Missing sound for event: minecraft:item.armor.equip_wolf
[27Sep2026 09:11:16.226] [Render thread/WARN] [net.minecraft.client.sounds.SoundEngine/]: Missing sound for event: minecraft:item.armor.unequip_wolf
[27Sep2026 09:11:16.226] [Render thread/WARN] [net.minecraft.client.sounds.SoundEngine/]: Missing sound for event: minecraft:item.armor.equip_nautilus
[27Sep2026 09:11:16.226] [Render thread/WARN] [net.minecraft.client.sounds.SoundEngine/]: Missing sound for event: minecraft:item.armor.unequip_nautilus
[27Sep2026 09:11:16.226] [Render thread/WARN] [net.minecraft.client.sounds.SoundEngine/]: Missing sound for event: minecraft:entity.armor_stand.break
[27Sep2026 09:11:16.226] [Render thread/WARN] [net.minecraft.client.sounds.SoundEngine/]: Missing sound for event: minecraft:entity.armor_stand.fall
[27Sep2026 09:11:16.226] [Render thread/WARN] [net.minecraft.client.sounds.SoundEngine/]: Missing sound for event: minecraft:entity.armor_stand.hit
[27Sep2026 09:11:16.226] [Render thread/WARN] [net.minecraft.client.sounds.SoundEngine/]: Missing sound for event: minecraft:entity.armor_stand.place
[27Sep2026 09:11:16.226] [Render thread/WARN] [net.minecraft.client.sounds.SoundEngine/]: Missing sound for event: minecraft:entity.arrow.hit
[27Sep2026 09:11:16.227] [Render thread/WARN] [net.minecraft.client.sounds.SoundEngine/]: Missing sound for event: minecraft:entity.arrow.hit_player
[27Sep2026 09:11:16.227] [Render thread/WARN] [net.minecraft.client.sounds.SoundEngine/]: Missing sound for event: minecraft:entity.arrow.shoot
[27Sep2026 09:11:16.227] [Render thread/WARN] [net.minecraft.client.sounds.SoundEngine/]: Missing sound for event: minecraft:item.axe.strip
[27Sep2026 09:11:16.227] [Render thread/WARN] [net.minecraft.client.sounds.SoundEngine/]: Missing sound for event: minecraft:item.axe.scrape
[27Sep2026 09:11:16.227] [Render thread/WARN] [net.minecraft.client.sounds.SoundEngine/]: Missing sound for event: minecraft:item.axe.wax_off
[27Sep2026 09:11:16.227] [Render thread/WARN] [net.minecraft.client.sounds.SoundEngine/]: Missing sound for event: minecraft:entity.axolotl.attack
[27Sep2026 09:11:16.227] [Render thread/WARN] [net.minecraft.client.sounds.SoundEngine/]: Missing sound for event: minecraft:entity.axolotl.death
[27Sep2026 09:11:16.227] [Render thread/WARN] [net.minecraft.client.sounds.SoundEngine/]: Missing sound for event: minecraft:entity.axolotl.hurt
[27Sep2026 09:11:16.227] [Render thread/WARN] [net.minecraft.client.sounds.SoundEngine/]: Missing sound for event: minecraft:entity.axolotl.idle_air
[27Sep2026 09:11:16.227] [Render thread/WARN] [net.minecraft.client.sounds.SoundEngine/]: Missing sound for event: minecraft:entity.axolotl.idle_water
[27Sep2026 09:11:16.227] [Render thread/WARN] [net.minecraft.client.sounds.SoundEngine/]: Missing sound for event: minecraft:entity.axolotl.splash
[27Sep2026 09:11:16.227] [Render thread/WARN] [net.minecraft.client.sounds.SoundEngine/]: Missing sound for event: minecraft:entity.axolotl.swim
[27Sep2026 09:11:16.227] [Render thread/WARN] [net.minecraft.client.sounds.SoundEngine/]: Missing sound for event: minecraft:block.azalea.break
[27Sep2026 09:11:16.227] [Render thread/WARN] [net.minecraft.client.sounds.SoundEngine/]: Missing sound for event: minecraft:block.azalea.fall
[27Sep2026 09:11:16.227] [Render thread/WARN] [net.minecraft.client.sounds.SoundEngine/]: Missing sound for event: minecraft:block.azalea.hit
[27Sep2026 09:11:16.227] [Render thread/WARN] [net.minecraft.client.sounds.SoundEngine/]: Missing sound for event: minecraft:block.azalea.place
[27Sep2026 09:11:16.227] [Render thread/WARN] [net.minecraft.client.sounds.SoundEngine/]: Missing sound for event: minecraft:block.azalea.step
[27Sep2026 09:11:16.227] [Render thread/WARN] [net.minecraft.client.sounds.SoundEngine/]: Missing sound for event: minecraft:block.azalea_leaves.break
[27Sep2026 09:11:16.227] [Render thread/WARN] [net.minecraft.client.sounds.SoundEngine/]: Missing sound for event: minecraft:block.azalea_leaves.fall
[27Sep2026 09:11:16.227] [Render thread/WARN] [net.minecraft.client.sounds.SoundEngine/]: Missing sound for event: minecraft:block.azalea_leaves.hit
[27Sep2026 09:11:16.227] [Render thread/WARN] [net.minecraft.client.sounds.SoundEngine/]: Missing sound for event: minecraft:block.azalea_leaves.place
[27Sep2026 09:11:16.227] [Render thread/WARN] [net.minecraft.client.sounds.SoundEngine/]: Missing sound for event: minecraft:block.azalea_leaves.step
[27Sep2026 09:11:16.227] [Render thread/WARN] [net.minecraft.client.sounds.SoundEngine/]: Missing sound for event: minecraft:entity.baby_nautilus.ambient
[27Sep2026 09:11:16.227] [Render thread/WARN] [net.minecraft.client.sounds.SoundEngine/]: Missing sound for event: minecraft:entity.baby_nautilus.ambient_land
[27Sep2026 09:11:16.228] [Render thread/WARN] [net.minecraft.client.sounds.SoundEngine/]: Missing sound for event: minecraft:entity.baby_nautilus.death
[27Sep2026 09:11:16.228] [Render thread/WARN] [net.minecraft.client.sounds.SoundEngine/]: Missing sound for event: minecraft:entity.baby_nautilus.death_land
[27Sep2026 09:11:16.228] [Render thread/WARN] [net.minecraft.client.sounds.SoundEngine/]: Missing sound for event: minecraft:entity.baby_nautilus.eat
[27Sep2026 09:11:16.228] [Render thread/WARN] [net.minecraft.client.sounds.SoundEngine/]: Missing sound for event: minecraft:entity.baby_nautilus.hurt
[27Sep2026 09:11:16.228] [Render thread/WARN] [net.minecraft.client.sounds.SoundEngine/]: Missing sound for event: minecraft:entity.baby_nautilus.hurt_land
[27Sep2026 09:11:16.228] [Render thread/WARN] [net.minecraft.client.sounds.SoundEngine/]: Missing sound for event: minecraft:entity.nautilus.riding
[27Sep2026 09:11:16.228] [Render thread/WARN] [net.minecraft.client.sounds.SoundEngine/]: Missing sound for event: minecraft:entity.baby_nautilus.swim
[27Sep2026 09:11:16.228] [Render thread/WARN] [net.minecraft.client.sounds.SoundEngine/]: Missing sound for event: minecraft:block.bamboo.break
[27Sep2026 09:11:16.228] [Render thread/WARN] [net.minecraft.client.sounds.SoundEngine/]: Missing sound for event: minecraft:block.bamboo.fall
[27Sep2026 09:11:16.228] [Render thread/WARN] [net.minecraft.client.sounds.SoundEngine/]: Missing sound for event: minecraft:block.bamboo.hit
[27Sep2026 09:11:16.228] [Render thread/WARN] [net.minecraft.client.sounds.SoundEngine/]: Missing sound for event: minecraft:block.bamboo.place
[27Sep2026 09:11:16.228] [Render thread/WARN] [net.minecraft.client.sounds.SoundEngine/]: Missing sound for event: minecraft:block.bamboo.step
[27Sep2026 09:11:16.228] [Render thread/WARN] [net.minecraft.client.sounds.SoundEngine/]: Missing sound for event: minecraft:block.bamboo_sapling.break
[27Sep2026 09:11:16.228] [Render thread/WARN] [net.minecraft.client.sounds.SoundEngine/]: Missing sound for event: minecraft:block.bamboo_sapling.hit
[27Sep2026 09:11:16.228] [Render thread/WARN] [net.minecraft.client.sounds.SoundEngine/]: Missing sound for event: minecraft:block.bamboo_sapling.place
[27Sep2026 09:11:16.228] [Render thread/WARN] [net.minecraft.client.sounds.SoundEngine/]: Missing sound for event: minecraft:block.bamboo_wood.break
[27Sep2026 09:11:16.228] [Render thread/WARN] [net.minecraft.client.sounds.SoundEngine/]: Missing sound for event: minecraft:block.bamboo_wood.fall
[27Sep2026 09:11:16.228] [Render thread/WARN] [net.minecraft.client.sounds.SoundEngine/]: Missing sound for event: minecraft:block.bamboo_wood.hit
[27Sep2026 09:11:16.228] [Render thread/WARN] [net.minecraft.client.sounds.SoundEngine/]: Missing sound for event: minecraft:block.bamboo_wood.place
[27Sep2026 09:11:16.228] [Render thread/WARN] [net.minecraft.client.sounds.SoundEngine/]: Missing sound for event: minecraft:block.bamboo_wood.step
[27Sep2026 09:11:16.228] [Render thread/WARN] [net.minecraft.client.sounds.SoundEngine/]: Missing sound for event: minecraft:block.bamboo_wood_door.close
[27Sep2026 09:11:16.228] [Render thread/WARN] [net.minecraft.client.sounds.SoundEngine/]: Missing sound for event: minecraft:block.bamboo_wood_door.open
[27Sep2026 09:11:16.228] [Render thread/WARN] [net.minecraft.client.sounds.SoundEngine/]: Missing sound for event: minecraft:block.bamboo_wood_trapdoor.close
[27Sep2026 09:11:16.228] [Render thread/WARN] [net.minecraft.client.sounds.SoundEngine/]: Missing sound for event: minecraft:block.bamboo_wood_trapdoor.open
[27Sep2026 09:11:16.228] [Render thread/WARN] [net.minecraft.client.sounds.SoundEngine/]: Missing sound for event: minecraft:block.bamboo_wood_button.click_off
[27Sep2026 09:11:16.228] [Render thread/WARN] [net.minecraft.client.sounds.SoundEngine/]: Missing sound for event: minecraft:block.bamboo_wood_button.click_on
[27Sep2026 09:11:16.228] [Render thread/WARN] [net.minecraft.client.sounds.SoundEngine/]: Missing sound for event: minecraft:block.bamboo_wood_pressure_plate.click_off
[27Sep2026 09:11:16.228] [Render thread/WARN] [net.minecraft.client.sounds.SoundEngine/]: Missing sound for event: minecraft:block.bamboo_wood_pressure_plate.click_on
[27Sep2026 09:11:16.228] [Render thread/WARN] [net.minecraft.client.sounds.SoundEngine/]: Missing sound for event: minecraft:block.bamboo_wood_fence_gate.close
[27Sep2026 09:11:16.228] [Render thread/WARN] [net.minecraft.client.sounds.SoundEngine/]: Missing sound for event: minecraft:block.bamboo_wood_fence_gate.open
[27Sep2026 09:11:16.229] [Render thread/WARN] [net.minecraft.client.sounds.SoundEngine/]: Missing sound for event: minecraft:block.barrel.close
[27Sep2026 09:11:16.229] [Render thread/WARN] [net.minecraft.client.sounds.SoundEngine/]: Missing sound for event: minecraft:block.barrel.open
[27Sep2026 09:11:16.229] [Render thread/WARN] [net.minecraft.client.sounds.SoundEngine/]: Missing sound for event: minecraft:block.basalt.break
[27Sep2026 09:11:16.229] [Render thread/WARN] [net.minecraft.client.sounds.SoundEngine/]: Missing sound for event: minecraft:block.basalt.step
[27Sep2026 09:11:16.229] [Render thread/WARN] [net.minecraft.client.sounds.SoundEngine/]: Missing sound for event: minecraft:block.basalt.place
[27Sep2026 09:11:16.229] [Render thread/WARN] [net.minecraft.client.sounds.SoundEngine/]: Missing sound for event: minecraft:block.basalt.hit
[27Sep2026 09:11:16.229] [Render thread/WARN] [net.minecraft.client.sounds.SoundEngine/]: Missing sound for event: minecraft:block.basalt.fall
[27Sep2026 09:11:16.229] [Render thread/WARN] [net.minecraft.client.sounds.SoundEngine/]: Missing sound for event: minecraft:entity.bat.ambient
[27Sep2026 09:11:16.229] [Render thread/WARN] [net.minecraft.client.sounds.SoundEngine/]: Missing sound for event: minecraft:entity.bat.death
[27Sep2026 09:11:16.229] [Render thread/WARN] [net.minecraft.client.sounds.SoundEngine/]: Missing sound for event: minecraft:entity.bat.hurt
[27Sep2026 09:11:16.229] [Render thread/WARN] [net.minecraft.client.sounds.SoundEngine/]: Missing sound for event: minecraft:entity.bat.loop
[27Sep2026 09:11:16.229] [Render thread/WARN] [net.minecraft.client.sounds.SoundEngine/]: Missing sound for event: minecraft:entity.bat.takeoff
[27Sep2026 09:11:16.229] [Render thread/WARN] [net.minecraft.client.sounds.SoundEngine/]: Missing sound for event: minecraft:block.beacon.activate
[27Sep2026 09:11:16.229] [Render thread/WARN] [net.minecraft.client.sounds.SoundEngine/]: Missing sound for event: minecraft:block.beacon.ambient
[27Sep2026 09:11:16.229] [Render thread/WARN] [net.minecraft.client.sounds.SoundEngine/]: Missing sound for event: minecraft:block.beacon.deactivate
[27Sep2026 09:11:16.229] [Render thread/WARN] [net.minecraft.client.sounds.SoundEngine/]: Missing sound for event: minecraft:block.beacon.power_select
[27Sep2026 09:11:16.229] [Render thread/WARN] [net.minecraft.client.sounds.SoundEngine/]: Missing sound for event: minecraft:entity.bee.death
[27Sep2026 09:11:16.229] [Render thread/WARN] [net.minecraft.client.sounds.SoundEngine/]: Missing sound for event: minecraft:entity.bee.hurt
[27Sep2026 09:11:16.229] [Render thread/WARN] [net.minecraft.client.sounds.SoundEngine/]: Missing sound for event: minecraft:entity.bee.loop_aggressive
[27Sep2026 09:11:16.229] [Render thread/WARN] [net.minecraft.client.sounds.SoundEngine/]: Missing sound for event: minecraft:entity.bee.loop
[27Sep2026 09:11:16.229] [Render thread/WARN] [net.minecraft.client.sounds.SoundEngine/]: Missing sound for event: minecraft:entity.bee.sting
[27Sep2026 09:11:16.229] [Render thread/WARN] [net.minecraft.client.sounds.SoundEngine/]: Missing sound for event: minecraft:entity.bee.pollinate
[27Sep2026 09:11:16.229] [Render thread/WARN] [net.minecraft.client.sounds.SoundEngine/]: Missing sound for event: minecraft:block.beehive.drip
[27Sep2026 09:11:16.229] [Render thread/WARN] [net.minecraft.client.sounds.SoundEngine/]: Missing sound for event: minecraft:block.beehive.enter
[27Sep2026 09:11:16.229] [Render thread/WARN] [net.minecraft.client.sounds.SoundEngine/]: Missing sound for event: minecraft:block.beehive.exit
[27Sep2026 09:11:16.229] [Render thread/WARN] [net.minecraft.client.sounds.SoundEngine/]: Missing sound for event: minecraft:block.beehive.shear
[27Sep2026 09:11:16.229] [Render thread/WARN] [net.minecraft.client.sounds.SoundEngine/]: Missing sound for event: minecraft:block.beehive.work
[27Sep2026 09:11:16.229] [Render thread/WARN] [net.minecraft.client.sounds.SoundEngine/]: Missing sound for event: minecraft:block.bell.use
[27Sep2026 09:11:16.229] [Render thread/WARN] [net.minecraft.client.sounds.SoundEngine/]: Missing sound for event: minecraft:block.bell.resonate
[27Sep2026 09:11:16.229] [Render thread/WARN] [net.minecraft.client.sounds.SoundEngine/]: Missing sound for event: minecraft:block.big_dripleaf.break
[27Sep2026 09:11:16.230] [Render thread/WARN] [net.minecraft.client.sounds.SoundEngine/]: Missing sound for event: minecraft:block.big_dripleaf.fall
[27Sep2026 09:11:16.230] [Render thread/WARN] [net.minecraft.client.sounds.SoundEngine/]: Missing sound for event: minecraft:block.big_dripleaf.hit
[27Sep2026 09:11:16.230] [Render thread/WARN] [net.minecraft.client.sounds.SoundEngine/]: Missing sound for event: minecraft:block.big_dripleaf.place
[27Sep2026 09:11:16.230] [Render thread/WARN] [net.minecraft.client.sounds.SoundEngine/]: Missing sound for event: minecraft:block.big_dripleaf.step
[27Sep2026 09:11:16.230] [Render thread/WARN] [net.minecraft.client.sounds.SoundEngine/]: Missing sound for event: minecraft:entity.blaze.ambient
[27Sep2026 09:11:16.230] [Render thread/WARN] [net.minecraft.client.sounds.SoundEngine/]: Missing sound for event: minecraft:entity.blaze.burn
[27Sep2026 09:11:16.230] [Render thread/WARN] [net.minecraft.client.sounds.SoundEngine/]: Missing sound for event: minecraft:entity.blaze.death
[27Sep2026 09:11:16.230] [Render thread/WARN] [net.minecraft.client.sounds.SoundEngine/]: Missing sound for event: minecraft:entity.blaze.hurt
[27Sep2026 09:11:16.230] [Render thread/WARN] [net.minecraft.client.sounds.SoundEngine/]: Missing sound for event: minecraft:entity.blaze.shoot
[27Sep2026 09:11:16.230] [Render thread/WARN] [net.minecraft.client.sounds.SoundEngine/]: Missing sound for event: minecraft:entity.boat.paddle_land
[27Sep2026 09:11:16.230] [Render thread/WARN] [net.minecraft.client.sounds.SoundEngine/]: Missing sound for event: minecraft:entity.boat.paddle_water
[27Sep2026 09:11:16.230] [Render thread/WARN] [net.minecraft.client.sounds.SoundEngine/]: Missing sound for event: minecraft:entity.bogged.ambient
[27Sep2026 09:11:16.230] [Render thread/WARN] [net.minecraft.client.sounds.SoundEngine/]: Missing sound for event: minecraft:entity.bogged.death
[27Sep2026 09:11:16.230] [Render thread/WARN] [net.minecraft.client.sounds.SoundEngine/]: Missing sound for event: minecraft:entity.bogged.hurt
[27Sep2026 09:11:16.230] [Render thread/WARN] [net.minecraft.client.sounds.SoundEngine/]: Missing sound for event: minecraft:entity.bogged.shear
[27Sep2026 09:11:16.230] [Render thread/WARN] [net.minecraft.client.sounds.SoundEngine/]: Missing sound for event: minecraft:entity.bogged.step
[27Sep2026 09:11:16.230] [Render thread/WARN] [net.minecraft.client.sounds.SoundEngine/]: Missing sound for event: minecraft:block.bone_block.break
[27Sep2026 09:11:16.230] [Render thread/WARN] [net.minecraft.client.sounds.SoundEngine/]: Missing sound for event: minecraft:block.bone_block.fall
[27Sep2026 09:11:16.230] [Render thread/WARN] [net.minecraft.client.sounds.SoundEngine/]: Missing sound for event: minecraft:block.bone_block.hit
[27Sep2026 09:11:16.230] [Render thread/WARN] [net.minecraft.client.sounds.SoundEngine/]: Missing sound for event: minecraft:block.bone_block.place
[27Sep2026 09:11:16.230] [Render thread/WARN] [net.minecraft.client.sounds.SoundEngine/]: Missing sound for event: minecraft:block.bone_block.step
[27Sep2026 09:11:16.230] [Render thread/WARN] [net.minecraft.client.sounds.SoundEngine/]: Missing sound for event: minecraft:item.bone_meal.use
[27Sep2026 09:11:16.230] [Render thread/WARN] [net.minecraft.client.sounds.SoundEngine/]: Missing sound for event: minecraft:item.book.page_turn
[27Sep2026 09:11:16.230] [Render thread/WARN] [net.minecraft.client.sounds.SoundEngine/]: Missing sound for event: minecraft:item.book.put
[27Sep2026 09:11:16.230] [Render thread/WARN] [net.minecraft.client.sounds.SoundEngine/]: Missing sound for event: minecraft:block.blastfurnace.fire_crackle
[27Sep2026 09:11:16.231] [Render thread/WARN] [net.minecraft.client.sounds.SoundEngine/]: Missing sound for event: minecraft:item.bottle.empty
[27Sep2026 09:11:16.231] [Render thread/WARN] [net.minecraft.client.sounds.SoundEngine/]: Missing sound for event: minecraft:item.bottle.fill
[27Sep2026 09:11:16.231] [Render thread/WARN] [net.minecraft.client.sounds.SoundEngine/]: Missing sound for event: minecraft:item.bottle.fill_dragonbreath
[27Sep2026 09:11:16.231] [Render thread/WARN] [net.minecraft.client.sounds.SoundEngine/]: Missing sound for event: minecraft:entity.breeze.charge
[27Sep2026 09:11:16.231] [Render thread/WARN] [net.minecraft.client.sounds.SoundEngine/]: Missing sound for event: minecraft:entity.breeze.deflect
[27Sep2026 09:11:16.231] [Render thread/WARN] [net.minecraft.client.sounds.SoundEngine/]: Missing sound for event: minecraft:entity.breeze.inhale
[27Sep2026 09:11:16.231] [Render thread/WARN] [net.minecraft.client.sounds.SoundEngine/]: Missing sound for event: minecraft:entity.breeze.idle_ground
[27Sep2026 09:11:16.231] [Render thread/WARN] [net.minecraft.client.sounds.SoundEngine/]: Missing sound for event: minecraft:entity.breeze.idle_air
[27Sep2026 09:11:16.231] [Render thread/WARN] [net.minecraft.client.sounds.SoundEngine/]: Missing sound for event: minecraft:entity.breeze.shoot
[27Sep2026 09:11:16.231] [Render thread/WARN] [net.minecraft.client.sounds.SoundEngine/]: Missing sound for event: minecraft:entity.breeze.jump
[27Sep2026 09:11:16.231] [Render thread/WARN] [net.minecraft.client.sounds.SoundEngine/]: Missing sound for event: minecraft:entity.breeze.land
[27Sep2026 09:11:16.231] [Render thread/WARN] [net.minecraft.client.sounds.SoundEngine/]: Missing sound for event: minecraft:entity.breeze.slide
[27Sep2026 09:11:16.231] [Render thread/WARN] [net.minecraft.client.sounds.SoundEngine/]: Missing sound for event: minecraft:entity.breeze.death
[27Sep2026 09:11:16.231] [Render thread/WARN] [net.minecraft.client.sounds.SoundEngine/]: Missing sound for event: minecraft:entity.breeze.hurt
[27Sep2026 09:11:16.231] [Render thread/WARN] [net.minecraft.client.sounds.SoundEngine/]: Missing sound for event: minecraft:entity.breeze.whirl
[27Sep2026 09:11:16.231] [Render thread/WARN] [net.minecraft.client.sounds.SoundEngine/]: Missing sound for event: minecraft:entity.breeze.wind_burst
[27Sep2026 09:11:16.231] [Render thread/WARN] [net.minecraft.client.sounds.SoundEngine/]: Missing sound for event: minecraft:block.brewing_stand.brew
[27Sep2026 09:11:16.231] [Render thread/WARN] [net.minecraft.client.sounds.SoundEngine/]: Missing sound for event: minecraft:item.brush.brushing.generic
[27Sep2026 09:11:16.231] [Render thread/WARN] [net.minecraft.client.sounds.SoundEngine/]: Missing sound for event: minecraft:item.brush.brushing.sand
[27Sep2026 09:11:16.231] [Render thread/WARN] [net.minecraft.client.sounds.SoundEngine/]: Missing sound for event: minecraft:item.brush.brushing.gravel
[27Sep2026 09:11:16.231] [Render thread/WARN] [net.minecraft.client.sounds.SoundEngine/]: Missing sound for event: minecraft:item.brush.brushing.sand.complete
[27Sep2026 09:11:16.231] [Render thread/WARN] [net.minecraft.client.sounds.SoundEngine/]: Missing sound for event: minecraft:item.brush.brushing.gravel.complete
[27Sep2026 09:11:16.231] [Render thread/WARN] [net.minecraft.client.sounds.SoundEngine/]: Missing sound for event: minecraft:block.bubble_column.bubble_pop
[27Sep2026 09:11:16.231] [Render thread/WARN] [net.minecraft.client.sounds.SoundEngine/]: Missing sound for event: minecraft:block.bubble_column.upwards_ambient
[27Sep2026 09:11:16.231] [Render thread/WARN] [net.minecraft.client.sounds.SoundEngine/]: Missing sound for event: minecraft:block.bubble_column.upwards_inside
[27Sep2026 09:11:16.231] [Render thread/WARN] [net.minecraft.client.sounds.SoundEngine/]: Missing sound for event: minecraft:block.bubble_column.whirlpool_ambient
[27Sep2026 09:11:16.231] [Render thread/WARN] [net.minecraft.client.sounds.SoundEngine/]: Missing sound for event: minecraft:block.bubble_column.whirlpool_inside
[27Sep2026 09:11:16.231] [Render thread/WARN] [net.minecraft.client.sounds.SoundEngine/]: Missing sound for event: minecraft:ui.hud.bubble_pop
[27Sep2026 09:11:16.232] [Render thread/WARN] [net.minecraft.client.sounds.SoundEngine/]: Missing sound for event: minecraft:item.bucket.empty
[27Sep2026 09:11:16.232] [Render thread/WARN] [net.minecraft.client.sounds.SoundEngine/]: Missing sound for event: minecraft:item.bucket.empty_axolotl
[27Sep2026 09:11:16.232] [Render thread/WARN] [net.minecraft.client.sounds.SoundEngine/]: Missing sound for event: minecraft:item.bucket.empty_fish
[27Sep2026 09:11:16.232] [Render thread/WARN] [net.minecraft.client.sounds.SoundEngine/]: Missing sound for event: minecraft:item.bucket.empty_lava
[27Sep2026 09:11:16.232] [Render thread/WARN] [net.minecraft.client.sounds.SoundEngine/]: Missing sound for event: minecraft:item.bucket.empty_powder_snow
[27Sep2026 09:11:16.232] [Render thread/WARN] [net.minecraft.client.sounds.SoundEngine/]: Missing sound for event: minecraft:item.bucket.empty_tadpole
[27Sep2026 09:11:16.232] [Render thread/WARN] [net.minecraft.client.sounds.SoundEngine/]: Missing sound for event: minecraft:item.bucket.fill
[27Sep2026 09:11:16.232] [Render thread/WARN] [net.minecraft.client.sounds.SoundEngine/]: Missing sound for event: minecraft:item.bucket.fill_axolotl
[27Sep2026 09:11:16.232] [Render thread/WARN] [net.minecraft.client.sounds.SoundEngine/]: Missing sound for event: minecraft:item.bucket.fill_fish
[27Sep2026 09:11:16.232] [Render thread/WARN] [net.minecraft.client.sounds.SoundEngine/]: Missing sound for event: minecraft:item.bucket.fill_lava
[27Sep2026 09:11:16.232] [Render thread/WARN] [net.minecraft.client.sounds.SoundEngine/]: Missing sound for event: minecraft:item.bucket.fill_powder_snow
[27Sep2026 09:11:16.232] [Render thread/WARN] [net.minecraft.client.sounds.SoundEngine/]: Missing sound for event: minecraft:item.bucket.fill_tadpole
[27Sep2026 09:11:16.232] [Render thread/WARN] [net.minecraft.client.sounds.SoundEngine/]: Missing sound for event: minecraft:item.bundle.drop_contents
[27Sep2026 09:11:16.232] [Render thread/WARN] [net.minecraft.client.sounds.SoundEngine/]: Missing sound for event: minecraft:item.bundle.insert
[27Sep2026 09:11:16.232] [Render thread/WARN] [net.minecraft.client.sounds.SoundEngine/]: Missing sound for event: minecraft:item.bundle.insert_fail
[27Sep2026 09:11:16.232] [Render thread/WARN] [net.minecraft.client.sounds.SoundEngine/]: Missing sound for event: minecraft:item.bundle.remove_one
[27Sep2026 09:11:16.232] [Render thread/WARN] [net.minecraft.client.sounds.SoundEngine/]: Missing sound for event: minecraft:block.cactus_flower.break
[27Sep2026 09:11:16.232] [Render thread/WARN] [net.minecraft.client.sounds.SoundEngine/]: Missing sound for event: minecraft:block.cactus_flower.place
[27Sep2026 09:11:16.232] [Render thread/WARN] [net.minecraft.client.sounds.SoundEngine/]: Missing sound for event: minecraft:block.cake.add_candle
[27Sep2026 09:11:16.232] [Render thread/WARN] [net.minecraft.client.sounds.SoundEngine/]: Missing sound for event: minecraft:block.calcite.break
[27Sep2026 09:11:16.232] [Render thread/WARN] [net.minecraft.client.sounds.SoundEngine/]: Missing sound for event: minecraft:block.calcite.step
[27Sep2026 09:11:16.232] [Render thread/WARN] [net.minecraft.client.sounds.SoundEngine/]: Missing sound for event: minecraft:block.calcite.place
[27Sep2026 09:11:16.232] [Render thread/WARN] [net.minecraft.client.sounds.SoundEngine/]: Missing sound for event: minecraft:block.calcite.hit
[27Sep2026 09:11:16.232] [Render thread/WARN] [net.minecraft.client.sounds.SoundEngine/]: Missing sound for event: minecraft:block.calcite.fall
[27Sep2026 09:11:16.232] [Render thread/WARN] [net.minecraft.client.sounds.SoundEngine/]: Missing sound for event: minecraft:entity.camel_husk.ambient
[27Sep2026 09:11:16.232] [Render thread/WARN] [net.minecraft.client.sounds.SoundEngine/]: Missing sound for event: minecraft:entity.camel_husk.dash
[27Sep2026 09:11:16.232] [Render thread/WARN] [net.minecraft.client.sounds.SoundEngine/]: Missing sound for event: minecraft:entity.camel_husk.dash_ready
[27Sep2026 09:11:16.232] [Render thread/WARN] [net.minecraft.client.sounds.SoundEngine/]: Missing sound for event: minecraft:entity.camel_husk.death
[27Sep2026 09:11:16.233] [Render thread/WARN] [net.minecraft.client.sounds.SoundEngine/]: Missing sound for event: minecraft:entity.camel_husk.eat
[27Sep2026 09:11:16.233] [Render thread/WARN] [net.minecraft.client.sounds.SoundEngine/]: Missing sound for event: minecraft:entity.camel_husk.hurt
[27Sep2026 09:11:16.233] [Render thread/WARN] [net.minecraft.client.sounds.SoundEngine/]: Missing sound for event: minecraft:entity.camel_husk.saddle
[27Sep2026 09:11:16.233] [Render thread/WARN] [net.minecraft.client.sounds.SoundEngine/]: Missing sound for event: minecraft:entity.camel_husk.sit
[27Sep2026 09:11:16.233] [Render thread/WARN] [net.minecraft.client.sounds.SoundEngine/]: Missing sound for event: minecraft:entity.camel_husk.stand
[27Sep2026 09:11:16.233] [Render thread/WARN] [net.minecraft.client.sounds.SoundEngine/]: Missing sound for event: minecraft:entity.camel_husk.step
[27Sep2026 09:11:16.233] [Render thread/WARN] [net.minecraft.client.sounds.SoundEngine/]: Missing sound for event: minecraft:entity.camel_husk.step_sand
[27Sep2026 09:11:16.233] [Render thread/WARN] [net.minecraft.client.sounds.SoundEngine/]: Missing sound for event: minecraft:entity.camel.ambient
[27Sep2026 09:11:16.233] [Render thread/WARN] [net.minecraft.client.sounds.SoundEngine/]: Missing sound for event: minecraft:entity.camel.dash
[27Sep2026 09:11:16.233] [Render thread/WARN] [net.minecraft.client.sounds.SoundEngine/]: Missing sound for event: minecraft:entity.camel.dash_ready
[27Sep2026 09:11:16.233] [Render thread/WARN] [net.minecraft.client.sounds.SoundEngine/]: Missing sound for event: minecraft:entity.camel.death
[27Sep2026 09:11:16.233] [Render thread/WARN] [net.minecraft.client.sounds.SoundEngine/]: Missing sound for event: minecraft:entity.camel.eat
[27Sep2026 09:11:16.233] [Render thread/WARN] [net.minecraft.client.sounds.SoundEngine/]: Missing sound for event: minecraft:entity.camel.hurt
[27Sep2026 09:11:16.233] [Render thread/WARN] [net.minecraft.client.sounds.SoundEngine/]: Missing sound for event: minecraft:entity.camel.saddle
[27Sep2026 09:11:16.233] [Render thread/WARN] [net.minecraft.client.sounds.SoundEngine/]: Missing sound for event: minecraft:entity.camel.sit
[27Sep2026 09:11:16.233] [Render thread/WARN] [net.minecraft.client.sounds.SoundEngine/]: Missing sound for event: minecraft:entity.camel.stand
[27Sep2026 09:11:16.233] [Render thread/WARN] [net.minecraft.client.sounds.SoundEngine/]: Missing sound for event: minecraft:entity.camel.step
[27Sep2026 09:11:16.233] [Render thread/WARN] [net.minecraft.client.sounds.SoundEngine/]: Missing sound for event: minecraft:entity.camel.step_sand
[27Sep2026 09:11:16.233] [Render thread/WARN] [net.minecraft.client.sounds.SoundEngine/]: Missing sound for event: minecraft:block.campfire.crackle
[27Sep2026 09:11:16.233] [Render thread/WARN] [net.minecraft.client.sounds.SoundEngine/]: Missing sound for event: minecraft:block.candle.ambient
[27Sep2026 09:11:16.233] [Render thread/WARN] [net.minecraft.client.sounds.SoundEngine/]: Missing sound for event: minecraft:block.candle.break
[27Sep2026 09:11:16.233] [Render thread/WARN] [net.minecraft.client.sounds.SoundEngine/]: Missing sound for event: minecraft:block.candle.extinguish
[27Sep2026 09:11:16.234] [Render thread/WARN] [net.minecraft.client.sounds.SoundEngine/]: Missing sound for event: minecraft:block.candle.fall
[27Sep2026 09:11:16.234] [Render thread/WARN] [net.minecraft.client.sounds.SoundEngine/]: Missing sound for event: minecraft:block.candle.hit
[27Sep2026 09:11:16.234] [Render thread/WARN] [net.minecraft.client.sounds.SoundEngine/]: Missing sound for event: minecraft:block.candle.place
[27Sep2026 09:11:16.234] [Render thread/WARN] [net.minecraft.client.sounds.SoundEngine/]: Missing sound for event: minecraft:block.candle.step
[27Sep2026 09:11:16.234] [Render thread/WARN] [net.minecraft.client.sounds.SoundEngine/]: Missing sound for event: minecraft:entity.baby_cat.ambient
[27Sep2026 09:11:16.234] [Render thread/WARN] [net.minecraft.client.sounds.SoundEngine/]: Missing sound for event: minecraft:entity.baby_cat.stray_ambient
[27Sep2026 09:11:16.234] [Render thread/WARN] [net.minecraft.client.sounds.SoundEngine/]: Missing sound for event: minecraft:entity.baby_cat.death
[27Sep2026 09:11:16.234] [Render thread/WARN] [net.minecraft.client.sounds.SoundEngine/]: Missing sound for event: minecraft:entity.baby_cat.eat
[27Sep2026 09:11:16.234] [Render thread/WARN] [net.minecraft.client.sounds.SoundEngine/]: Missing sound for event: minecraft:entity.baby_cat.hiss
[27Sep2026 09:11:16.234] [Render thread/WARN] [net.minecraft.client.sounds.SoundEngine/]: Missing sound for event: minecraft:entity.baby_cat.beg_for_food
[27Sep2026 09:11:16.234] [Render thread/WARN] [net.minecraft.client.sounds.SoundEngine/]: Missing sound for event: minecraft:entity.baby_cat.hurt
[27Sep2026 09:11:16.234] [Render thread/WARN] [net.minecraft.client.sounds.SoundEngine/]: Missing sound for event: minecraft:entity.baby_cat.purr
[27Sep2026 09:11:16.234] [Render thread/WARN] [net.minecraft.client.sounds.SoundEngine/]: Missing sound for event: minecraft:entity.baby_cat.purreow
[27Sep2026 09:11:16.234] [Render thread/WARN] [net.minecraft.client.sounds.SoundEngine/]: Missing sound for event: minecraft:entity.cat.ambient
[27Sep2026 09:11:16.234] [Render thread/WARN] [net.minecraft.client.sounds.SoundEngine/]: Missing sound for event: minecraft:entity.cat.stray_ambient
[27Sep2026 09:11:16.234] [Render thread/WARN] [net.minecraft.client.sounds.SoundEngine/]: Missing sound for event: minecraft:entity.cat.hiss
[27Sep2026 09:11:16.234] [Render thread/WARN] [net.minecraft.client.sounds.SoundEngine/]: Missing sound for event: minecraft:entity.cat.hurt
[27Sep2026 09:11:16.234] [Render thread/WARN] [net.minecraft.client.sounds.SoundEngine/]: Missing sound for event: minecraft:entity.cat.death
[27Sep2026 09:11:16.234] [Render thread/WARN] [net.minecraft.client.sounds.SoundEngine/]: Missing sound for event: minecraft:entity.cat.eat
[27Sep2026 09:11:16.234] [Render thread/WARN] [net.minecraft.client.sounds.SoundEngine/]: Missing sound for event: minecraft:entity.cat.beg_for_food
[27Sep2026 09:11:16.234] [Render thread/WARN] [net.minecraft.client.sounds.SoundEngine/]: Missing sound for event: minecraft:entity.cat.purr
[27Sep2026 09:11:16.234] [Render thread/WARN] [net.minecraft.client.sounds.SoundEngine/]: Missing sound for event: minecraft:entity.cat.purreow
[27Sep2026 09:11:16.235] [Render thread/WARN] [net.minecraft.client.sounds.SoundEngine/]: Missing sound for event: minecraft:entity.cat_royal.ambient
[27Sep2026 09:11:16.235] [Render thread/WARN] [net.minecraft.client.sounds.SoundEngine/]: Missing sound for event: minecraft:entity.cat_royal.stray_ambient
[27Sep2026 09:11:16.235] [Render thread/WARN] [net.minecraft.client.sounds.SoundEngine/]: Missing sound for event: minecraft:entity.cat_royal.hiss
[27Sep2026 09:11:16.235] [Render thread/WARN] [net.minecraft.client.sounds.SoundEngine/]: Missing sound for event: minecraft:entity.cat_royal.hurt
[27Sep2026 09:11:16.235] [Render thread/WARN] [net.minecraft.client.sounds.SoundEngine/]: Missing sound for event: minecraft:entity.cat_royal.death
[27Sep2026 09:11:16.235] [Render thread/WARN] [net.minecraft.client.sounds.SoundEngine/]: Missing sound for event: minecraft:entity.cat_royal.eat
[27Sep2026 09:11:16.235] [Render thread/WARN] [net.minecraft.client.sounds.SoundEngine/]: Missing sound for event: minecraft:entity.cat_royal.beg_for_food
[27Sep2026 09:11:16.235] [Render thread/WARN] [net.minecraft.client.sounds.SoundEngine/]: Missing sound for event: minecraft:entity.cat_royal.purr
[27Sep2026 09:11:16.235] [Render thread/WARN] [net.minecraft.client.sounds.SoundEngine/]: Missing sound for event: minecraft:entity.cat_royal.purreow
[27Sep2026 09:11:16.235] [Render thread/WARN] [net.minecraft.client.sounds.SoundEngine/]: Missing sound for event: minecraft:block.cave_vines.break
[27Sep2026 09:11:16.235] [Render thread/WARN] [net.minecraft.client.sounds.SoundEngine/]: Missing sound for event: minecraft:block.cave_vines.fall
[27Sep2026 09:11:16.235] [Render thread/WARN] [net.minecraft.client.sounds.SoundEngine/]: Missing sound for event: minecraft:block.cave_vines.hit
[27Sep2026 09:11:16.235] [Render thread/WARN] [net.minecraft.client.sounds.SoundEngine/]: Missing sound for event: minecraft:block.cave_vines.place
[27Sep2026 09:11:16.235] [Render thread/WARN] [net.minecraft.client.sounds.SoundEngine/]: Missing sound for event: minecraft:block.cave_vines.step
[27Sep2026 09:11:16.235] [Render thread/WARN] [net.minecraft.client.sounds.SoundEngine/]: Missing sound for event: minecraft:block.cave_vines.pick_berries
[27Sep2026 09:11:16.235] [Render thread/WARN] [net.minecraft.client.sounds.SoundEngine/]: Missing sound for event: minecraft:block.chain.break
[27Sep2026 09:11:16.235] [Render thread/WARN] [net.minecraft.client.sounds.SoundEngine/]: Missing sound for event: minecraft:block.chain.fall
[27Sep2026 09:11:16.235] [Render thread/WARN] [net.minecraft.client.sounds.SoundEngine/]: Missing sound for event: minecraft:block.chain.hit
[27Sep2026 09:11:16.235] [Render thread/WARN] [net.minecraft.client.sounds.SoundEngine/]: Missing sound for event: minecraft:block.chain.place
[27Sep2026 09:11:16.235] [Render thread/WARN] [net.minecraft.client.sounds.SoundEngine/]: Missing sound for event: minecraft:block.chain.step
[27Sep2026 09:11:16.235] [Render thread/WARN] [net.minecraft.client.sounds.SoundEngine/]: Missing sound for event: minecraft:block.cherry_wood.break
[27Sep2026 09:11:16.235] [Render thread/WARN] [net.minecraft.client.sounds.SoundEngine/]: Missing sound for event: minecraft:block.cherry_wood.fall
[27Sep2026 09:11:16.235] [Render thread/WARN] [net.minecraft.client.sounds.SoundEngine/]: Missing sound for event: minecraft:block.cherry_wood.hit
[27Sep2026 09:11:16.235] [Render thread/WARN] [net.minecraft.client.sounds.SoundEngine/]: Missing sound for event: minecraft:block.cherry_wood.place
[27Sep2026 09:11:16.235] [Render thread/WARN] [net.minecraft.client.sounds.SoundEngine/]: Missing sound for event: minecraft:block.cherry_wood.step
[27Sep2026 09:11:16.235] [Render thread/WARN] [net.minecraft.client.sounds.SoundEngine/]: Missing sound for event: minecraft:block.cherry_sapling.break
[27Sep2026 09:11:16.235] [Render thread/WARN] [net.minecraft.client.sounds.SoundEngine/]: Missing sound for event: minecraft:block.cherry_sapling.fall
[27Sep2026 09:11:16.235] [Render thread/WARN] [net.minecraft.client.sounds.SoundEngine/]: Missing sound for event: minecraft:block.cherry_sapling.hit
[27Sep2026 09:11:16.236] [Render thread/WARN] [net.minecraft.client.sounds.SoundEngine/]: Missing sound for event: minecraft:block.cherry_sapling.place
[27Sep2026 09:11:16.236] [Render thread/WARN] [net.minecraft.client.sounds.SoundEngine/]: Missing sound for event: minecraft:block.cherry_sapling.step
[27Sep2026 09:11:16.236] [Render thread/WARN] [net.minecraft.client.sounds.SoundEngine/]: Missing sound for event: minecraft:block.cherry_leaves.break
[27Sep2026 09:11:16.236] [Render thread/WARN] [net.minecraft.client.sounds.SoundEngine/]: Missing sound for event: minecraft:block.cherry_leaves.fall
[27Sep2026 09:11:16.236] [Render thread/WARN] [net.minecraft.client.sounds.SoundEngine/]: Missing sound for event: minecraft:block.cherry_leaves.hit
[27Sep2026 09:11:16.236] [Render thread/WARN] [net.minecraft.client.sounds.SoundEngine/]: Missing sound for event: minecraft:block.cherry_leaves.place
[27Sep2026 09:11:16.236] [Render thread/WARN] [net.minecraft.client.sounds.SoundEngine/]: Missing sound for event: minecraft:block.cherry_leaves.step
[27Sep2026 09:11:16.236] [Render thread/WARN] [net.minecraft.client.sounds.SoundEngine/]: Missing sound for event: minecraft:block.cherry_wood_hanging_sign.step
[27Sep2026 09:11:16.236] [Render thread/WARN] [net.minecraft.client.sounds.SoundEngine/]: Missing sound for event: minecraft:block.cherry_wood_hanging_sign.break
[27Sep2026 09:11:16.236] [Render thread/WARN] [net.minecraft.client.sounds.SoundEngine/]: Missing sound for event: minecraft:block.cherry_wood_hanging_sign.fall
[27Sep2026 09:11:16.236] [Render thread/WARN] [net.minecraft.client.sounds.SoundEngine/]: Missing sound for event: minecraft:block.cherry_wood_hanging_sign.hit
[27Sep2026 09:11:16.236] [Render thread/WARN] [net.minecraft.client.sounds.SoundEngine/]: Missing sound for event: minecraft:block.cherry_wood_hanging_sign.place
[27Sep2026 09:11:16.236] [Render thread/WARN] [net.minecraft.client.sounds.SoundEngine/]: Missing sound for event: minecraft:block.cherry_wood_door.close
[27Sep2026 09:11:16.236] [Render thread/WARN] [net.minecraft.client.sounds.SoundEngine/]: Missing sound for event: minecraft:block.cherry_wood_door.open
[27Sep2026 09:11:16.236] [Render thread/WARN] [net.minecraft.client.sounds.SoundEngine/]: Missing sound for event: minecraft:block.cherry_wood_trapdoor.close
[27Sep2026 09:11:16.236] [Render thread/WARN] [net.minecraft.client.sounds.SoundEngine/]: Missing sound for event: minecraft:block.cherry_wood_trapdoor.open
[27Sep2026 09:11:16.236] [Render thread/WARN] [net.minecraft.client.sounds.SoundEngine/]: Missing sound for event: minecraft:block.cherry_wood_button.click_off
[27Sep2026 09:11:16.236] [Render thread/WARN] [net.minecraft.client.sounds.SoundEngine/]: Missing sound for event: minecraft:block.cherry_wood_button.click_on
[27Sep2026 09:11:16.236] [Render thread/WARN] [net.minecraft.client.sounds.SoundEngine/]: Missing sound for event: minecraft:block.cherry_wood_pressure_plate.click_off
[27Sep2026 09:11:16.236] [Render thread/WARN] [net.minecraft.client.sounds.SoundEngine/]: Missing sound for event: minecraft:block.cherry_wood_pressure_plate.click_on
[27Sep2026 09:11:16.236] [Render thread/WARN] [net.minecraft.client.sounds.SoundEngine/]: Missing sound for event: minecraft:block.cherry_wood_fence_gate.close
[27Sep2026 09:11:16.236] [Render thread/WARN] [net.minecraft.client.sounds.SoundEngine/]: Missing sound for event: minecraft:block.cherry_wood_fence_gate.open
[27Sep2026 09:11:16.236] [Render thread/WARN] [net.minecraft.client.sounds.SoundEngine/]: Missing sound for event: minecraft:block.chest.close
[27Sep2026 09:11:16.236] [Render thread/WARN] [net.minecraft.client.sounds.SoundEngine/]: Missing sound for event: minecraft:block.chest.locked
[27Sep2026 09:11:16.236] [Render thread/WARN] [net.minecraft.client.sounds.SoundEngine/]: Missing sound for event: minecraft:block.chest.open
[27Sep2026 09:11:16.236] [Render thread/WARN] [net.minecraft.client.sounds.SoundEngine/]: Missing sound for event: minecraft:entity.baby_chicken.ambient
[27Sep2026 09:11:16.237] [Render thread/WARN] [net.minecraft.client.sounds.SoundEngine/]: Missing sound for event: minecraft:entity.baby_chicken.death
[27Sep2026 09:11:16.237] [Render thread/WARN] [net.minecraft.client.sounds.SoundEngine/]: Missing sound for event: minecraft:entity.chicken.egg
[27Sep2026 09:11:16.237] [Render thread/WARN] [net.minecraft.client.sounds.SoundEngine/]: Missing sound for event: minecraft:entity.baby_chicken.hurt
[27Sep2026 09:11:16.237] [Render thread/WARN] [net.minecraft.client.sounds.SoundEngine/]: Missing sound for event: minecraft:entity.chicken.step
[27Sep2026 09:11:16.237] [Render thread/WARN] [net.minecraft.client.sounds.SoundEngine/]: Missing sound for event: minecraft:entity.baby_chicken.step
[27Sep2026 09:11:16.237] [Render thread/WARN] [net.minecraft.client.sounds.SoundEngine/]: Missing sound for event: minecraft:entity.chicken.ambient
[27Sep2026 09:11:16.237] [Render thread/WARN] [net.minecraft.client.sounds.SoundEngine/]: Missing sound for event: minecraft:entity.chicken.hurt
[27Sep2026 09:11:16.237] [Render thread/WARN] [net.minecraft.client.sounds.SoundEngine/]: Missing sound for event: minecraft:entity.chicken.death
[27Sep2026 09:11:16.237] [Render thread/WARN] [net.minecraft.client.sounds.SoundEngine/]: Missing sound for event: minecraft:entity.chicken_picky.ambient
[27Sep2026 09:11:16.237] [Render thread/WARN] [net.minecraft.client.sounds.SoundEngine/]: Missing sound for event: minecraft:entity.chicken_picky.hurt
[27Sep2026 09:11:16.237] [Render thread/WARN] [net.minecraft.client.sounds.SoundEngine/]: Missing sound for event: minecraft:entity.chicken_picky.death
[27Sep2026 09:11:16.237] [Render thread/WARN] [net.minecraft.client.sounds.SoundEngine/]: Missing sound for event: minecraft:block.chiseled_bookshelf.break
[27Sep2026 09:11:16.237] [Render thread/WARN] [net.minecraft.client.sounds.SoundEngine/]: Missing sound for event: minecraft:block.chiseled_bookshelf.fall
[27Sep2026 09:11:16.237] [Render thread/WARN] [net.minecraft.client.sounds.SoundEngine/]: Missing sound for event: minecraft:block.chiseled_bookshelf.hit
[27Sep2026 09:11:16.237] [Render thread/WARN] [net.minecraft.client.sounds.SoundEngine/]: Missing sound for event: minecraft:block.chiseled_bookshelf.insert
[27Sep2026 09:11:16.237] [Render thread/WARN] [net.minecraft.client.sounds.SoundEngine/]: Missing sound for event: minecraft:block.chiseled_bookshelf.insert.enchanted
[27Sep2026 09:11:16.237] [Render thread/WARN] [net.minecraft.client.sounds.SoundEngine/]: Missing sound for event: minecraft:block.chiseled_bookshelf.step
[27Sep2026 09:11:16.237] [Render thread/WARN] [net.minecraft.client.sounds.SoundEngine/]: Missing sound for event: minecraft:block.chiseled_bookshelf.pickup
[27Sep2026 09:11:16.237] [Render thread/WARN] [net.minecraft.client.sounds.SoundEngine/]: Missing sound for event: minecraft:block.chiseled_bookshelf.pickup.enchanted
[27Sep2026 09:11:16.237] [Render thread/WARN] [net.minecraft.client.sounds.SoundEngine/]: Missing sound for event: minecraft:block.chiseled_bookshelf.place
[27Sep2026 09:11:16.238] [Render thread/WARN] [net.minecraft.client.sounds.SoundEngine/]: Missing sound for event: minecraft:block.chorus_flower.death
[27Sep2026 09:11:16.238] [Render thread/WARN] [net.minecraft.client.sounds.SoundEngine/]: Missing sound for event: minecraft:block.chorus_flower.grow
[27Sep2026 09:11:16.238] [Render thread/WARN] [net.minecraft.client.sounds.SoundEngine/]: Missing sound for event: minecraft:item.chorus_fruit.teleport
[27Sep2026 09:11:16.238] [Render thread/WARN] [net.minecraft.client.sounds.SoundEngine/]: Missing sound for event: minecraft:block.cobweb.break
[27Sep2026 09:11:16.238] [Render thread/WARN] [net.minecraft.client.sounds.SoundEngine/]: Missing sound for event: minecraft:block.cobweb.step
[27Sep2026 09:11:16.238] [Render thread/WARN] [net.minecraft.client.sounds.SoundEngine/]: Missing sound for event: minecraft:block.cobweb.place
[27Sep2026 09:11:16.238] [Render thread/WARN] [net.minecraft.client.sounds.SoundEngine/]: Missing sound for event: minecraft:block.cobweb.hit
[27Sep2026 09:11:16.238] [Render thread/WARN] [net.minecraft.client.sounds.SoundEngine/]: Missing sound for event: minecraft:block.cobweb.fall
[27Sep2026 09:11:16.238] [Render thread/WARN] [net.minecraft.client.sounds.SoundEngine/]: Missing sound for event: minecraft:entity.cod.ambient
[27Sep2026 09:11:16.238] [Render thread/WARN] [net.minecraft.client.sounds.SoundEngine/]: Missing sound for event: minecraft:entity.cod.death
[27Sep2026 09:11:16.238] [Render thread/WARN] [net.minecraft.client.sounds.SoundEngine/]: Missing sound for event: minecraft:entity.cod.flop
[27Sep2026 09:11:16.238] [Render thread/WARN] [net.minecraft.client.sounds.SoundEngine/]: Missing sound for event: minecraft:entity.cod.hurt
[27Sep2026 09:11:16.238] [Render thread/WARN] [net.minecraft.client.sounds.SoundEngine/]: Missing sound for event: minecraft:block.comparator.click
[27Sep2026 09:11:16.238] [Render thread/WARN] [net.minecraft.client.sounds.SoundEngine/]: Missing sound for event: minecraft:block.composter.empty
[27Sep2026 09:11:16.238] [Render thread/WARN] [net.minecraft.client.sounds.SoundEngine/]: Missing sound for event: minecraft:block.composter.fill
[27Sep2026 09:11:16.238] [Render thread/WARN] [net.minecraft.client.sounds.SoundEngine/]: Missing sound for event: minecraft:block.composter.fill_success
[27Sep2026 09:11:16.238] [Render thread/WARN] [net.minecraft.client.sounds.SoundEngine/]: Missing sound for event: minecraft:block.composter.ready
[27Sep2026 09:11:16.238] [Render thread/WARN] [net.minecraft.client.sounds.SoundEngine/]: Missing sound for event: minecraft:block.conduit.activate
[27Sep2026 09:11:16.238] [Render thread/WARN] [net.minecraft.client.sounds.SoundEngine/]: Missing sound for event: minecraft:block.conduit.ambient
[27Sep2026 09:11:16.238] [Render thread/WARN] [net.minecraft.client.sounds.SoundEngine/]: Missing sound for event: minecraft:block.conduit.ambient.short
[27Sep2026 09:11:16.238] [Render thread/WARN] [net.minecraft.client.sounds.SoundEngine/]: Missing sound for event: minecraft:block.conduit.attack.target
[27Sep2026 09:11:16.238] [Render thread/WARN] [net.minecraft.client.sounds.SoundEngine/]: Missing sound for event: minecraft:block.conduit.deactivate
[27Sep2026 09:11:16.238] [Render thread/WARN] [net.minecraft.client.sounds.SoundEngine/]: Missing sound for event: minecraft:block.copper_bulb.break
[27Sep2026 09:11:16.238] [Render thread/WARN] [net.minecraft.client.sounds.SoundEngine/]: Missing sound for event: minecraft:block.copper_bulb.step
[27Sep2026 09:11:16.238] [Render thread/WARN] [net.minecraft.client.sounds.SoundEngine/]: Missing sound for event: minecraft:block.copper_bulb.place
[27Sep2026 09:11:16.238] [Render thread/WARN] [net.minecraft.client.sounds.SoundEngine/]: Missing sound for event: minecraft:block.copper_bulb.hit
[27Sep2026 09:11:16.238] [Render thread/WARN] [net.minecraft.client.sounds.SoundEngine/]: Missing sound for event: minecraft:block.copper_bulb.fall
[27Sep2026 09:11:16.238] [Render thread/WARN] [net.minecraft.client.sounds.SoundEngine/]: Missing sound for event: minecraft:block.copper_bulb.turn_on
[27Sep2026 09:11:16.238] [Render thread/WARN] [net.minecraft.client.sounds.SoundEngine/]: Missing sound for event: minecraft:block.copper_bulb.turn_off
[27Sep2026 09:11:16.238] [Render thread/WARN] [net.minecraft.client.sounds.SoundEngine/]: Missing sound for event: minecraft:block.copper.break
[27Sep2026 09:11:16.238] [Render thread/WARN] [net.minecraft.client.sounds.SoundEngine/]: Missing sound for event: minecraft:block.copper.step
[27Sep2026 09:11:16.238] [Render thread/WARN] [net.minecraft.client.sounds.SoundEngine/]: Missing sound for event: minecraft:block.copper.place
[27Sep2026 09:11:16.238] [Render thread/WARN] [net.minecraft.client.sounds.SoundEngine/]: Missing sound for event: minecraft:block.copper.hit
[27Sep2026 09:11:16.239] [Render thread/WARN] [net.minecraft.client.sounds.SoundEngine/]: Missing sound for event: minecraft:block.copper.fall
[27Sep2026 09:11:16.239] [Render thread/WARN] [net.minecraft.client.sounds.SoundEngine/]: Missing sound for event: minecraft:block.copper_chest.close
[27Sep2026 09:11:16.239] [Render thread/WARN] [net.minecraft.client.sounds.SoundEngine/]: Missing sound for event: minecraft:block.copper_chest.open
[27Sep2026 09:11:16.239] [Render thread/WARN] [net.minecraft.client.sounds.SoundEngine/]: Missing sound for event: minecraft:block.copper_chest_weathered.close
[27Sep2026 09:11:16.239] [Render thread/WARN] [net.minecraft.client.sounds.SoundEngine/]: Missing sound for event: minecraft:block.copper_chest_weathered.open
[27Sep2026 09:11:16.239] [Render thread/WARN] [net.minecraft.client.sounds.SoundEngine/]: Missing sound for event: minecraft:block.copper_chest_oxidized.close
[27Sep2026 09:11:16.239] [Render thread/WARN] [net.minecraft.client.sounds.SoundEngine/]: Missing sound for event: minecraft:block.copper_chest_oxidized.open
[27Sep2026 09:11:16.239] [Render thread/WARN] [net.minecraft.client.sounds.SoundEngine/]: Missing sound for event: minecraft:block.copper_door.close
[27Sep2026 09:11:16.239] [Render thread/WARN] [net.minecraft.client.sounds.SoundEngine/]: Missing sound for event: minecraft:block.copper_door.open
[27Sep2026 09:11:16.239] [Render thread/WARN] [net.minecraft.client.sounds.SoundEngine/]: Missing sound for event: minecraft:entity.copper_golem.step
[27Sep2026 09:11:16.239] [Render thread/WARN] [net.minecraft.client.sounds.SoundEngine/]: Missing sound for event: minecraft:entity.copper_golem.hurt
[27Sep2026 09:11:16.239] [Render thread/WARN] [net.minecraft.client.sounds.SoundEngine/]: Missing sound for event: minecraft:entity.copper_golem.death
[27Sep2026 09:11:16.239] [Render thread/WARN] [net.minecraft.client.sounds.SoundEngine/]: Missing sound for event: minecraft:entity.copper_golem_weathered.step
[27Sep2026 09:11:16.239] [Render thread/WARN] [net.minecraft.client.sounds.SoundEngine/]: Missing sound for event: minecraft:entity.copper_golem_weathered.hurt
[27Sep2026 09:11:16.239] [Render thread/WARN] [net.minecraft.client.sounds.SoundEngine/]: Missing sound for event: minecraft:entity.copper_golem_weathered.death
[27Sep2026 09:11:16.239] [Render thread/WARN] [net.minecraft.client.sounds.SoundEngine/]: Missing sound for event: minecraft:entity.copper_golem_oxidized.step
[27Sep2026 09:11:16.239] [Render thread/WARN] [net.minecraft.client.sounds.SoundEngine/]: Missing sound for event: minecraft:entity.copper_golem_oxidized.hurt
[27Sep2026 09:11:16.239] [Render thread/WARN] [net.minecraft.client.sounds.SoundEngine/]: Missing sound for event: minecraft:entity.copper_golem_oxidized.death
[27Sep2026 09:11:16.239] [Render thread/WARN] [net.minecraft.client.sounds.SoundEngine/]: Missing sound for event: minecraft:entity.copper_golem.spin
[27Sep2026 09:11:16.239] [Render thread/WARN] [net.minecraft.client.sounds.SoundEngine/]: Missing sound for event: minecraft:entity.copper_golem_weathered.spin
[27Sep2026 09:11:16.239] [Render thread/WARN] [net.minecraft.client.sounds.SoundEngine/]: Missing sound for event: minecraft:entity.copper_golem_oxidized.spin
[27Sep2026 09:11:16.239] [Render thread/WARN] [net.minecraft.client.sounds.SoundEngine/]: Missing sound for event: minecraft:entity.copper_golem.no_item_get
[27Sep2026 09:11:16.239] [Render thread/WARN] [net.minecraft.client.sounds.SoundEngine/]: Missing sound for event: minecraft:entity.copper_golem.no_item_no_get
[27Sep2026 09:11:16.239] [Render thread/WARN] [net.minecraft.client.sounds.SoundEngine/]: Missing sound for event: minecraft:entity.copper_golem.item_drop
[27Sep2026 09:11:16.239] [Render thread/WARN] [net.minecraft.client.sounds.SoundEngine/]: Missing sound for event: minecraft:entity.copper_golem.item_no_drop
[27Sep2026 09:11:16.239] [Render thread/WARN] [net.minecraft.client.sounds.SoundEngine/]: Missing sound for event: minecraft:entity.copper_golem_become_statue
[27Sep2026 09:11:16.239] [Render thread/WARN] [net.minecraft.client.sounds.SoundEngine/]: Missing sound for event: minecraft:block.copper_golem_statue.break
[27Sep2026 09:11:16.239] [Render thread/WARN] [net.minecraft.client.sounds.SoundEngine/]: Missing sound for event: minecraft:block.copper_golem_statue.place
[27Sep2026 09:11:16.240] [Render thread/WARN] [net.minecraft.client.sounds.SoundEngine/]: Missing sound for event: minecraft:block.copper_golem_statue.hit
[27Sep2026 09:11:16.240] [Render thread/WARN] [net.minecraft.client.sounds.SoundEngine/]: Missing sound for event: minecraft:block.copper_golem_statue.step
[27Sep2026 09:11:16.240] [Render thread/WARN] [net.minecraft.client.sounds.SoundEngine/]: Missing sound for event: minecraft:block.copper_golem_statue.fall
[27Sep2026 09:11:16.240] [Render thread/WARN] [net.minecraft.client.sounds.SoundEngine/]: Missing sound for event: minecraft:entity.copper_golem.spawn
[27Sep2026 09:11:16.240] [Render thread/WARN] [net.minecraft.client.sounds.SoundEngine/]: Missing sound for event: minecraft:entity.copper_golem.shear
[27Sep2026 09:11:16.240] [Render thread/WARN] [net.minecraft.client.sounds.SoundEngine/]: Missing sound for event: minecraft:block.copper_grate.break
[27Sep2026 09:11:16.240] [Render thread/WARN] [net.minecraft.client.sounds.SoundEngine/]: Missing sound for event: minecraft:block.copper_grate.step
[27Sep2026 09:11:16.240] [Render thread/WARN] [net.minecraft.client.sounds.SoundEngine/]: Missing sound for event: minecraft:block.copper_grate.place
[27Sep2026 09:11:16.240] [Render thread/WARN] [net.minecraft.client.sounds.SoundEngine/]: Missing sound for event: minecraft:block.copper_grate.hit
[27Sep2026 09:11:16.240] [Render thread/WARN] [net.minecraft.client.sounds.SoundEngine/]: Missing sound for event: minecraft:block.copper_grate.fall
[27Sep2026 09:11:16.240] [Render thread/WARN] [net.minecraft.client.sounds.SoundEngine/]: Missing sound for event: minecraft:block.copper_trapdoor.close
[27Sep2026 09:11:16.240] [Render thread/WARN] [net.minecraft.client.sounds.SoundEngine/]: Missing sound for event: minecraft:block.copper_trapdoor.open
[27Sep2026 09:11:16.240] [Render thread/WARN] [net.minecraft.client.sounds.SoundEngine/]: Missing sound for event: minecraft:block.coral_block.break
[27Sep2026 09:11:16.240] [Render thread/WARN] [net.minecraft.client.sounds.SoundEngine/]: Missing sound for event: minecraft:block.coral_block.fall
[27Sep2026 09:11:16.240] [Render thread/WARN] [net.minecraft.client.sounds.SoundEngine/]: Missing sound for event: minecraft:block.coral_block.hit
[27Sep2026 09:11:16.240] [Render thread/WARN] [net.minecraft.client.sounds.SoundEngine/]: Missing sound for event: minecraft:block.coral_block.place
[27Sep2026 09:11:16.240] [Render thread/WARN] [net.minecraft.client.sounds.SoundEngine/]: Missing sound for event: minecraft:block.coral_block.step
[27Sep2026 09:11:16.241] [Render thread/WARN] [net.minecraft.client.sounds.SoundEngine/]: Missing sound for event: minecraft:entity.cow.milk
[27Sep2026 09:11:16.241] [Render thread/WARN] [net.minecraft.client.sounds.SoundEngine/]: Missing sound for event: minecraft:entity.cow.ambient
[27Sep2026 09:11:16.241] [Render thread/WARN] [net.minecraft.client.sounds.SoundEngine/]: Missing sound for event: minecraft:entity.cow.hurt
[27Sep2026 09:11:16.241] [Render thread/WARN] [net.minecraft.client.sounds.SoundEngine/]: Missing sound for event: minecraft:entity.cow.death
[27Sep2026 09:11:16.241] [Render thread/WARN] [net.minecraft.client.sounds.SoundEngine/]: Missing sound for event: minecraft:entity.cow.step
[27Sep2026 09:11:16.241] [Render thread/WARN] [net.minecraft.client.sounds.SoundEngine/]: Missing sound for event: minecraft:entity.cow_moody.ambient
[27Sep2026 09:11:16.241] [Render thread/WARN] [net.minecraft.client.sounds.SoundEngine/]: Missing sound for event: minecraft:entity.cow_moody.hurt
[27Sep2026 09:11:16.241] [Render thread/WARN] [net.minecraft.client.sounds.SoundEngine/]: Missing sound for event: minecraft:entity.cow_moody.death
[27Sep2026 09:11:16.241] [Render thread/WARN] [net.minecraft.client.sounds.SoundEngine/]: Missing sound for event: minecraft:entity.cow_moody.step
[27Sep2026 09:11:16.241] [Render thread/WARN] [net.minecraft.client.sounds.SoundEngine/]: Missing sound for event: minecraft:block.crafter.craft
[27Sep2026 09:11:16.241] [Render thread/WARN] [net.minecraft.client.sounds.SoundEngine/]: Missing sound for event: minecraft:block.crafter.fail
[27Sep2026 09:11:16.241] [Render thread/WARN] [net.minecraft.client.sounds.SoundEngine/]: Missing sound for event: minecraft:entity.creaking.ambient
[27Sep2026 09:11:16.241] [Render thread/WARN] [net.minecraft.client.sounds.SoundEngine/]: Missing sound for event: minecraft:entity.creaking.activate
[27Sep2026 09:11:16.241] [Render thread/WARN] [net.minecraft.client.sounds.SoundEngine/]: Missing sound for event: minecraft:entity.creaking.deactivate
[27Sep2026 09:11:16.241] [Render thread/WARN] [net.minecraft.client.sounds.SoundEngine/]: Missing sound for event: minecraft:entity.creaking.attack
[27Sep2026 09:11:16.241] [Render thread/WARN] [net.minecraft.client.sounds.SoundEngine/]: Missing sound for event: minecraft:entity.creaking.death
[27Sep2026 09:11:16.241] [Render thread/WARN] [net.minecraft.client.sounds.SoundEngine/]: Missing sound for event: minecraft:entity.creaking.step
[27Sep2026 09:11:16.241] [Render thread/WARN] [net.minecraft.client.sounds.SoundEngine/]: Missing sound for event: minecraft:entity.creaking.freeze
[27Sep2026 09:11:16.241] [Render thread/WARN] [net.minecraft.client.sounds.SoundEngine/]: Missing sound for event: minecraft:entity.creaking.unfreeze
[27Sep2026 09:11:16.242] [Render thread/WARN] [net.minecraft.client.sounds.SoundEngine/]: Missing sound for event: minecraft:entity.creaking.spawn
[27Sep2026 09:11:16.242] [Render thread/WARN] [net.minecraft.client.sounds.SoundEngine/]: Missing sound for event: minecraft:entity.creaking.sway
[27Sep2026 09:11:16.242] [Render thread/WARN] [net.minecraft.client.sounds.SoundEngine/]: Missing sound for event: minecraft:entity.creaking.twitch
[27Sep2026 09:11:16.242] [Render thread/WARN] [net.minecraft.client.sounds.SoundEngine/]: Missing sound for event: minecraft:block.creaking_heart.break
[27Sep2026 09:11:16.242] [Render thread/WARN] [net.minecraft.client.sounds.SoundEngine/]: Missing sound for event: minecraft:block.creaking_heart.fall
[27Sep2026 09:11:16.242] [Render thread/WARN] [net.minecraft.client.sounds.SoundEngine/]: Missing sound for event: minecraft:block.creaking_heart.hit
[27Sep2026 09:11:16.242] [Render thread/WARN] [net.minecraft.client.sounds.SoundEngine/]: Missing sound for event: minecraft:block.creaking_heart.hurt
[27Sep2026 09:11:16.242] [Render thread/WARN] [net.minecraft.client.sounds.SoundEngine/]: Missing sound for event: minecraft:block.creaking_heart.place
[27Sep2026 09:11:16.242] [Render thread/WARN] [net.minecraft.client.sounds.SoundEngine/]: Missing sound for event: minecraft:block.creaking_heart.step
[27Sep2026 09:11:16.242] [Render thread/WARN] [net.minecraft.client.sounds.SoundEngine/]: Missing sound for event: minecraft:block.creaking_heart.idle
[27Sep2026 09:11:16.242] [Render thread/WARN] [net.minecraft.client.sounds.SoundEngine/]: Missing sound for event: minecraft:block.creaking_heart.spawn
[27Sep2026 09:11:16.242] [Render thread/WARN] [net.minecraft.client.sounds.SoundEngine/]: Missing sound for event: minecraft:entity.creeper.death
[27Sep2026 09:11:16.242] [Render thread/WARN] [net.minecraft.client.sounds.SoundEngine/]: Missing sound for event: minecraft:entity.creeper.hurt
[27Sep2026 09:11:16.242] [Render thread/WARN] [net.minecraft.client.sounds.SoundEngine/]: Missing sound for event: minecraft:entity.creeper.primed
[27Sep2026 09:11:16.242] [Render thread/WARN] [net.minecraft.client.sounds.SoundEngine/]: Missing sound for event: minecraft:block.crop.break
[27Sep2026 09:11:16.242] [Render thread/WARN] [net.minecraft.client.sounds.SoundEngine/]: Missing sound for event: minecraft:item.crop.plant
[27Sep2026 09:11:16.242] [Render thread/WARN] [net.minecraft.client.sounds.SoundEngine/]: Missing sound for event: minecraft:item.crossbow.hit
[27Sep2026 09:11:16.242] [Render thread/WARN] [net.minecraft.client.sounds.SoundEngine/]: Missing sound for event: minecraft:item.crossbow.loading_end
[27Sep2026 09:11:16.242] [Render thread/WARN] [net.minecraft.client.sounds.SoundEngine/]: Missing sound for event: minecraft:item.crossbow.loading_middle
[27Sep2026 09:11:16.242] [Render thread/WARN] [net.minecraft.client.sounds.SoundEngine/]: Missing sound for event: minecraft:item.crossbow.loading_start
[27Sep2026 09:11:16.242] [Render thread/WARN] [net.minecraft.client.sounds.SoundEngine/]: Missing sound for event: minecraft:item.crossbow.quick_charge_1
[27Sep2026 09:11:16.242] [Render thread/WARN] [net.minecraft.client.sounds.SoundEngine/]: Missing sound for event: minecraft:item.crossbow.quick_charge_2
[27Sep2026 09:11:16.242] [Render thread/WARN] [net.minecraft.client.sounds.SoundEngine/]: Missing sound for event: minecraft:item.crossbow.quick_charge_3
[27Sep2026 09:11:16.242] [Render thread/WARN] [net.minecraft.client.sounds.SoundEngine/]: Missing sound for event: minecraft:item.crossbow.shoot
[27Sep2026 09:11:16.242] [Render thread/WARN] [net.minecraft.client.sounds.SoundEngine/]: Missing sound for event: minecraft:block.deadbush.idle
[27Sep2026 09:11:16.243] [Render thread/WARN] [net.minecraft.client.sounds.SoundEngine/]: Missing sound for event: minecraft:block.decorated_pot.break
[27Sep2026 09:11:16.243] [Render thread/WARN] [net.minecraft.client.sounds.SoundEngine/]: Missing sound for event: minecraft:block.decorated_pot.fall
[27Sep2026 09:11:16.243] [Render thread/WARN] [net.minecraft.client.sounds.SoundEngine/]: Missing sound for event: minecraft:block.decorated_pot.hit
[27Sep2026 09:11:16.243] [Render thread/WARN] [net.minecraft.client.sounds.SoundEngine/]: Missing sound for event: minecraft:block.decorated_pot.insert
[27Sep2026 09:11:16.243] [Render thread/WARN] [net.minecraft.client.sounds.SoundEngine/]: Missing sound for event: minecraft:block.decorated_pot.insert_fail
[27Sep2026 09:11:16.243] [Render thread/WARN] [net.minecraft.client.sounds.SoundEngine/]: Missing sound for event: minecraft:block.decorated_pot.step
[27Sep2026 09:11:16.243] [Render thread/WARN] [net.minecraft.client.sounds.SoundEngine/]: Missing sound for event: minecraft:block.decorated_pot.place
[27Sep2026 09:11:16.243] [Render thread/WARN] [net.minecraft.client.sounds.SoundEngine/]: Missing sound for event: minecraft:block.decorated_pot.shatter
[27Sep2026 09:11:16.243] [Render thread/WARN] [net.minecraft.client.sounds.SoundEngine/]: Missing sound for event: minecraft:block.deepslate_bricks.break
[27Sep2026 09:11:16.243] [Render thread/WARN] [net.minecraft.client.sounds.SoundEngine/]: Missing sound for event: minecraft:block.deepslate_bricks.fall
[27Sep2026 09:11:16.243] [Render thread/WARN] [net.minecraft.client.sounds.SoundEngine/]: Missing sound for event: minecraft:block.deepslate_bricks.hit
[27Sep2026 09:11:16.243] [Render thread/WARN] [net.minecraft.client.sounds.SoundEngine/]: Missing sound for event: minecraft:block.deepslate_bricks.place
[27Sep2026 09:11:16.243] [Render thread/WARN] [net.minecraft.client.sounds.SoundEngine/]: Missing sound for event: minecraft:block.deepslate_bricks.step
[27Sep2026 09:11:16.243] [Render thread/WARN] [net.minecraft.client.sounds.SoundEngine/]: Missing sound for event: minecraft:block.deepslate.break
[27Sep2026 09:11:16.243] [Render thread/WARN] [net.minecraft.client.sounds.SoundEngine/]: Missing sound for event: minecraft:block.deepslate.fall
[27Sep2026 09:11:16.243] [Render thread/WARN] [net.minecraft.client.sounds.SoundEngine/]: Missing sound for event: minecraft:block.deepslate.hit
[27Sep2026 09:11:16.243] [Render thread/WARN] [net.minecraft.client.sounds.SoundEngine/]: Missing sound for event: minecraft:block.deepslate.place
[27Sep2026 09:11:16.243] [Render thread/WARN] [net.minecraft.client.sounds.SoundEngine/]: Missing sound for event: minecraft:block.deepslate.step
[27Sep2026 09:11:16.243] [Render thread/WARN] [net.minecraft.client.sounds.SoundEngine/]: Missing sound for event: minecraft:block.deepslate_tiles.break
[27Sep2026 09:11:16.243] [Render thread/WARN] [net.minecraft.client.sounds.SoundEngine/]: Missing sound for event: minecraft:block.deepslate_tiles.fall
[27Sep2026 09:11:16.243] [Render thread/WARN] [net.minecraft.client.sounds.SoundEngine/]: Missing sound for event: minecraft:block.deepslate_tiles.hit
[27Sep2026 09:11:16.243] [Render thread/WARN] [net.minecraft.client.sounds.SoundEngine/]: Missing sound for event: minecraft:block.deepslate_tiles.place
[27Sep2026 09:11:16.243] [Render thread/WARN] [net.minecraft.client.sounds.SoundEngine/]: Missing sound for event: minecraft:block.deepslate_tiles.step
[27Sep2026 09:11:16.243] [Render thread/WARN] [net.minecraft.client.sounds.SoundEngine/]: Missing sound for event: minecraft:block.dispenser.dispense
[27Sep2026 09:11:16.243] [Render thread/WARN] [net.minecraft.client.sounds.SoundEngine/]: Missing sound for event: minecraft:block.dispenser.fail
[27Sep2026 09:11:16.243] [Render thread/WARN] [net.minecraft.client.sounds.SoundEngine/]: Missing sound for event: minecraft:block.dispenser.launch
[27Sep2026 09:11:16.243] [Render thread/WARN] [net.minecraft.client.sounds.SoundEngine/]: Missing sound for event: minecraft:entity.dolphin.ambient
[27Sep2026 09:11:16.243] [Render thread/WARN] [net.minecraft.client.sounds.SoundEngine/]: Missing sound for event: minecraft:entity.dolphin.ambient_water
[27Sep2026 09:11:16.243] [Render thread/WARN] [net.minecraft.client.sounds.SoundEngine/]: Missing sound for event: minecraft:entity.dolphin.attack
[27Sep2026 09:11:16.244] [Render thread/WARN] [net.minecraft.client.sounds.SoundEngine/]: Missing sound for event: minecraft:entity.dolphin.death
[27Sep2026 09:11:16.244] [Render thread/WARN] [net.minecraft.client.sounds.SoundEngine/]: Missing sound for event: minecraft:entity.dolphin.eat
[27Sep2026 09:11:16.244] [Render thread/WARN] [net.minecraft.client.sounds.SoundEngine/]: Missing sound for event: minecraft:entity.dolphin.hurt
[27Sep2026 09:11:16.244] [Render thread/WARN] [net.minecraft.client.sounds.SoundEngine/]: Missing sound for event: minecraft:entity.dolphin.jump
[27Sep2026 09:11:16.244] [Render thread/WARN] [net.minecraft.client.sounds.SoundEngine/]: Missing sound for event: minecraft:entity.dolphin.play
[27Sep2026 09:11:16.244] [Render thread/WARN] [net.minecraft.client.sounds.SoundEngine/]: Missing sound for event: minecraft:entity.dolphin.splash
[27Sep2026 09:11:16.244] [Render thread/WARN] [net.minecraft.client.sounds.SoundEngine/]: Missing sound for event: minecraft:entity.dolphin.swim
[27Sep2026 09:11:16.244] [Render thread/WARN] [net.minecraft.client.sounds.SoundEngine/]: Missing sound for event: minecraft:entity.donkey.ambient
[27Sep2026 09:11:16.244] [Render thread/WARN] [net.minecraft.client.sounds.SoundEngine/]: Missing sound for event: minecraft:entity.donkey.angry
[27Sep2026 09:11:16.244] [Render thread/WARN] [net.minecraft.client.sounds.SoundEngine/]: Missing sound for event: minecraft:entity.donkey.chest
[27Sep2026 09:11:16.244] [Render thread/WARN] [net.minecraft.client.sounds.SoundEngine/]: Missing sound for event: minecraft:entity.donkey.death
[27Sep2026 09:11:16.244] [Render thread/WARN] [net.minecraft.client.sounds.SoundEngine/]: Missing sound for event: minecraft:entity.donkey.eat
[27Sep2026 09:11:16.244] [Render thread/WARN] [net.minecraft.client.sounds.SoundEngine/]: Missing sound for event: minecraft:entity.donkey.hurt
[27Sep2026 09:11:16.244] [Render thread/WARN] [net.minecraft.client.sounds.SoundEngine/]: Missing sound for event: minecraft:entity.donkey.jump
[27Sep2026 09:11:16.244] [Render thread/WARN] [net.minecraft.client.sounds.SoundEngine/]: Missing sound for event: minecraft:block.dried_ghast.break
[27Sep2026 09:11:16.244] [Render thread/WARN] [net.minecraft.client.sounds.SoundEngine/]: Missing sound for event: minecraft:block.dried_ghast.step
[27Sep2026 09:11:16.244] [Render thread/WARN] [net.minecraft.client.sounds.SoundEngine/]: Missing sound for event: minecraft:block.dried_ghast.fall
[27Sep2026 09:11:16.244] [Render thread/WARN] [net.minecraft.client.sounds.SoundEngine/]: Missing sound for event: minecraft:block.dried_ghast.ambient
[27Sep2026 09:11:16.244] [Render thread/WARN] [net.minecraft.client.sounds.SoundEngine/]: Missing sound for event: minecraft:block.dried_ghast.ambient_water
[27Sep2026 09:11:16.244] [Render thread/WARN] [net.minecraft.client.sounds.SoundEngine/]: Missing sound for event: minecraft:block.dried_ghast.place
[27Sep2026 09:11:16.244] [Render thread/WARN] [net.minecraft.client.sounds.SoundEngine/]: Missing sound for event: minecraft:block.dried_ghast.place_in_water
[27Sep2026 09:11:16.244] [Render thread/WARN] [net.minecraft.client.sounds.SoundEngine/]: Missing sound for event: minecraft:block.dried_ghast.transition
[27Sep2026 09:11:16.244] [Render thread/WARN] [net.minecraft.client.sounds.SoundEngine/]: Missing sound for event: minecraft:block.dripstone_block.break
[27Sep2026 09:11:16.244] [Render thread/WARN] [net.minecraft.client.sounds.SoundEngine/]: Missing sound for event: minecraft:block.dripstone_block.step
[27Sep2026 09:11:16.244] [Render thread/WARN] [net.minecraft.client.sounds.SoundEngine/]: Missing sound for event: minecraft:block.dripstone_block.place
[27Sep2026 09:11:16.244] [Render thread/WARN] [net.minecraft.client.sounds.SoundEngine/]: Missing sound for event: minecraft:block.dripstone_block.hit
[27Sep2026 09:11:16.244] [Render thread/WARN] [net.minecraft.client.sounds.SoundEngine/]: Missing sound for event: minecraft:block.dripstone_block.fall
[27Sep2026 09:11:16.245] [Render thread/WARN] [net.minecraft.client.sounds.SoundEngine/]: Missing sound for event: minecraft:block.dry_grass.ambient
[27Sep2026 09:11:16.245] [Render thread/WARN] [net.minecraft.client.sounds.SoundEngine/]: Missing sound for event: minecraft:block.pointed_dripstone.break
[27Sep2026 09:11:16.245] [Render thread/WARN] [net.minecraft.client.sounds.SoundEngine/]: Missing sound for event: minecraft:block.pointed_dripstone.step
[27Sep2026 09:11:16.245] [Render thread/WARN] [net.minecraft.client.sounds.SoundEngine/]: Missing sound for event: minecraft:block.pointed_dripstone.place
[27Sep2026 09:11:16.245] [Render thread/WARN] [net.minecraft.client.sounds.SoundEngine/]: Missing sound for event: minecraft:block.pointed_dripstone.hit
[27Sep2026 09:11:16.245] [Render thread/WARN] [net.minecraft.client.sounds.SoundEngine/]: Missing sound for event: minecraft:block.pointed_dripstone.fall
[27Sep2026 09:11:16.245] [Render thread/WARN] [net.minecraft.client.sounds.SoundEngine/]: Missing sound for event: minecraft:block.pointed_dripstone.land
[27Sep2026 09:11:16.245] [Render thread/WARN] [net.minecraft.client.sounds.SoundEngine/]: Missing sound for event: minecraft:block.pointed_dripstone.drip_lava
[27Sep2026 09:11:16.245] [Render thread/WARN] [net.minecraft.client.sounds.SoundEngine/]: Missing sound for event: minecraft:block.pointed_dripstone.drip_water
[27Sep2026 09:11:16.245] [Render thread/WARN] [net.minecraft.client.sounds.SoundEngine/]: Missing sound for event: minecraft:block.pointed_dripstone.drip_lava_into_cauldron
[27Sep2026 09:11:16.245] [Render thread/WARN] [net.minecraft.client.sounds.SoundEngine/]: Missing sound for event: minecraft:block.pointed_dripstone.drip_water_into_cauldron
[27Sep2026 09:11:16.245] [Render thread/WARN] [net.minecraft.client.sounds.SoundEngine/]: Missing sound for event: minecraft:block.big_dripleaf.tilt_down
[27Sep2026 09:11:16.245] [Render thread/WARN] [net.minecraft.client.sounds.SoundEngine/]: Missing sound for event: minecraft:block.big_dripleaf.tilt_up
[27Sep2026 09:11:16.245] [Render thread/WARN] [net.minecraft.client.sounds.SoundEngine/]: Missing sound for event: minecraft:entity.drowned.ambient
[27Sep2026 09:11:16.245] [Render thread/WARN] [net.minecraft.client.sounds.SoundEngine/]: Missing sound for event: minecraft:entity.drowned.ambient_water
[27Sep2026 09:11:16.245] [Render thread/WARN] [net.minecraft.client.sounds.SoundEngine/]: Missing sound for event: minecraft:entity.drowned.death
[27Sep2026 09:11:16.245] [Render thread/WARN] [net.minecraft.client.sounds.SoundEngine/]: Missing sound for event: minecraft:entity.drowned.death_water
[27Sep2026 09:11:16.245] [Render thread/WARN] [net.minecraft.client.sounds.SoundEngine/]: Missing sound for event: minecraft:entity.drowned.hurt
[27Sep2026 09:11:16.245] [Render thread/WARN] [net.minecraft.client.sounds.SoundEngine/]: Missing sound for event: minecraft:entity.drowned.hurt_water
[27Sep2026 09:11:16.245] [Render thread/WARN] [net.minecraft.client.sounds.SoundEngine/]: Missing sound for event: minecraft:entity.drowned.shoot
[27Sep2026 09:11:16.246] [Render thread/WARN] [net.minecraft.client.sounds.SoundEngine/]: Missing sound for event: minecraft:entity.drowned.step
[27Sep2026 09:11:16.246] [Render thread/WARN] [net.minecraft.client.sounds.SoundEngine/]: Missing sound for event: minecraft:entity.drowned.swim
[27Sep2026 09:11:16.246] [Render thread/WARN] [net.minecraft.client.sounds.SoundEngine/]: Missing sound for event: minecraft:item.dye.use
[27Sep2026 09:11:16.246] [Render thread/WARN] [net.minecraft.client.sounds.SoundEngine/]: Missing sound for event: minecraft:entity.egg.throw
[27Sep2026 09:11:16.246] [Render thread/WARN] [net.minecraft.client.sounds.SoundEngine/]: Missing sound for event: minecraft:entity.elder_guardian.ambient
[27Sep2026 09:11:16.246] [Render thread/WARN] [net.minecraft.client.sounds.SoundEngine/]: Missing sound for event: minecraft:entity.elder_guardian.ambient_land
[27Sep2026 09:11:16.246] [Render thread/WARN] [net.minecraft.client.sounds.SoundEngine/]: Missing sound for event: minecraft:entity.elder_guardian.curse
[27Sep2026 09:11:16.246] [Render thread/WARN] [net.minecraft.client.sounds.SoundEngine/]: Missing sound for event: minecraft:entity.elder_guardian.death
[27Sep2026 09:11:16.246] [Render thread/WARN] [net.minecraft.client.sounds.SoundEngine/]: Missing sound for event: minecraft:entity.elder_guardian.death_land
[27Sep2026 09:11:16.246] [Render thread/WARN] [net.minecraft.client.sounds.SoundEngine/]: Missing sound for event: minecraft:entity.elder_guardian.flop
[27Sep2026 09:11:16.246] [Render thread/WARN] [net.minecraft.client.sounds.SoundEngine/]: Missing sound for event: minecraft:entity.elder_guardian.hurt
[27Sep2026 09:11:16.246] [Render thread/WARN] [net.minecraft.client.sounds.SoundEngine/]: Missing sound for event: minecraft:entity.elder_guardian.hurt_land
[27Sep2026 09:11:16.246] [Render thread/WARN] [net.minecraft.client.sounds.SoundEngine/]: Missing sound for event: minecraft:item.elytra.flying
[27Sep2026 09:11:16.246] [Render thread/WARN] [net.minecraft.client.sounds.SoundEngine/]: Missing sound for event: minecraft:block.enchantment_table.use
[27Sep2026 09:11:16.246] [Render thread/WARN] [net.minecraft.client.sounds.SoundEngine/]: Missing sound for event: minecraft:block.ender_chest.close
[27Sep2026 09:11:16.246] [Render thread/WARN] [net.minecraft.client.sounds.SoundEngine/]: Missing sound for event: minecraft:block.ender_chest.open
[27Sep2026 09:11:16.246] [Render thread/WARN] [net.minecraft.client.sounds.SoundEngine/]: Missing sound for event: minecraft:entity.ender_dragon.ambient
[27Sep2026 09:11:16.246] [Render thread/WARN] [net.minecraft.client.sounds.SoundEngine/]: Missing sound for event: minecraft:entity.ender_dragon.death
[27Sep2026 09:11:16.246] [Render thread/WARN] [net.minecraft.client.sounds.SoundEngine/]: Missing sound for event: minecraft:entity.dragon_fireball.explode
[27Sep2026 09:11:16.246] [Render thread/WARN] [net.minecraft.client.sounds.SoundEngine/]: Missing sound for event: minecraft:entity.ender_dragon.flap
[27Sep2026 09:11:16.246] [Render thread/WARN] [net.minecraft.client.sounds.SoundEngine/]: Missing sound for event: minecraft:entity.ender_dragon.growl
[27Sep2026 09:11:16.247] [Render thread/WARN] [net.minecraft.client.sounds.SoundEngine/]: Missing sound for event: minecraft:entity.ender_dragon.hurt
[27Sep2026 09:11:16.247] [Render thread/WARN] [net.minecraft.client.sounds.SoundEngine/]: Missing sound for event: minecraft:entity.ender_dragon.shoot
[27Sep2026 09:11:16.247] [Render thread/WARN] [net.minecraft.client.sounds.SoundEngine/]: Missing sound for event: minecraft:entity.ender_eye.death
[27Sep2026 09:11:16.247] [Render thread/WARN] [net.minecraft.client.sounds.SoundEngine/]: Missing sound for event: minecraft:entity.ender_eye.launch
[27Sep2026 09:11:16.247] [Render thread/WARN] [net.minecraft.client.sounds.SoundEngine/]: Missing sound for event: minecraft:entity.enderman.ambient
[27Sep2026 09:11:16.247] [Render thread/WARN] [net.minecraft.client.sounds.SoundEngine/]: Missing sound for event: minecraft:entity.enderman.death
[27Sep2026 09:11:16.247] [Render thread/WARN] [net.minecraft.client.sounds.SoundEngine/]: Missing sound for event: minecraft:entity.enderman.hurt
[27Sep2026 09:11:16.247] [Render thread/WARN] [net.minecraft.client.sounds.SoundEngine/]: Missing sound for event: minecraft:entity.enderman.scream
[27Sep2026 09:11:16.247] [Render thread/WARN] [net.minecraft.client.sounds.SoundEngine/]: Missing sound for event: minecraft:entity.enderman.stare
[27Sep2026 09:11:16.247] [Render thread/WARN] [net.minecraft.client.sounds.SoundEngine/]: Missing sound for event: minecraft:entity.enderman.teleport
[27Sep2026 09:11:16.247] [Render thread/WARN] [net.minecraft.client.sounds.SoundEngine/]: Missing sound for event: minecraft:entity.endermite.ambient
[27Sep2026 09:11:16.247] [Render thread/WARN] [net.minecraft.client.sounds.SoundEngine/]: Missing sound for event: minecraft:entity.endermite.death
[27Sep2026 09:11:16.247] [Render thread/WARN] [net.minecraft.client.sounds.SoundEngine/]: Missing sound for event: minecraft:entity.endermite.hurt
[27Sep2026 09:11:16.247] [Render thread/WARN] [net.minecraft.client.sounds.SoundEngine/]: Missing sound for event: minecraft:entity.endermite.step
[27Sep2026 09:11:16.247] [Render thread/WARN] [net.minecraft.client.sounds.SoundEngine/]: Missing sound for event: minecraft:entity.ender_pearl.throw
[27Sep2026 09:11:16.247] [Render thread/WARN] [net.minecraft.client.sounds.SoundEngine/]: Missing sound for event: minecraft:block.end_gateway.spawn
[27Sep2026 09:11:16.247] [Render thread/WARN] [net.minecraft.client.sounds.SoundEngine/]: Missing sound for event: minecraft:block.end_portal_frame.fill
[27Sep2026 09:11:16.247] [Render thread/WARN] [net.minecraft.client.sounds.SoundEngine/]: Missing sound for event: minecraft:block.end_portal.spawn
[27Sep2026 09:11:16.247] [Render thread/WARN] [net.minecraft.client.sounds.SoundEngine/]: Missing sound for event: minecraft:entity.evoker.ambient
[27Sep2026 09:11:16.247] [Render thread/WARN] [net.minecraft.client.sounds.SoundEngine/]: Missing sound for event: minecraft:entity.evoker.cast_spell
[27Sep2026 09:11:16.247] [Render thread/WARN] [net.minecraft.client.sounds.SoundEngine/]: Missing sound for event: minecraft:entity.evoker.celebrate
[27Sep2026 09:11:16.247] [Render thread/WARN] [net.minecraft.client.sounds.SoundEngine/]: Missing sound for event: minecraft:entity.evoker.death
[27Sep2026 09:11:16.247] [Render thread/WARN] [net.minecraft.client.sounds.SoundEngine/]: Missing sound for event: minecraft:entity.evoker_fangs.attack
[27Sep2026 09:11:16.247] [Render thread/WARN] [net.minecraft.client.sounds.SoundEngine/]: Missing sound for event: minecraft:entity.evoker.hurt
[27Sep2026 09:11:16.248] [Render thread/WARN] [net.minecraft.client.sounds.SoundEngine/]: Missing sound for event: minecraft:entity.evoker.prepare_attack
[27Sep2026 09:11:16.248] [Render thread/WARN] [net.minecraft.client.sounds.SoundEngine/]: Missing sound for event: minecraft:entity.evoker.prepare_summon
[27Sep2026 09:11:16.248] [Render thread/WARN] [net.minecraft.client.sounds.SoundEngine/]: Missing sound for event: minecraft:entity.evoker.prepare_wololo
[27Sep2026 09:11:16.248] [Render thread/WARN] [net.minecraft.client.sounds.SoundEngine/]: Missing sound for event: minecraft:entity.experience_bottle.throw
[27Sep2026 09:11:16.248] [Render thread/WARN] [net.minecraft.client.sounds.SoundEngine/]: Missing sound for event: minecraft:entity.experience_orb.pickup
[27Sep2026 09:11:16.248] [Render thread/WARN] [net.minecraft.client.sounds.SoundEngine/]: Missing sound for event: minecraft:block.eyeblossom.open_long
[27Sep2026 09:11:16.248] [Render thread/WARN] [net.minecraft.client.sounds.SoundEngine/]: Missing sound for event: minecraft:block.eyeblossom.open
[27Sep2026 09:11:16.248] [Render thread/WARN] [net.minecraft.client.sounds.SoundEngine/]: Missing sound for event: minecraft:block.eyeblossom.close_long
[27Sep2026 09:11:16.248] [Render thread/WARN] [net.minecraft.client.sounds.SoundEngine/]: Missing sound for event: minecraft:block.eyeblossom.close
[27Sep2026 09:11:16.248] [Render thread/WARN] [net.minecraft.client.sounds.SoundEngine/]: Missing sound for event: minecraft:block.eyeblossom.idle
[27Sep2026 09:11:16.248] [Render thread/WARN] [net.minecraft.client.sounds.SoundEngine/]: Missing sound for event: minecraft:block.fence_gate.close
[27Sep2026 09:11:16.248] [Render thread/WARN] [net.minecraft.client.sounds.SoundEngine/]: Missing sound for event: minecraft:block.fence_gate.open
[27Sep2026 09:11:16.248] [Render thread/WARN] [net.minecraft.client.sounds.SoundEngine/]: Missing sound for event: minecraft:item.firecharge.use
[27Sep2026 09:11:16.248] [Render thread/WARN] [net.minecraft.client.sounds.SoundEngine/]: Missing sound for event: minecraft:block.firefly_bush.idle
[27Sep2026 09:11:16.248] [Render thread/WARN] [net.minecraft.client.sounds.SoundEngine/]: Missing sound for event: minecraft:entity.firework_rocket.blast
[27Sep2026 09:11:16.248] [Render thread/WARN] [net.minecraft.client.sounds.SoundEngine/]: Missing sound for event: minecraft:entity.firework_rocket.blast_far
[27Sep2026 09:11:16.248] [Render thread/WARN] [net.minecraft.client.sounds.SoundEngine/]: Missing sound for event: minecraft:entity.firework_rocket.large_blast
[27Sep2026 09:11:16.248] [Render thread/WARN] [net.minecraft.client.sounds.SoundEngine/]: Missing sound for event: minecraft:entity.firework_rocket.large_blast_far
[27Sep2026 09:11:16.248] [Render thread/WARN] [net.minecraft.client.sounds.SoundEngine/]: Missing sound for event: minecraft:entity.firework_rocket.launch
[27Sep2026 09:11:16.248] [Render thread/WARN] [net.minecraft.client.sounds.SoundEngine/]: Missing sound for event: minecraft:entity.firework_rocket.shoot
[27Sep2026 09:11:16.248] [Render thread/WARN] [net.minecraft.client.sounds.SoundEngine/]: Missing sound for event: minecraft:entity.firework_rocket.twinkle
[27Sep2026 09:11:16.248] [Render thread/WARN] [net.minecraft.client.sounds.SoundEngine/]: Missing sound for event: minecraft:entity.firework_rocket.twinkle_far
[27Sep2026 09:11:16.248] [Render thread/WARN] [net.minecraft.client.sounds.SoundEngine/]: Missing sound for event: minecraft:block.fire.ambient
[27Sep2026 09:11:16.248] [Render thread/WARN] [net.minecraft.client.sounds.SoundEngine/]: Missing sound for event: minecraft:block.fire.extinguish
[27Sep2026 09:11:16.248] [Render thread/WARN] [net.minecraft.client.sounds.SoundEngine/]: Missing sound for event: minecraft:entity.fish.swim
[27Sep2026 09:11:16.248] [Render thread/WARN] [net.minecraft.client.sounds.SoundEngine/]: Missing sound for event: minecraft:entity.fishing_bobber.retrieve
[27Sep2026 09:11:16.248] [Render thread/WARN] [net.minecraft.client.sounds.SoundEngine/]: Missing sound for event: minecraft:entity.fishing_bobber.splash
[27Sep2026 09:11:16.248] [Render thread/WARN] [net.minecraft.client.sounds.SoundEngine/]: Missing sound for event: minecraft:entity.fishing_bobber.throw
[27Sep2026 09:11:16.248] [Render thread/WARN] [net.minecraft.client.sounds.SoundEngine/]: Missing sound for event: minecraft:item.flintandsteel.use
[27Sep2026 09:11:16.248] [Render thread/WARN] [net.minecraft.client.sounds.SoundEngine/]: Missing sound for event: minecraft:block.flowering_azalea.break
[27Sep2026 09:11:16.248] [Render thread/WARN] [net.minecraft.client.sounds.SoundEngine/]: Missing sound for event: minecraft:block.flowering_azalea.fall
[27Sep2026 09:11:16.248] [Render thread/WARN] [net.minecraft.client.sounds.SoundEngine/]: Missing sound for event: minecraft:block.flowering_azalea.hit
[27Sep2026 09:11:16.248] [Render thread/WARN] [net.minecraft.client.sounds.SoundEngine/]: Missing sound for event: minecraft:block.flowering_azalea.place
[27Sep2026 09:11:16.248] [Render thread/WARN] [net.minecraft.client.sounds.SoundEngine/]: Missing sound for event: minecraft:block.flowering_azalea.step
[27Sep2026 09:11:16.249] [Render thread/WARN] [net.minecraft.client.sounds.SoundEngine/]: Missing sound for event: minecraft:entity.fox.aggro
[27Sep2026 09:11:16.249] [Render thread/WARN] [net.minecraft.client.sounds.SoundEngine/]: Missing sound for event: minecraft:entity.fox.ambient
[27Sep2026 09:11:16.249] [Render thread/WARN] [net.minecraft.client.sounds.SoundEngine/]: Missing sound for event: minecraft:entity.fox.bite
[27Sep2026 09:11:16.249] [Render thread/WARN] [net.minecraft.client.sounds.SoundEngine/]: Missing sound for event: minecraft:entity.fox.death
[27Sep2026 09:11:16.249] [Render thread/WARN] [net.minecraft.client.sounds.SoundEngine/]: Missing sound for event: minecraft:entity.fox.eat
[27Sep2026 09:11:16.249] [Render thread/WARN] [net.minecraft.client.sounds.SoundEngine/]: Missing sound for event: minecraft:entity.fox.hurt
[27Sep2026 09:11:16.249] [Render thread/WARN] [net.minecraft.client.sounds.SoundEngine/]: Missing sound for event: minecraft:entity.fox.screech
[27Sep2026 09:11:16.249] [Render thread/WARN] [net.minecraft.client.sounds.SoundEngine/]: Missing sound for event: minecraft:entity.fox.sleep
[27Sep2026 09:11:16.249] [Render thread/WARN] [net.minecraft.client.sounds.SoundEngine/]: Missing sound for event: minecraft:entity.fox.sniff
[27Sep2026 09:11:16.249] [Render thread/WARN] [net.minecraft.client.sounds.SoundEngine/]: Missing sound for event: minecraft:entity.fox.spit
[27Sep2026 09:11:16.249] [Render thread/WARN] [net.minecraft.client.sounds.SoundEngine/]: Missing sound for event: minecraft:entity.fox.teleport
[27Sep2026 09:11:16.249] [Render thread/WARN] [net.minecraft.client.sounds.SoundEngine/]: Missing sound for event: minecraft:block.suspicious_sand.break
[27Sep2026 09:11:16.249] [Render thread/WARN] [net.minecraft.client.sounds.SoundEngine/]: Missing sound for event: minecraft:block.suspicious_sand.step
[27Sep2026 09:11:16.249] [Render thread/WARN] [net.minecraft.client.sounds.SoundEngine/]: Missing sound for event: minecraft:block.suspicious_sand.place
[27Sep2026 09:11:16.249] [Render thread/WARN] [net.minecraft.client.sounds.SoundEngine/]: Missing sound for event: minecraft:block.suspicious_sand.hit
[27Sep2026 09:11:16.249] [Render thread/WARN] [net.minecraft.client.sounds.SoundEngine/]: Missing sound for event: minecraft:block.suspicious_sand.fall
[27Sep2026 09:11:16.249] [Render thread/WARN] [net.minecraft.client.sounds.SoundEngine/]: Missing sound for event: minecraft:block.suspicious_gravel.break
[27Sep2026 09:11:16.249] [Render thread/WARN] [net.minecraft.client.sounds.SoundEngine/]: Missing sound for event: minecraft:block.suspicious_gravel.step
[27Sep2026 09:11:16.249] [Render thread/WARN] [net.minecraft.client.sounds.SoundEngine/]: Missing sound for event: minecraft:block.suspicious_gravel.place
[27Sep2026 09:11:16.249] [Render thread/WARN] [net.minecraft.client.sounds.SoundEngine/]: Missing sound for event: minecraft:block.suspicious_gravel.hit
[27Sep2026 09:11:16.249] [Render thread/WARN] [net.minecraft.client.sounds.SoundEngine/]: Missing sound for event: minecraft:block.suspicious_gravel.fall
[27Sep2026 09:11:16.249] [Render thread/WARN] [net.minecraft.client.sounds.SoundEngine/]: Missing sound for event: minecraft:block.froglight.break
[27Sep2026 09:11:16.249] [Render thread/WARN] [net.minecraft.client.sounds.SoundEngine/]: Missing sound for event: minecraft:block.froglight.fall
[27Sep2026 09:11:16.249] [Render thread/WARN] [net.minecraft.client.sounds.SoundEngine/]: Missing sound for event: minecraft:block.froglight.hit
[27Sep2026 09:11:16.249] [Render thread/WARN] [net.minecraft.client.sounds.SoundEngine/]: Missing sound for event: minecraft:block.froglight.place
[27Sep2026 09:11:16.249] [Render thread/WARN] [net.minecraft.client.sounds.SoundEngine/]: Missing sound for event: minecraft:block.froglight.step
[27Sep2026 09:11:16.249] [Render thread/WARN] [net.minecraft.client.sounds.SoundEngine/]: Missing sound for event: minecraft:block.frogspawn.step
[27Sep2026 09:11:16.249] [Render thread/WARN] [net.minecraft.client.sounds.SoundEngine/]: Missing sound for event: minecraft:block.frogspawn.break
[27Sep2026 09:11:16.249] [Render thread/WARN] [net.minecraft.client.sounds.SoundEngine/]: Missing sound for event: minecraft:block.frogspawn.fall
[27Sep2026 09:11:16.249] [Render thread/WARN] [net.minecraft.client.sounds.SoundEngine/]: Missing sound for event: minecraft:block.frogspawn.hatch
[27Sep2026 09:11:16.249] [Render thread/WARN] [net.minecraft.client.sounds.SoundEngine/]: Missing sound for event: minecraft:block.frogspawn.hit
[27Sep2026 09:11:16.249] [Render thread/WARN] [net.minecraft.client.sounds.SoundEngine/]: Missing sound for event: minecraft:block.frogspawn.place
[27Sep2026 09:11:16.249] [Render thread/WARN] [net.minecraft.client.sounds.SoundEngine/]: Missing sound for event: minecraft:entity.frog.ambient
[27Sep2026 09:11:16.249] [Render thread/WARN] [net.minecraft.client.sounds.SoundEngine/]: Missing sound for event: minecraft:entity.frog.death
[27Sep2026 09:11:16.249] [Render thread/WARN] [net.minecraft.client.sounds.SoundEngine/]: Missing sound for event: minecraft:entity.frog.eat
[27Sep2026 09:11:16.250] [Render thread/WARN] [net.minecraft.client.sounds.SoundEngine/]: Missing sound for event: minecraft:entity.frog.hurt
[27Sep2026 09:11:16.250] [Render thread/WARN] [net.minecraft.client.sounds.SoundEngine/]: Missing sound for event: minecraft:entity.frog.lay_spawn
[27Sep2026 09:11:16.250] [Render thread/WARN] [net.minecraft.client.sounds.SoundEngine/]: Missing sound for event: minecraft:entity.frog.long_jump
[27Sep2026 09:11:16.250] [Render thread/WARN] [net.minecraft.client.sounds.SoundEngine/]: Missing sound for event: minecraft:entity.frog.step
[27Sep2026 09:11:16.250] [Render thread/WARN] [net.minecraft.client.sounds.SoundEngine/]: Missing sound for event: minecraft:entity.frog.tongue
[27Sep2026 09:11:16.250] [Render thread/WARN] [net.minecraft.client.sounds.SoundEngine/]: Missing sound for event: minecraft:block.roots.break
[27Sep2026 09:11:16.250] [Render thread/WARN] [net.minecraft.client.sounds.SoundEngine/]: Missing sound for event: minecraft:block.roots.step
[27Sep2026 09:11:16.250] [Render thread/WARN] [net.minecraft.client.sounds.SoundEngine/]: Missing sound for event: minecraft:block.roots.place
[27Sep2026 09:11:16.250] [Render thread/WARN] [net.minecraft.client.sounds.SoundEngine/]: Missing sound for event: minecraft:block.roots.hit
[27Sep2026 09:11:16.250] [Render thread/WARN] [net.minecraft.client.sounds.SoundEngine/]: Missing sound for event: minecraft:block.roots.fall
[27Sep2026 09:11:16.250] [Render thread/WARN] [net.minecraft.client.sounds.SoundEngine/]: Missing sound for event: minecraft:block.furnace.fire_crackle
[27Sep2026 09:11:16.250] [Render thread/WARN] [net.minecraft.client.sounds.SoundEngine/]: Missing sound for event: minecraft:entity.generic.big_fall
[27Sep2026 09:11:16.250] [Render thread/WARN] [net.minecraft.client.sounds.SoundEngine/]: Missing sound for event: minecraft:entity.generic.burn
[27Sep2026 09:11:16.250] [Render thread/WARN] [net.minecraft.client.sounds.SoundEngine/]: Missing sound for event: minecraft:entity.generic.death
[27Sep2026 09:11:16.250] [Render thread/WARN] [net.minecraft.client.sounds.SoundEngine/]: Missing sound for event: minecraft:entity.generic.drink
[27Sep2026 09:11:16.250] [Render thread/WARN] [net.minecraft.client.sounds.SoundEngine/]: Missing sound for event: minecraft:entity.generic.eat
[27Sep2026 09:11:16.250] [Render thread/WARN] [net.minecraft.client.sounds.SoundEngine/]: Missing sound for event: minecraft:entity.generic.explode
[27Sep2026 09:11:16.250] [Render thread/WARN] [net.minecraft.client.sounds.SoundEngine/]: Missing sound for event: minecraft:entity.generic.extinguish_fire
[27Sep2026 09:11:16.250] [Render thread/WARN] [net.minecraft.client.sounds.SoundEngine/]: Missing sound for event: minecraft:entity.generic.hurt
[27Sep2026 09:11:16.250] [Render thread/WARN] [net.minecraft.client.sounds.SoundEngine/]: Missing sound for event: minecraft:entity.generic.small_fall
[27Sep2026 09:11:16.250] [Render thread/WARN] [net.minecraft.client.sounds.SoundEngine/]: Missing sound for event: minecraft:entity.generic.splash
[27Sep2026 09:11:16.250] [Render thread/WARN] [net.minecraft.client.sounds.SoundEngine/]: Missing sound for event: minecraft:entity.generic.swim
[27Sep2026 09:11:16.250] [Render thread/WARN] [net.minecraft.client.sounds.SoundEngine/]: Missing sound for event: minecraft:entity.ghast.ambient
[27Sep2026 09:11:16.250] [Render thread/WARN] [net.minecraft.client.sounds.SoundEngine/]: Missing sound for event: minecraft:entity.ghast.death
[27Sep2026 09:11:16.250] [Render thread/WARN] [net.minecraft.client.sounds.SoundEngine/]: Missing sound for event: minecraft:entity.ghast.hurt
[27Sep2026 09:11:16.250] [Render thread/WARN] [net.minecraft.client.sounds.SoundEngine/]: Missing sound for event: minecraft:entity.ghast.scream
[27Sep2026 09:11:16.250] [Render thread/WARN] [net.minecraft.client.sounds.SoundEngine/]: Missing sound for event: minecraft:entity.ghast.shoot
[27Sep2026 09:11:16.250] [Render thread/WARN] [net.minecraft.client.sounds.SoundEngine/]: Missing sound for event: minecraft:entity.ghast.warn
[27Sep2026 09:11:16.250] [Render thread/WARN] [net.minecraft.client.sounds.SoundEngine/]: Missing sound for event: minecraft:entity.ghastling.ambient
[27Sep2026 09:11:16.250] [Render thread/WARN] [net.minecraft.client.sounds.SoundEngine/]: Missing sound for event: minecraft:entity.ghastling.death
[27Sep2026 09:11:16.250] [Render thread/WARN] [net.minecraft.client.sounds.SoundEngine/]: Missing sound for event: minecraft:entity.ghastling.hurt
[27Sep2026 09:11:16.250] [Render thread/WARN] [net.minecraft.client.sounds.SoundEngine/]: Missing sound for event: minecraft:entity.ghastling.spawn
[27Sep2026 09:11:16.250] [Render thread/WARN] [net.minecraft.client.sounds.SoundEngine/]: Missing sound for event: minecraft:block.gilded_blackstone.break
[27Sep2026 09:11:16.250] [Render thread/WARN] [net.minecraft.client.sounds.SoundEngine/]: Missing sound for event: minecraft:block.gilded_blackstone.fall
[27Sep2026 09:11:16.250] [Render thread/WARN] [net.minecraft.client.sounds.SoundEngine/]: Missing sound for event: minecraft:block.gilded_blackstone.hit
[27Sep2026 09:11:16.250] [Render thread/WARN] [net.minecraft.client.sounds.SoundEngine/]: Missing sound for event: minecraft:block.gilded_blackstone.place
[27Sep2026 09:11:16.250] [Render thread/WARN] [net.minecraft.client.sounds.SoundEngine/]: Missing sound for event: minecraft:block.gilded_blackstone.step
[27Sep2026 09:11:16.250] [Render thread/WARN] [net.minecraft.client.sounds.SoundEngine/]: Missing sound for event: minecraft:block.glass.break
[27Sep2026 09:11:16.251] [Render thread/WARN] [net.minecraft.client.sounds.SoundEngine/]: Missing sound for event: minecraft:block.glass.fall
[27Sep2026 09:11:16.251] [Render thread/WARN] [net.minecraft.client.sounds.SoundEngine/]: Missing sound for event: minecraft:block.glass.hit
[27Sep2026 09:11:16.251] [Render thread/WARN] [net.minecraft.client.sounds.SoundEngine/]: Missing sound for event: minecraft:block.glass.place
[27Sep2026 09:11:16.251] [Render thread/WARN] [net.minecraft.client.sounds.SoundEngine/]: Missing sound for event: minecraft:block.glass.step
[27Sep2026 09:11:16.251] [Render thread/WARN] [net.minecraft.client.sounds.SoundEngine/]: Missing sound for event: minecraft:item.glow_ink_sac.use
[27Sep2026 09:11:16.251] [Render thread/WARN] [net.minecraft.client.sounds.SoundEngine/]: Missing sound for event: minecraft:entity.glow_item_frame.add_item
[27Sep2026 09:11:16.251] [Render thread/WARN] [net.minecraft.client.sounds.SoundEngine/]: Missing sound for event: minecraft:entity.glow_item_frame.break
[27Sep2026 09:11:16.251] [Render thread/WARN] [net.minecraft.client.sounds.SoundEngine/]: Missing sound for event: minecraft:entity.glow_item_frame.place
[27Sep2026 09:11:16.251] [Render thread/WARN] [net.minecraft.client.sounds.SoundEngine/]: Missing sound for event: minecraft:entity.glow_item_frame.remove_item
[27Sep2026 09:11:16.251] [Render thread/WARN] [net.minecraft.client.sounds.SoundEngine/]: Missing sound for event: minecraft:entity.glow_item_frame.rotate_item
[27Sep2026 09:11:16.251] [Render thread/WARN] [net.minecraft.client.sounds.SoundEngine/]: Missing sound for event: minecraft:entity.glow_squid.ambient
[27Sep2026 09:11:16.251] [Render thread/WARN] [net.minecraft.client.sounds.SoundEngine/]: Missing sound for event: minecraft:entity.glow_squid.death
[27Sep2026 09:11:16.251] [Render thread/WARN] [net.minecraft.client.sounds.SoundEngine/]: Missing sound for event: minecraft:entity.glow_squid.hurt
[27Sep2026 09:11:16.251] [Render thread/WARN] [net.minecraft.client.sounds.SoundEngine/]: Missing sound for event: minecraft:entity.glow_squid.squirt
[27Sep2026 09:11:16.251] [Render thread/WARN] [net.minecraft.client.sounds.SoundEngine/]: Missing sound for event: minecraft:entity.goat.ambient
[27Sep2026 09:11:16.251] [Render thread/WARN] [net.minecraft.client.sounds.SoundEngine/]: Missing sound for event: minecraft:entity.goat.death
[27Sep2026 09:11:16.251] [Render thread/WARN] [net.minecraft.client.sounds.SoundEngine/]: Missing sound for event: minecraft:entity.goat.eat
[27Sep2026 09:11:16.251] [Render thread/WARN] [net.minecraft.client.sounds.SoundEngine/]: Missing sound for event: minecraft:entity.goat.hurt
[27Sep2026 09:11:16.251] [Render thread/WARN] [net.minecraft.client.sounds.SoundEngine/]: Missing sound for event: minecraft:entity.goat.long_jump
[27Sep2026 09:11:16.251] [Render thread/WARN] [net.minecraft.client.sounds.SoundEngine/]: Missing sound for event: minecraft:entity.goat.milk
[27Sep2026 09:11:16.251] [Render thread/WARN] [net.minecraft.client.sounds.SoundEngine/]: Missing sound for event: minecraft:entity.goat.prepare_ram
[27Sep2026 09:11:16.252] [Render thread/WARN] [net.minecraft.client.sounds.SoundEngine/]: Missing sound for event: minecraft:entity.goat.ram_impact
[27Sep2026 09:11:16.252] [Render thread/WARN] [net.minecraft.client.sounds.SoundEngine/]: Missing sound for event: minecraft:entity.goat.horn_break
[27Sep2026 09:11:16.252] [Render thread/WARN] [net.minecraft.client.sounds.SoundEngine/]: Missing sound for event: minecraft:entity.goat.screaming.ambient
[27Sep2026 09:11:16.252] [Render thread/WARN] [net.minecraft.client.sounds.SoundEngine/]: Missing sound for event: minecraft:entity.goat.screaming.death
[27Sep2026 09:11:16.252] [Render thread/WARN] [net.minecraft.client.sounds.SoundEngine/]: Missing sound for event: minecraft:entity.goat.screaming.eat
[27Sep2026 09:11:16.252] [Render thread/WARN] [net.minecraft.client.sounds.SoundEngine/]: Missing sound for event: minecraft:entity.goat.screaming.hurt
[27Sep2026 09:11:16.252] [Render thread/WARN] [net.minecraft.client.sounds.SoundEngine/]: Missing sound for event: minecraft:entity.goat.screaming.long_jump
[27Sep2026 09:11:16.252] [Render thread/WARN] [net.minecraft.client.sounds.SoundEngine/]: Missing sound for event: minecraft:entity.goat.screaming.milk
[27Sep2026 09:11:16.252] [Render thread/WARN] [net.minecraft.client.sounds.SoundEngine/]: Missing sound for event: minecraft:entity.goat.screaming.prepare_ram
[27Sep2026 09:11:16.252] [Render thread/WARN] [net.minecraft.client.sounds.SoundEngine/]: Missing sound for event: minecraft:entity.goat.screaming.ram_impact
[27Sep2026 09:11:16.252] [Render thread/WARN] [net.minecraft.client.sounds.SoundEngine/]: Missing sound for event: minecraft:entity.goat.step
[27Sep2026 09:11:16.252] [Render thread/WARN] [net.minecraft.client.sounds.SoundEngine/]: Missing sound for event: minecraft:item.golden_dandelion.use
[27Sep2026 09:11:16.252] [Render thread/WARN] [net.minecraft.client.sounds.SoundEngine/]: Missing sound for event: minecraft:item.golden_dandelion.unuse
[27Sep2026 09:11:16.252] [Render thread/WARN] [net.minecraft.client.sounds.SoundEngine/]: Missing sound for event: minecraft:block.grass.break
[27Sep2026 09:11:16.252] [Render thread/WARN] [net.minecraft.client.sounds.SoundEngine/]: Missing sound for event: minecraft:block.grass.fall
[27Sep2026 09:11:16.252] [Render thread/WARN] [net.minecraft.client.sounds.SoundEngine/]: Missing sound for event: minecraft:block.grass.hit
[27Sep2026 09:11:16.253] [Render thread/WARN] [net.minecraft.client.sounds.SoundEngine/]: Missing sound for event: minecraft:block.grass.place
[27Sep2026 09:11:16.253] [Render thread/WARN] [net.minecraft.client.sounds.SoundEngine/]: Missing sound for event: minecraft:block.grass.step
[27Sep2026 09:11:16.253] [Render thread/WARN] [net.minecraft.client.sounds.SoundEngine/]: Missing sound for event: minecraft:block.gravel.break
[27Sep2026 09:11:16.253] [Render thread/WARN] [net.minecraft.client.sounds.SoundEngine/]: Missing sound for event: minecraft:block.gravel.fall
[27Sep2026 09:11:16.253] [Render thread/WARN] [net.minecraft.client.sounds.SoundEngine/]: Missing sound for event: minecraft:block.gravel.hit
[27Sep2026 09:11:16.253] [Render thread/WARN] [net.minecraft.client.sounds.SoundEngine/]: Missing sound for event: minecraft:block.gravel.place
[27Sep2026 09:11:16.253] [Render thread/WARN] [net.minecraft.client.sounds.SoundEngine/]: Missing sound for event: minecraft:block.gravel.step
[27Sep2026 09:11:16.253] [Render thread/WARN] [net.minecraft.client.sounds.SoundEngine/]: Missing sound for event: minecraft:block.grindstone.use
[27Sep2026 09:11:16.253] [Render thread/WARN] [net.minecraft.client.sounds.SoundEngine/]: Missing sound for event: minecraft:block.growing_plant.crop
[27Sep2026 09:11:16.253] [Render thread/WARN] [net.minecraft.client.sounds.SoundEngine/]: Missing sound for event: minecraft:entity.guardian.ambient
[27Sep2026 09:11:16.253] [Render thread/WARN] [net.minecraft.client.sounds.SoundEngine/]: Missing sound for event: minecraft:entity.guardian.ambient_land
[27Sep2026 09:11:16.253] [Render thread/WARN] [net.minecraft.client.sounds.SoundEngine/]: Missing sound for event: minecraft:entity.guardian.attack
[27Sep2026 09:11:16.253] [Render thread/WARN] [net.minecraft.client.sounds.SoundEngine/]: Missing sound for event: minecraft:entity.guardian.death
[27Sep2026 09:11:16.253] [Render thread/WARN] [net.minecraft.client.sounds.SoundEngine/]: Missing sound for event: minecraft:entity.guardian.death_land
[27Sep2026 09:11:16.253] [Render thread/WARN] [net.minecraft.client.sounds.SoundEngine/]: Missing sound for event: minecraft:entity.guardian.flop
[27Sep2026 09:11:16.253] [Render thread/WARN] [net.minecraft.client.sounds.SoundEngine/]: Missing sound for event: minecraft:entity.guardian.hurt
[27Sep2026 09:11:16.253] [Render thread/WARN] [net.minecraft.client.sounds.SoundEngine/]: Missing sound for event: minecraft:entity.guardian.hurt_land
[27Sep2026 09:11:16.253] [Render thread/WARN] [net.minecraft.client.sounds.SoundEngine/]: Missing sound for event: minecraft:block.hanging_roots.break
[27Sep2026 09:11:16.254] [Render thread/WARN] [net.minecraft.client.sounds.SoundEngine/]: Missing sound for event: minecraft:block.hanging_roots.fall
[27Sep2026 09:11:16.254] [Render thread/WARN] [net.minecraft.client.sounds.SoundEngine/]: Missing sound for event: minecraft:block.hanging_roots.hit
[27Sep2026 09:11:16.254] [Render thread/WARN] [net.minecraft.client.sounds.SoundEngine/]: Missing sound for event: minecraft:block.hanging_roots.place
[27Sep2026 09:11:16.254] [Render thread/WARN] [net.minecraft.client.sounds.SoundEngine/]: Missing sound for event: minecraft:block.hanging_roots.step
[27Sep2026 09:11:16.254] [Render thread/WARN] [net.minecraft.client.sounds.SoundEngine/]: Missing sound for event: minecraft:block.hanging_sign.step
[27Sep2026 09:11:16.254] [Render thread/WARN] [net.minecraft.client.sounds.SoundEngine/]: Missing sound for event: minecraft:block.hanging_sign.break
[27Sep2026 09:11:16.254] [Render thread/WARN] [net.minecraft.client.sounds.SoundEngine/]: Missing sound for event: minecraft:block.hanging_sign.fall
[27Sep2026 09:11:16.254] [Render thread/WARN] [net.minecraft.client.sounds.SoundEngine/]: Missing sound for event: minecraft:block.hanging_sign.hit
[27Sep2026 09:11:16.254] [Render thread/WARN] [net.minecraft.client.sounds.SoundEngine/]: Missing sound for event: minecraft:block.hanging_sign.place
[27Sep2026 09:11:16.254] [Render thread/WARN] [net.minecraft.client.sounds.SoundEngine/]: Missing sound for event: minecraft:entity.happy_ghast.ambient
[27Sep2026 09:11:16.254] [Render thread/WARN] [net.minecraft.client.sounds.SoundEngine/]: Missing sound for event: minecraft:entity.happy_ghast.death
[27Sep2026 09:11:16.254] [Render thread/WARN] [net.minecraft.client.sounds.SoundEngine/]: Missing sound for event: minecraft:entity.happy_ghast.hurt
[27Sep2026 09:11:16.254] [Render thread/WARN] [net.minecraft.client.sounds.SoundEngine/]: Missing sound for event: minecraft:entity.happy_ghast.riding
[27Sep2026 09:11:16.254] [Render thread/WARN] [net.minecraft.client.sounds.SoundEngine/]: Missing sound for event: minecraft:block.heavy_core.break
[27Sep2026 09:11:16.254] [Render thread/WARN] [net.minecraft.client.sounds.SoundEngine/]: Missing sound for event: minecraft:block.heavy_core.fall
[27Sep2026 09:11:16.254] [Render thread/WARN] [net.minecraft.client.sounds.SoundEngine/]: Missing sound for event: minecraft:block.heavy_core.hit
[27Sep2026 09:11:16.254] [Render thread/WARN] [net.minecraft.client.sounds.SoundEngine/]: Missing sound for event: minecraft:block.heavy_core.place
[27Sep2026 09:11:16.254] [Render thread/WARN] [net.minecraft.client.sounds.SoundEngine/]: Missing sound for event: minecraft:block.heavy_core.step
[27Sep2026 09:11:16.254] [Render thread/WARN] [net.minecraft.client.sounds.SoundEngine/]: Missing sound for event: minecraft:block.nether_wood_hanging_sign.step
[27Sep2026 09:11:16.254] [Render thread/WARN] [net.minecraft.client.sounds.SoundEngine/]: Missing sound for event: minecraft:block.nether_wood_hanging_sign.break
[27Sep2026 09:11:16.254] [Render thread/WARN] [net.minecraft.client.sounds.SoundEngine/]: Missing sound for event: minecraft:block.nether_wood_hanging_sign.fall
[27Sep2026 09:11:16.254] [Render thread/WARN] [net.minecraft.client.sounds.SoundEngine/]: Missing sound for event: minecraft:block.nether_wood_hanging_sign.hit
[27Sep2026 09:11:16.254] [Render thread/WARN] [net.minecraft.client.sounds.SoundEngine/]: Missing sound for event: minecraft:block.nether_wood_hanging_sign.place
[27Sep2026 09:11:16.254] [Render thread/WARN] [net.minecraft.client.sounds.SoundEngine/]: Missing sound for event: minecraft:block.bamboo_wood_hanging_sign.step
[27Sep2026 09:11:16.255] [Render thread/WARN] [net.minecraft.client.sounds.SoundEngine/]: Missing sound for event: minecraft:block.bamboo_wood_hanging_sign.break
[27Sep2026 09:11:16.255] [Render thread/WARN] [net.minecraft.client.sounds.SoundEngine/]: Missing sound for event: minecraft:block.bamboo_wood_hanging_sign.fall
[27Sep2026 09:11:16.255] [Render thread/WARN] [net.minecraft.client.sounds.SoundEngine/]: Missing sound for event: minecraft:block.bamboo_wood_hanging_sign.hit
[27Sep2026 09:11:16.255] [Render thread/WARN] [net.minecraft.client.sounds.SoundEngine/]: Missing sound for event: minecraft:block.bamboo_wood_hanging_sign.place
[27Sep2026 09:11:16.255] [Render thread/WARN] [net.minecraft.client.sounds.SoundEngine/]: Missing sound for event: minecraft:block.trial_spawner.break
[27Sep2026 09:11:16.255] [Render thread/WARN] [net.minecraft.client.sounds.SoundEngine/]: Missing sound for event: minecraft:block.trial_spawner.step
[27Sep2026 09:11:16.255] [Render thread/WARN] [net.minecraft.client.sounds.SoundEngine/]: Missing sound for event: minecraft:block.trial_spawner.place
[27Sep2026 09:11:16.255] [Render thread/WARN] [net.minecraft.client.sounds.SoundEngine/]: Missing sound for event: minecraft:block.trial_spawner.hit
[27Sep2026 09:11:16.255] [Render thread/WARN] [net.minecraft.client.sounds.SoundEngine/]: Missing sound for event: minecraft:block.trial_spawner.fall
[27Sep2026 09:11:16.255] [Render thread/WARN] [net.minecraft.client.sounds.SoundEngine/]: Missing sound for event: minecraft:block.trial_spawner.spawn_mob
[27Sep2026 09:11:16.255] [Render thread/WARN] [net.minecraft.client.sounds.SoundEngine/]: Missing sound for event: minecraft:block.trial_spawner.about_to_spawn_item
[27Sep2026 09:11:16.255] [Render thread/WARN] [net.minecraft.client.sounds.SoundEngine/]: Missing sound for event: minecraft:block.trial_spawner.spawn_item
[27Sep2026 09:11:16.255] [Render thread/WARN] [net.minecraft.client.sounds.SoundEngine/]: Missing sound for event: minecraft:block.trial_spawner.spawn_item_begin
[27Sep2026 09:11:16.255] [Render thread/WARN] [net.minecraft.client.sounds.SoundEngine/]: Missing sound for event: minecraft:block.trial_spawner.detect_player
[27Sep2026 09:11:16.255] [Render thread/WARN] [net.minecraft.client.sounds.SoundEngine/]: Missing sound for event: minecraft:block.trial_spawner.ominous_activate
[27Sep2026 09:11:16.255] [Render thread/WARN] [net.minecraft.client.sounds.SoundEngine/]: Missing sound for event: minecraft:block.trial_spawner.ambient
[27Sep2026 09:11:16.255] [Render thread/WARN] [net.minecraft.client.sounds.SoundEngine/]: Missing sound for event: minecraft:block.trial_spawner.ambient_ominous
[27Sep2026 09:11:16.255] [Render thread/WARN] [net.minecraft.client.sounds.SoundEngine/]: Missing sound for event: minecraft:block.trial_spawner.open_shutter
[27Sep2026 09:11:16.255] [Render thread/WARN] [net.minecraft.client.sounds.SoundEngine/]: Missing sound for event: minecraft:block.trial_spawner.close_shutter
[27Sep2026 09:11:16.255] [Render thread/WARN] [net.minecraft.client.sounds.SoundEngine/]: Missing sound for event: minecraft:block.trial_spawner.eject_item
[27Sep2026 09:11:16.255] [Render thread/WARN] [net.minecraft.client.sounds.SoundEngine/]: Missing sound for event: minecraft:entity.happy_ghast.equip
[27Sep2026 09:11:16.255] [Render thread/WARN] [net.minecraft.client.sounds.SoundEngine/]: Missing sound for event: minecraft:entity.happy_ghast.unequip
[27Sep2026 09:11:16.255] [Render thread/WARN] [net.minecraft.client.sounds.SoundEngine/]: Missing sound for event: minecraft:entity.happy_ghast.harness_goggles_up
[27Sep2026 09:11:16.255] [Render thread/WARN] [net.minecraft.client.sounds.SoundEngine/]: Missing sound for event: minecraft:entity.happy_ghast.harness_goggles_down
[27Sep2026 09:11:16.255] [Render thread/WARN] [net.minecraft.client.sounds.SoundEngine/]: Missing sound for event: minecraft:item.hoe.till
[27Sep2026 09:11:16.255] [Render thread/WARN] [net.minecraft.client.sounds.SoundEngine/]: Missing sound for event: minecraft:entity.hoglin.ambient
[27Sep2026 09:11:16.255] [Render thread/WARN] [net.minecraft.client.sounds.SoundEngine/]: Missing sound for event: minecraft:entity.hoglin.angry
[27Sep2026 09:11:16.256] [Render thread/WARN] [net.minecraft.client.sounds.SoundEngine/]: Missing sound for event: minecraft:entity.hoglin.attack
[27Sep2026 09:11:16.256] [Render thread/WARN] [net.minecraft.client.sounds.SoundEngine/]: Missing sound for event: minecraft:entity.hoglin.converted_to_zombified
[27Sep2026 09:11:16.256] [Render thread/WARN] [net.minecraft.client.sounds.SoundEngine/]: Missing sound for event: minecraft:entity.hoglin.death
[27Sep2026 09:11:16.256] [Render thread/WARN] [net.minecraft.client.sounds.SoundEngine/]: Missing sound for event: minecraft:entity.hoglin.hurt
[27Sep2026 09:11:16.256] [Render thread/WARN] [net.minecraft.client.sounds.SoundEngine/]: Missing sound for event: minecraft:entity.hoglin.retreat
[27Sep2026 09:11:16.256] [Render thread/WARN] [net.minecraft.client.sounds.SoundEngine/]: Missing sound for event: minecraft:entity.hoglin.step
[27Sep2026 09:11:16.256] [Render thread/WARN] [net.minecraft.client.sounds.SoundEngine/]: Missing sound for event: minecraft:block.honey_block.break
[27Sep2026 09:11:16.256] [Render thread/WARN] [net.minecraft.client.sounds.SoundEngine/]: Missing sound for event: minecraft:block.honey_block.fall
[27Sep2026 09:11:16.256] [Render thread/WARN] [net.minecraft.client.sounds.SoundEngine/]: Missing sound for event: minecraft:block.honey_block.hit
[27Sep2026 09:11:16.256] [Render thread/WARN] [net.minecraft.client.sounds.SoundEngine/]: Missing sound for event: minecraft:block.honey_block.place
[27Sep2026 09:11:16.256] [Render thread/WARN] [net.minecraft.client.sounds.SoundEngine/]: Missing sound for event: minecraft:block.honey_block.slide
[27Sep2026 09:11:16.256] [Render thread/WARN] [net.minecraft.client.sounds.SoundEngine/]: Missing sound for event: minecraft:block.honey_block.step
[27Sep2026 09:11:16.256] [Render thread/WARN] [net.minecraft.client.sounds.SoundEngine/]: Missing sound for event: minecraft:item.honeycomb.wax_on
[27Sep2026 09:11:16.256] [Render thread/WARN] [net.minecraft.client.sounds.SoundEngine/]: Missing sound for event: minecraft:item.honey_bottle.drink
[27Sep2026 09:11:16.256] [Render thread/WARN] [net.minecraft.client.sounds.SoundEngine/]: Missing sound for event: minecraft:item.goat_horn.sound.0
[27Sep2026 09:11:16.256] [Render thread/WARN] [net.minecraft.client.sounds.SoundEngine/]: Missing sound for event: minecraft:item.goat_horn.sound.1
[27Sep2026 09:11:16.256] [Render thread/WARN] [net.minecraft.client.sounds.SoundEngine/]: Missing sound for event: minecraft:item.goat_horn.sound.2
[27Sep2026 09:11:16.256] [Render thread/WARN] [net.minecraft.client.sounds.SoundEngine/]: Missing sound for event: minecraft:item.goat_horn.sound.3
[27Sep2026 09:11:16.256] [Render thread/WARN] [net.minecraft.client.sounds.SoundEngine/]: Missing sound for event: minecraft:item.goat_horn.sound.4
[27Sep2026 09:11:16.256] [Render thread/WARN] [net.minecraft.client.sounds.SoundEngine/]: Missing sound for event: minecraft:item.goat_horn.sound.5
[27Sep2026 09:11:16.256] [Render thread/WARN] [net.minecraft.client.sounds.SoundEngine/]: Missing sound for event: minecraft:item.goat_horn.sound.6
[27Sep2026 09:11:16.256] [Render thread/WARN] [net.minecraft.client.sounds.SoundEngine/]: Missing sound for event: minecraft:item.goat_horn.sound.7
[27Sep2026 09:11:16.256] [Render thread/WARN] [net.minecraft.client.sounds.SoundEngine/]: Missing sound for event: minecraft:entity.horse.ambient
[27Sep2026 09:11:16.256] [Render thread/WARN] [net.minecraft.client.sounds.SoundEngine/]: Missing sound for event: minecraft:entity.baby_horse.ambient
[27Sep2026 09:11:16.257] [Render thread/WARN] [net.minecraft.client.sounds.SoundEngine/]: Missing sound for event: minecraft:entity.horse.angry
[27Sep2026 09:11:16.257] [Render thread/WARN] [net.minecraft.client.sounds.SoundEngine/]: Missing sound for event: minecraft:entity.baby_horse.angry
[27Sep2026 09:11:16.257] [Render thread/WARN] [net.minecraft.client.sounds.SoundEngine/]: Missing sound for event: minecraft:entity.horse.armor
[27Sep2026 09:11:16.257] [Render thread/WARN] [net.minecraft.client.sounds.SoundEngine/]: Missing sound for event: minecraft:item.horse_armor.unequip
[27Sep2026 09:11:16.257] [Render thread/WARN] [net.minecraft.client.sounds.SoundEngine/]: Missing sound for event: minecraft:entity.horse.breathe
[27Sep2026 09:11:16.257] [Render thread/WARN] [net.minecraft.client.sounds.SoundEngine/]: Missing sound for event: minecraft:entity.baby_horse.breathe
[27Sep2026 09:11:16.257] [Render thread/WARN] [net.minecraft.client.sounds.SoundEngine/]: Missing sound for event: minecraft:entity.horse.death
[27Sep2026 09:11:16.257] [Render thread/WARN] [net.minecraft.client.sounds.SoundEngine/]: Missing sound for event: minecraft:entity.baby_horse.death
[27Sep2026 09:11:16.257] [Render thread/WARN] [net.minecraft.client.sounds.SoundEngine/]: Missing sound for event: minecraft:entity.horse.eat
[27Sep2026 09:11:16.257] [Render thread/WARN] [net.minecraft.client.sounds.SoundEngine/]: Missing sound for event: minecraft:entity.baby_horse.eat
[27Sep2026 09:11:16.257] [Render thread/WARN] [net.minecraft.client.sounds.SoundEngine/]: Missing sound for event: minecraft:entity.horse.gallop
[27Sep2026 09:11:16.257] [Render thread/WARN] [net.minecraft.client.sounds.SoundEngine/]: Missing sound for event: minecraft:entity.horse.hurt
[27Sep2026 09:11:16.257] [Render thread/WARN] [net.minecraft.client.sounds.SoundEngine/]: Missing sound for event: minecraft:entity.baby_horse.hurt
[27Sep2026 09:11:16.257] [Render thread/WARN] [net.minecraft.client.sounds.SoundEngine/]: Missing sound for event: minecraft:entity.horse.jump
[27Sep2026 09:11:16.257] [Render thread/WARN] [net.minecraft.client.sounds.SoundEngine/]: Missing sound for event: minecraft:entity.horse.land
[27Sep2026 09:11:16.257] [Render thread/WARN] [net.minecraft.client.sounds.SoundEngine/]: Missing sound for event: minecraft:entity.baby_horse.land
[27Sep2026 09:11:16.257] [Render thread/WARN] [net.minecraft.client.sounds.SoundEngine/]: Missing sound for event: minecraft:entity.horse.saddle
[27Sep2026 09:11:16.257] [Render thread/WARN] [net.minecraft.client.sounds.SoundEngine/]: Missing sound for event: minecraft:entity.horse.step
[27Sep2026 09:11:16.257] [Render thread/WARN] [net.minecraft.client.sounds.SoundEngine/]: Missing sound for event: minecraft:entity.baby_horse.step
[27Sep2026 09:11:16.258] [Render thread/WARN] [net.minecraft.client.sounds.SoundEngine/]: Missing sound for event: minecraft:entity.horse.step_wood
[27Sep2026 09:11:16.258] [Render thread/WARN] [net.minecraft.client.sounds.SoundEngine/]: Missing sound for event: minecraft:entity.hostile.big_fall
[27Sep2026 09:11:16.258] [Render thread/WARN] [net.minecraft.client.sounds.SoundEngine/]: Missing sound for event: minecraft:entity.hostile.death
[27Sep2026 09:11:16.258] [Render thread/WARN] [net.minecraft.client.sounds.SoundEngine/]: Missing sound for event: minecraft:entity.hostile.hurt
[27Sep2026 09:11:16.258] [Render thread/WARN] [net.minecraft.client.sounds.SoundEngine/]: Missing sound for event: minecraft:entity.hostile.small_fall
[27Sep2026 09:11:16.258] [Render thread/WARN] [net.minecraft.client.sounds.SoundEngine/]: Missing sound for event: minecraft:entity.hostile.splash
[27Sep2026 09:11:16.258] [Render thread/WARN] [net.minecraft.client.sounds.SoundEngine/]: Missing sound for event: minecraft:entity.hostile.swim
[27Sep2026 09:11:16.258] [Render thread/WARN] [net.minecraft.client.sounds.SoundEngine/]: Missing sound for event: minecraft:entity.husk.ambient
[27Sep2026 09:11:16.258] [Render thread/WARN] [net.minecraft.client.sounds.SoundEngine/]: Missing sound for event: minecraft:entity.husk.converted_to_zombie
[27Sep2026 09:11:16.258] [Render thread/WARN] [net.minecraft.client.sounds.SoundEngine/]: Missing sound for event: minecraft:entity.husk.death
[27Sep2026 09:11:16.258] [Render thread/WARN] [net.minecraft.client.sounds.SoundEngine/]: Missing sound for event: minecraft:entity.husk.hurt
[27Sep2026 09:11:16.258] [Render thread/WARN] [net.minecraft.client.sounds.SoundEngine/]: Missing sound for event: minecraft:entity.husk.step
[27Sep2026 09:11:16.258] [Render thread/WARN] [net.minecraft.client.sounds.SoundEngine/]: Missing sound for event: minecraft:entity.illusioner.ambient
[27Sep2026 09:11:16.258] [Render thread/WARN] [net.minecraft.client.sounds.SoundEngine/]: Missing sound for event: minecraft:entity.illusioner.cast_spell
[27Sep2026 09:11:16.258] [Render thread/WARN] [net.minecraft.client.sounds.SoundEngine/]: Missing sound for event: minecraft:entity.illusioner.death
[27Sep2026 09:11:16.258] [Render thread/WARN] [net.minecraft.client.sounds.SoundEngine/]: Missing sound for event: minecraft:entity.illusioner.hurt
[27Sep2026 09:11:16.258] [Render thread/WARN] [net.minecraft.client.sounds.SoundEngine/]: Missing sound for event: minecraft:entity.illusioner.mirror_move
[27Sep2026 09:11:16.258] [Render thread/WARN] [net.minecraft.client.sounds.SoundEngine/]: Missing sound for event: minecraft:entity.illusioner.prepare_blindness
[27Sep2026 09:11:16.258] [Render thread/WARN] [net.minecraft.client.sounds.SoundEngine/]: Missing sound for event: minecraft:entity.illusioner.prepare_mirror
[27Sep2026 09:11:16.258] [Render thread/WARN] [net.minecraft.client.sounds.SoundEngine/]: Missing sound for event: minecraft:item.ink_sac.use
[27Sep2026 09:11:16.258] [Render thread/WARN] [net.minecraft.client.sounds.SoundEngine/]: Missing sound for event: minecraft:block.iron.break
[27Sep2026 09:11:16.258] [Render thread/WARN] [net.minecraft.client.sounds.SoundEngine/]: Missing sound for event: minecraft:block.iron.step
[27Sep2026 09:11:16.258] [Render thread/WARN] [net.minecraft.client.sounds.SoundEngine/]: Missing sound for event: minecraft:block.iron.place
[27Sep2026 09:11:16.258] [Render thread/WARN] [net.minecraft.client.sounds.SoundEngine/]: Missing sound for event: minecraft:block.iron.hit
[27Sep2026 09:11:16.258] [Render thread/WARN] [net.minecraft.client.sounds.SoundEngine/]: Missing sound for event: minecraft:block.iron.fall
[27Sep2026 09:11:16.258] [Render thread/WARN] [net.minecraft.client.sounds.SoundEngine/]: Missing sound for event: minecraft:block.iron_door.close
[27Sep2026 09:11:16.258] [Render thread/WARN] [net.minecraft.client.sounds.SoundEngine/]: Missing sound for event: minecraft:block.iron_door.open
[27Sep2026 09:11:16.258] [Render thread/WARN] [net.minecraft.client.sounds.SoundEngine/]: Missing sound for event: minecraft:entity.iron_golem.attack
[27Sep2026 09:11:16.258] [Render thread/WARN] [net.minecraft.client.sounds.SoundEngine/]: Missing sound for event: minecraft:entity.iron_golem.damage
[27Sep2026 09:11:16.258] [Render thread/WARN] [net.minecraft.client.sounds.SoundEngine/]: Missing sound for event: minecraft:entity.iron_golem.death
[27Sep2026 09:11:16.258] [Render thread/WARN] [net.minecraft.client.sounds.SoundEngine/]: Missing sound for event: minecraft:entity.iron_golem.hurt
[27Sep2026 09:11:16.258] [Render thread/WARN] [net.minecraft.client.sounds.SoundEngine/]: Missing sound for event: minecraft:entity.iron_golem.repair
[27Sep2026 09:11:16.258] [Render thread/WARN] [net.minecraft.client.sounds.SoundEngine/]: Missing sound for event: minecraft:entity.iron_golem.step
[27Sep2026 09:11:16.259] [Render thread/WARN] [net.minecraft.client.sounds.SoundEngine/]: Missing sound for event: minecraft:block.iron_trapdoor.close
[27Sep2026 09:11:16.259] [Render thread/WARN] [net.minecraft.client.sounds.SoundEngine/]: Missing sound for event: minecraft:block.iron_trapdoor.open
[27Sep2026 09:11:16.259] [Render thread/WARN] [net.minecraft.client.sounds.SoundEngine/]: Missing sound for event: minecraft:entity.item_frame.add_item
[27Sep2026 09:11:16.259] [Render thread/WARN] [net.minecraft.client.sounds.SoundEngine/]: Missing sound for event: minecraft:entity.item_frame.break
[27Sep2026 09:11:16.259] [Render thread/WARN] [net.minecraft.client.sounds.SoundEngine/]: Missing sound for event: minecraft:entity.item_frame.place
[27Sep2026 09:11:16.259] [Render thread/WARN] [net.minecraft.client.sounds.SoundEngine/]: Missing sound for event: minecraft:entity.item_frame.remove_item
[27Sep2026 09:11:16.259] [Render thread/WARN] [net.minecraft.client.sounds.SoundEngine/]: Missing sound for event: minecraft:entity.item_frame.rotate_item
[27Sep2026 09:11:16.259] [Render thread/WARN] [net.minecraft.client.sounds.SoundEngine/]: Missing sound for event: minecraft:entity.item.break
[27Sep2026 09:11:16.259] [Render thread/WARN] [net.minecraft.client.sounds.SoundEngine/]: Missing sound for event: minecraft:entity.item.pickup
[27Sep2026 09:11:16.259] [Render thread/WARN] [net.minecraft.client.sounds.SoundEngine/]: Missing sound for event: minecraft:block.ladder.break
[27Sep2026 09:11:16.259] [Render thread/WARN] [net.minecraft.client.sounds.SoundEngine/]: Missing sound for event: minecraft:block.ladder.fall
[27Sep2026 09:11:16.259] [Render thread/WARN] [net.minecraft.client.sounds.SoundEngine/]: Missing sound for event: minecraft:block.ladder.hit
[27Sep2026 09:11:16.259] [Render thread/WARN] [net.minecraft.client.sounds.SoundEngine/]: Missing sound for event: minecraft:block.ladder.place
[27Sep2026 09:11:16.259] [Render thread/WARN] [net.minecraft.client.sounds.SoundEngine/]: Missing sound for event: minecraft:block.ladder.step
[27Sep2026 09:11:16.259] [Render thread/WARN] [net.minecraft.client.sounds.SoundEngine/]: Missing sound for event: minecraft:block.lantern.break
[27Sep2026 09:11:16.259] [Render thread/WARN] [net.minecraft.client.sounds.SoundEngine/]: Missing sound for event: minecraft:block.lantern.fall
[27Sep2026 09:11:16.259] [Render thread/WARN] [net.minecraft.client.sounds.SoundEngine/]: Missing sound for event: minecraft:block.lantern.hit
[27Sep2026 09:11:16.259] [Render thread/WARN] [net.minecraft.client.sounds.SoundEngine/]: Missing sound for event: minecraft:block.lantern.place
[27Sep2026 09:11:16.259] [Render thread/WARN] [net.minecraft.client.sounds.SoundEngine/]: Missing sound for event: minecraft:block.lantern.step
[27Sep2026 09:11:16.259] [Render thread/WARN] [net.minecraft.client.sounds.SoundEngine/]: Missing sound for event: minecraft:block.large_amethyst_bud.break
[27Sep2026 09:11:16.259] [Render thread/WARN] [net.minecraft.client.sounds.SoundEngine/]: Missing sound for event: minecraft:block.large_amethyst_bud.place
[27Sep2026 09:11:16.259] [Render thread/WARN] [net.minecraft.client.sounds.SoundEngine/]: Missing sound for event: minecraft:block.lava.ambient
[27Sep2026 09:11:16.259] [Render thread/WARN] [net.minecraft.client.sounds.SoundEngine/]: Missing sound for event: minecraft:block.lava.extinguish
[27Sep2026 09:11:16.259] [Render thread/WARN] [net.minecraft.client.sounds.SoundEngine/]: Missing sound for event: minecraft:block.lava.pop
[27Sep2026 09:11:16.259] [Render thread/WARN] [net.minecraft.client.sounds.SoundEngine/]: Missing sound for event: minecraft:block.leaf_litter.break
[27Sep2026 09:11:16.259] [Render thread/WARN] [net.minecraft.client.sounds.SoundEngine/]: Missing sound for event: minecraft:block.leaf_litter.step
[27Sep2026 09:11:16.259] [Render thread/WARN] [net.minecraft.client.sounds.SoundEngine/]: Missing sound for event: minecraft:block.leaf_litter.place
[27Sep2026 09:11:16.259] [Render thread/WARN] [net.minecraft.client.sounds.SoundEngine/]: Missing sound for event: minecraft:block.leaf_litter.hit
[27Sep2026 09:11:16.259] [Render thread/WARN] [net.minecraft.client.sounds.SoundEngine/]: Missing sound for event: minecraft:block.leaf_litter.fall
[27Sep2026 09:11:16.259] [Render thread/WARN] [net.minecraft.client.sounds.SoundEngine/]: Missing sound for event: minecraft:item.lead.untied
[27Sep2026 09:11:16.260] [Render thread/WARN] [net.minecraft.client.sounds.SoundEngine/]: Missing sound for event: minecraft:item.lead.tied
[27Sep2026 09:11:16.260] [Render thread/WARN] [net.minecraft.client.sounds.SoundEngine/]: Missing sound for event: minecraft:item.lead.break
[27Sep2026 09:11:16.260] [Render thread/WARN] [net.minecraft.client.sounds.SoundEngine/]: Missing sound for event: minecraft:block.lever.click
[27Sep2026 09:11:16.260] [Render thread/WARN] [net.minecraft.client.sounds.SoundEngine/]: Missing sound for event: minecraft:entity.lightning_bolt.impact
[27Sep2026 09:11:16.260] [Render thread/WARN] [net.minecraft.client.sounds.SoundEngine/]: Missing sound for event: minecraft:entity.lightning_bolt.thunder
[27Sep2026 09:11:16.260] [Render thread/WARN] [net.minecraft.client.sounds.SoundEngine/]: Missing sound for event: minecraft:entity.lingering_potion.throw
[27Sep2026 09:11:16.260] [Render thread/WARN] [net.minecraft.client.sounds.SoundEngine/]: Missing sound for event: minecraft:entity.llama.ambient
[27Sep2026 09:11:16.260] [Render thread/WARN] [net.minecraft.client.sounds.SoundEngine/]: Missing sound for event: minecraft:entity.llama.angry
[27Sep2026 09:11:16.260] [Render thread/WARN] [net.minecraft.client.sounds.SoundEngine/]: Missing sound for event: minecraft:entity.llama.chest
[27Sep2026 09:11:16.260] [Render thread/WARN] [net.minecraft.client.sounds.SoundEngine/]: Missing sound for event: minecraft:entity.llama.death
[27Sep2026 09:11:16.260] [Render thread/WARN] [net.minecraft.client.sounds.SoundEngine/]: Missing sound for event: minecraft:entity.llama.eat
[27Sep2026 09:11:16.260] [Render thread/WARN] [net.minecraft.client.sounds.SoundEngine/]: Missing sound for event: minecraft:entity.llama.hurt
[27Sep2026 09:11:16.260] [Render thread/WARN] [net.minecraft.client.sounds.SoundEngine/]: Missing sound for event: minecraft:entity.llama.spit
[27Sep2026 09:11:16.260] [Render thread/WARN] [net.minecraft.client.sounds.SoundEngine/]: Missing sound for event: minecraft:entity.llama.step
[27Sep2026 09:11:16.260] [Render thread/WARN] [net.minecraft.client.sounds.SoundEngine/]: Missing sound for event: minecraft:entity.llama.swag
[27Sep2026 09:11:16.260] [Render thread/WARN] [net.minecraft.client.sounds.SoundEngine/]: Missing sound for event: minecraft:item.llama_carpet.unequip
[27Sep2026 09:11:16.260] [Render thread/WARN] [net.minecraft.client.sounds.SoundEngine/]: Missing sound for event: minecraft:entity.magma_cube.death_small
[27Sep2026 09:11:16.260] [Render thread/WARN] [net.minecraft.client.sounds.SoundEngine/]: Missing sound for event: minecraft:block.lodestone.break
[27Sep2026 09:11:16.260] [Render thread/WARN] [net.minecraft.client.sounds.SoundEngine/]: Missing sound for event: minecraft:block.lodestone.step
[27Sep2026 09:11:16.260] [Render thread/WARN] [net.minecraft.client.sounds.SoundEngine/]: Missing sound for event: minecraft:block.lodestone.place
[27Sep2026 09:11:16.260] [Render thread/WARN] [net.minecraft.client.sounds.SoundEngine/]: Missing sound for event: minecraft:block.lodestone.hit
[27Sep2026 09:11:16.260] [Render thread/WARN] [net.minecraft.client.sounds.SoundEngine/]: Missing sound for event: minecraft:block.lodestone.fall
[27Sep2026 09:11:16.260] [Render thread/WARN] [net.minecraft.client.sounds.SoundEngine/]: Missing sound for event: minecraft:item.lodestone_compass.lock
[27Sep2026 09:11:16.260] [Render thread/WARN] [net.minecraft.client.sounds.SoundEngine/]: Missing sound for event: minecraft:item.spear.lunge_1
[27Sep2026 09:11:16.260] [Render thread/WARN] [net.minecraft.client.sounds.SoundEngine/]: Missing sound for event: minecraft:item.spear.lunge_2
[27Sep2026 09:11:16.261] [Render thread/WARN] [net.minecraft.client.sounds.SoundEngine/]: Missing sound for event: minecraft:item.spear.lunge_3
[27Sep2026 09:11:16.261] [Render thread/WARN] [net.minecraft.client.sounds.SoundEngine/]: Missing sound for event: minecraft:item.mace.smash_air
[27Sep2026 09:11:16.261] [Render thread/WARN] [net.minecraft.client.sounds.SoundEngine/]: Missing sound for event: minecraft:item.mace.smash_ground
[27Sep2026 09:11:16.261] [Render thread/WARN] [net.minecraft.client.sounds.SoundEngine/]: Missing sound for event: minecraft:item.mace.smash_ground_heavy
[27Sep2026 09:11:16.261] [Render thread/WARN] [net.minecraft.client.sounds.SoundEngine/]: Missing sound for event: minecraft:entity.magma_cube.death
[27Sep2026 09:11:16.261] [Render thread/WARN] [net.minecraft.client.sounds.SoundEngine/]: Missing sound for event: minecraft:entity.magma_cube.hurt
[27Sep2026 09:11:16.261] [Render thread/WARN] [net.minecraft.client.sounds.SoundEngine/]: Missing sound for event: minecraft:entity.magma_cube.hurt_small
[27Sep2026 09:11:16.261] [Render thread/WARN] [net.minecraft.client.sounds.SoundEngine/]: Missing sound for event: minecraft:entity.magma_cube.jump
[27Sep2026 09:11:16.261] [Render thread/WARN] [net.minecraft.client.sounds.SoundEngine/]: Missing sound for event: minecraft:entity.magma_cube.squish
[27Sep2026 09:11:16.261] [Render thread/WARN] [net.minecraft.client.sounds.SoundEngine/]: Missing sound for event: minecraft:entity.magma_cube.squish_small
[27Sep2026 09:11:16.261] [Render thread/WARN] [net.minecraft.client.sounds.SoundEngine/]: Missing sound for event: minecraft:block.mangrove_roots.break
[27Sep2026 09:11:16.261] [Render thread/WARN] [net.minecraft.client.sounds.SoundEngine/]: Missing sound for event: minecraft:block.mangrove_roots.fall
[27Sep2026 09:11:16.261] [Render thread/WARN] [net.minecraft.client.sounds.SoundEngine/]: Missing sound for event: minecraft:block.mangrove_roots.hit
[27Sep2026 09:11:16.261] [Render thread/WARN] [net.minecraft.client.sounds.SoundEngine/]: Missing sound for event: minecraft:block.mangrove_roots.place
[27Sep2026 09:11:16.261] [Render thread/WARN] [net.minecraft.client.sounds.SoundEngine/]: Missing sound for event: minecraft:block.mangrove_roots.step
[27Sep2026 09:11:16.261] [Render thread/WARN] [net.minecraft.client.sounds.SoundEngine/]: Missing sound for event: minecraft:block.medium_amethyst_bud.break
[27Sep2026 09:11:16.261] [Render thread/WARN] [net.minecraft.client.sounds.SoundEngine/]: Missing sound for event: minecraft:block.medium_amethyst_bud.place
[27Sep2026 09:11:16.261] [Render thread/WARN] [net.minecraft.client.sounds.SoundEngine/]: Missing sound for event: minecraft:block.metal.break
[27Sep2026 09:11:16.261] [Render thread/WARN] [net.minecraft.client.sounds.SoundEngine/]: Missing sound for event: minecraft:block.metal.fall
[27Sep2026 09:11:16.261] [Render thread/WARN] [net.minecraft.client.sounds.SoundEngine/]: Missing sound for event: minecraft:block.metal.hit
[27Sep2026 09:11:16.261] [Render thread/WARN] [net.minecraft.client.sounds.SoundEngine/]: Missing sound for event: minecraft:block.metal.place
[27Sep2026 09:11:16.261] [Render thread/WARN] [net.minecraft.client.sounds.SoundEngine/]: Missing sound for event: minecraft:block.metal_pressure_plate.click_off
[27Sep2026 09:11:16.261] [Render thread/WARN] [net.minecraft.client.sounds.SoundEngine/]: Missing sound for event: minecraft:block.metal_pressure_plate.click_on
[27Sep2026 09:11:16.261] [Render thread/WARN] [net.minecraft.client.sounds.SoundEngine/]: Missing sound for event: minecraft:block.metal.step
[27Sep2026 09:11:16.261] [Render thread/WARN] [net.minecraft.client.sounds.SoundEngine/]: Missing sound for event: minecraft:entity.minecart.inside.underwater
[27Sep2026 09:11:16.262] [Render thread/WARN] [net.minecraft.client.sounds.SoundEngine/]: Missing sound for event: minecraft:entity.minecart.inside
[27Sep2026 09:11:16.262] [Render thread/WARN] [net.minecraft.client.sounds.SoundEngine/]: Missing sound for event: minecraft:entity.minecart.riding
[27Sep2026 09:11:16.262] [Render thread/WARN] [net.minecraft.client.sounds.SoundEngine/]: Missing sound for event: minecraft:entity.mooshroom.convert
[27Sep2026 09:11:16.262] [Render thread/WARN] [net.minecraft.client.sounds.SoundEngine/]: Missing sound for event: minecraft:entity.mooshroom.eat
[27Sep2026 09:11:16.262] [Render thread/WARN] [net.minecraft.client.sounds.SoundEngine/]: Missing sound for event: minecraft:entity.mooshroom.milk
[27Sep2026 09:11:16.262] [Render thread/WARN] [net.minecraft.client.sounds.SoundEngine/]: Missing sound for event: minecraft:entity.mooshroom.suspicious_milk
[27Sep2026 09:11:16.262] [Render thread/WARN] [net.minecraft.client.sounds.SoundEngine/]: Missing sound for event: minecraft:entity.mooshroom.shear
[27Sep2026 09:11:16.262] [Render thread/WARN] [net.minecraft.client.sounds.SoundEngine/]: Missing sound for event: minecraft:block.moss_carpet.break
[27Sep2026 09:11:16.262] [Render thread/WARN] [net.minecraft.client.sounds.SoundEngine/]: Missing sound for event: minecraft:block.moss_carpet.fall
[27Sep2026 09:11:16.262] [Render thread/WARN] [net.minecraft.client.sounds.SoundEngine/]: Missing sound for event: minecraft:block.moss_carpet.hit
[27Sep2026 09:11:16.262] [Render thread/WARN] [net.minecraft.client.sounds.SoundEngine/]: Missing sound for event: minecraft:block.moss_carpet.place
[27Sep2026 09:11:16.262] [Render thread/WARN] [net.minecraft.client.sounds.SoundEngine/]: Missing sound for event: minecraft:block.moss_carpet.step
[27Sep2026 09:11:16.262] [Render thread/WARN] [net.minecraft.client.sounds.SoundEngine/]: Missing sound for event: minecraft:block.pink_petals.break
[27Sep2026 09:11:16.262] [Render thread/WARN] [net.minecraft.client.sounds.SoundEngine/]: Missing sound for event: minecraft:block.pink_petals.fall
[27Sep2026 09:11:16.262] [Render thread/WARN] [net.minecraft.client.sounds.SoundEngine/]: Missing sound for event: minecraft:block.pink_petals.hit
[27Sep2026 09:11:16.262] [Render thread/WARN] [net.minecraft.client.sounds.SoundEngine/]: Missing sound for event: minecraft:block.pink_petals.place
[27Sep2026 09:11:16.262] [Render thread/WARN] [net.minecraft.client.sounds.SoundEngine/]: Missing sound for event: minecraft:block.pink_petals.step
[27Sep2026 09:11:16.262] [Render thread/WARN] [net.minecraft.client.sounds.SoundEngine/]: Missing sound for event: minecraft:block.moss.break
[27Sep2026 09:11:16.262] [Render thread/WARN] [net.minecraft.client.sounds.SoundEngine/]: Missing sound for event: minecraft:block.moss.fall
[27Sep2026 09:11:16.262] [Render thread/WARN] [net.minecraft.client.sounds.SoundEngine/]: Missing sound for event: minecraft:block.moss.hit
[27Sep2026 09:11:16.262] [Render thread/WARN] [net.minecraft.client.sounds.SoundEngine/]: Missing sound for event: minecraft:block.moss.place
[27Sep2026 09:11:16.262] [Render thread/WARN] [net.minecraft.client.sounds.SoundEngine/]: Missing sound for event: minecraft:block.moss.step
[27Sep2026 09:11:16.262] [Render thread/WARN] [net.minecraft.client.sounds.SoundEngine/]: Missing sound for event: minecraft:block.mud.break
[27Sep2026 09:11:16.262] [Render thread/WARN] [net.minecraft.client.sounds.SoundEngine/]: Missing sound for event: minecraft:block.mud.fall
[27Sep2026 09:11:16.262] [Render thread/WARN] [net.minecraft.client.sounds.SoundEngine/]: Missing sound for event: minecraft:block.mud.hit
[27Sep2026 09:11:16.263] [Render thread/WARN] [net.minecraft.client.sounds.SoundEngine/]: Missing sound for event: minecraft:block.mud.place
[27Sep2026 09:11:16.263] [Render thread/WARN] [net.minecraft.client.sounds.SoundEngine/]: Missing sound for event: minecraft:block.mud.step
[27Sep2026 09:11:16.263] [Render thread/WARN] [net.minecraft.client.sounds.SoundEngine/]: Missing sound for event: minecraft:block.mud_bricks.break
[27Sep2026 09:11:16.263] [Render thread/WARN] [net.minecraft.client.sounds.SoundEngine/]: Missing sound for event: minecraft:block.mud_bricks.fall
[27Sep2026 09:11:16.263] [Render thread/WARN] [net.minecraft.client.sounds.SoundEngine/]: Missing sound for event: minecraft:block.mud_bricks.hit
[27Sep2026 09:11:16.263] [Render thread/WARN] [net.minecraft.client.sounds.SoundEngine/]: Missing sound for event: minecraft:block.mud_bricks.place
[27Sep2026 09:11:16.263] [Render thread/WARN] [net.minecraft.client.sounds.SoundEngine/]: Missing sound for event: minecraft:block.mud_bricks.step
[27Sep2026 09:11:16.263] [Render thread/WARN] [net.minecraft.client.sounds.SoundEngine/]: Missing sound for event: minecraft:block.muddy_mangrove_roots.break
[27Sep2026 09:11:16.263] [Render thread/WARN] [net.minecraft.client.sounds.SoundEngine/]: Missing sound for event: minecraft:block.muddy_mangrove_roots.fall
[27Sep2026 09:11:16.263] [Render thread/WARN] [net.minecraft.client.sounds.SoundEngine/]: Missing sound for event: minecraft:block.muddy_mangrove_roots.hit
[27Sep2026 09:11:16.263] [Render thread/WARN] [net.minecraft.client.sounds.SoundEngine/]: Missing sound for event: minecraft:block.muddy_mangrove_roots.place
[27Sep2026 09:11:16.263] [Render thread/WARN] [net.minecraft.client.sounds.SoundEngine/]: Missing sound for event: minecraft:block.muddy_mangrove_roots.step
[27Sep2026 09:11:16.263] [Render thread/WARN] [net.minecraft.client.sounds.SoundEngine/]: Missing sound for event: minecraft:entity.mule.ambient
[27Sep2026 09:11:16.263] [Render thread/WARN] [net.minecraft.client.sounds.SoundEngine/]: Missing sound for event: minecraft:entity.mule.angry
[27Sep2026 09:11:16.263] [Render thread/WARN] [net.minecraft.client.sounds.SoundEngine/]: Missing sound for event: minecraft:entity.mule.chest
[27Sep2026 09:11:16.263] [Render thread/WARN] [net.minecraft.client.sounds.SoundEngine/]: Missing sound for event: minecraft:entity.mule.death
[27Sep2026 09:11:16.263] [Render thread/WARN] [net.minecraft.client.sounds.SoundEngine/]: Missing sound for event: minecraft:entity.mule.eat
[27Sep2026 09:11:16.263] [Render thread/WARN] [net.minecraft.client.sounds.SoundEngine/]: Missing sound for event: minecraft:entity.mule.hurt
[27Sep2026 09:11:16.263] [Render thread/WARN] [net.minecraft.client.sounds.SoundEngine/]: Missing sound for event: minecraft:entity.mule.jump
[27Sep2026 09:11:16.263] [Render thread/WARN] [net.minecraft.client.sounds.SoundEngine/]: Missing sound for event: minecraft:music.creative
[27Sep2026 09:11:16.263] [Render thread/WARN] [net.minecraft.client.sounds.SoundEngine/]: Missing sound for event: minecraft:music.credits
[27Sep2026 09:11:16.263] [Render thread/WARN] [net.minecraft.client.sounds.SoundEngine/]: Missing sound for event: minecraft:music_disc.5
[27Sep2026 09:11:16.263] [Render thread/WARN] [net.minecraft.client.sounds.SoundEngine/]: Missing sound for event: minecraft:music_disc.11
[27Sep2026 09:11:16.263] [Render thread/WARN] [net.minecraft.client.sounds.SoundEngine/]: Missing sound for event: minecraft:music_disc.13
[27Sep2026 09:11:16.263] [Render thread/WARN] [net.minecraft.client.sounds.SoundEngine/]: Missing sound for event: minecraft:music_disc.blocks
[27Sep2026 09:11:16.263] [Render thread/WARN] [net.minecraft.client.sounds.SoundEngine/]: Missing sound for event: minecraft:music_disc.cat
[27Sep2026 09:11:16.263] [Render thread/WARN] [net.minecraft.client.sounds.SoundEngine/]: Missing sound for event: minecraft:music_disc.chirp
[27Sep2026 09:11:16.263] [Render thread/WARN] [net.minecraft.client.sounds.SoundEngine/]: Missing sound for event: minecraft:music_disc.far
[27Sep2026 09:11:16.264] [Render thread/WARN] [net.minecraft.client.sounds.SoundEngine/]: Missing sound for event: minecraft:music_disc.lava_chicken
[27Sep2026 09:11:16.264] [Render thread/WARN] [net.minecraft.client.sounds.SoundEngine/]: Missing sound for event: minecraft:music_disc.mall
[27Sep2026 09:11:16.264] [Render thread/WARN] [net.minecraft.client.sounds.SoundEngine/]: Missing sound for event: minecraft:music_disc.mellohi
[27Sep2026 09:11:16.264] [Render thread/WARN] [net.minecraft.client.sounds.SoundEngine/]: Missing sound for event: minecraft:music_disc.pigstep
[27Sep2026 09:11:16.264] [Render thread/WARN] [net.minecraft.client.sounds.SoundEngine/]: Missing sound for event: minecraft:music_disc.stal
[27Sep2026 09:11:16.264] [Render thread/WARN] [net.minecraft.client.sounds.SoundEngine/]: Missing sound for event: minecraft:music_disc.strad
[27Sep2026 09:11:16.264] [Render thread/WARN] [net.minecraft.client.sounds.SoundEngine/]: Missing sound for event: minecraft:music_disc.wait
[27Sep2026 09:11:16.264] [Render thread/WARN] [net.minecraft.client.sounds.SoundEngine/]: Missing sound for event: minecraft:music_disc.ward
[27Sep2026 09:11:16.264] [Render thread/WARN] [net.minecraft.client.sounds.SoundEngine/]: Missing sound for event: minecraft:music_disc.otherside
[27Sep2026 09:11:16.264] [Render thread/WARN] [net.minecraft.client.sounds.SoundEngine/]: Missing sound for event: minecraft:music_disc.relic
[27Sep2026 09:11:16.264] [Render thread/WARN] [net.minecraft.client.sounds.SoundEngine/]: Missing sound for event: minecraft:music_disc.creator
[27Sep2026 09:11:16.264] [Render thread/WARN] [net.minecraft.client.sounds.SoundEngine/]: Missing sound for event: minecraft:music_disc.creator_music_box
[27Sep2026 09:11:16.264] [Render thread/WARN] [net.minecraft.client.sounds.SoundEngine/]: Missing sound for event: minecraft:music_disc.precipice
[27Sep2026 09:11:16.264] [Render thread/WARN] [net.minecraft.client.sounds.SoundEngine/]: Missing sound for event: minecraft:music_disc.tears
[27Sep2026 09:11:16.264] [Render thread/WARN] [net.minecraft.client.sounds.SoundEngine/]: Missing sound for event: minecraft:music.dragon
[27Sep2026 09:11:16.264] [Render thread/WARN] [net.minecraft.client.sounds.SoundEngine/]: Missing sound for event: minecraft:music.end
[27Sep2026 09:11:16.264] [Render thread/WARN] [net.minecraft.client.sounds.SoundEngine/]: Missing sound for event: minecraft:music.game
[27Sep2026 09:11:16.264] [Render thread/WARN] [net.minecraft.client.sounds.SoundEngine/]: Missing sound for event: minecraft:music.menu
[27Sep2026 09:11:16.264] [Render thread/WARN] [net.minecraft.client.sounds.SoundEngine/]: Missing sound for event: minecraft:music.nether.basalt_deltas
[27Sep2026 09:11:16.264] [Render thread/WARN] [net.minecraft.client.sounds.SoundEngine/]: Missing sound for event: minecraft:music.nether.crimson_forest
[27Sep2026 09:11:16.264] [Render thread/WARN] [net.minecraft.client.sounds.SoundEngine/]: Missing sound for event: minecraft:music.overworld.deep_dark
[27Sep2026 09:11:16.264] [Render thread/WARN] [net.minecraft.client.sounds.SoundEngine/]: Missing sound for event: minecraft:music.overworld.dripstone_caves
[27Sep2026 09:11:16.264] [Render thread/WARN] [net.minecraft.client.sounds.SoundEngine/]: Missing sound for event: minecraft:music.overworld.grove
[27Sep2026 09:11:16.264] [Render thread/WARN] [net.minecraft.client.sounds.SoundEngine/]: Missing sound for event: minecraft:music.overworld.jagged_peaks
[27Sep2026 09:11:16.264] [Render thread/WARN] [net.minecraft.client.sounds.SoundEngine/]: Missing sound for event: minecraft:music.overworld.lush_caves
[27Sep2026 09:11:16.264] [Render thread/WARN] [net.minecraft.client.sounds.SoundEngine/]: Missing sound for event: minecraft:music.overworld.swamp
[27Sep2026 09:11:16.264] [Render thread/WARN] [net.minecraft.client.sounds.SoundEngine/]: Missing sound for event: minecraft:music.overworld.forest
[27Sep2026 09:11:16.264] [Render thread/WARN] [net.minecraft.client.sounds.SoundEngine/]: Missing sound for event: minecraft:music.overworld.old_growth_taiga
[27Sep2026 09:11:16.264] [Render thread/WARN] [net.minecraft.client.sounds.SoundEngine/]: Missing sound for event: minecraft:music.overworld.meadow
[27Sep2026 09:11:16.264] [Render thread/WARN] [net.minecraft.client.sounds.SoundEngine/]: Missing sound for event: minecraft:music.overworld.cherry_grove
[27Sep2026 09:11:16.264] [Render thread/WARN] [net.minecraft.client.sounds.SoundEngine/]: Missing sound for event: minecraft:music.nether.nether_wastes
[27Sep2026 09:11:16.264] [Render thread/WARN] [net.minecraft.client.sounds.SoundEngine/]: Missing sound for event: minecraft:music.overworld.frozen_peaks
[27Sep2026 09:11:16.264] [Render thread/WARN] [net.minecraft.client.sounds.SoundEngine/]: Missing sound for event: minecraft:music.overworld.snowy_slopes
[27Sep2026 09:11:16.264] [Render thread/WARN] [net.minecraft.client.sounds.SoundEngine/]: Missing sound for event: minecraft:music.nether.soul_sand_valley
[27Sep2026 09:11:16.264] [Render thread/WARN] [net.minecraft.client.sounds.SoundEngine/]: Missing sound for event: minecraft:music.overworld.stony_peaks
[27Sep2026 09:11:16.264] [Render thread/WARN] [net.minecraft.client.sounds.SoundEngine/]: Missing sound for event: minecraft:music.nether.warped_forest
[27Sep2026 09:11:16.265] [Render thread/WARN] [net.minecraft.client.sounds.SoundEngine/]: Missing sound for event: minecraft:music.overworld.flower_forest
[27Sep2026 09:11:16.265] [Render thread/WARN] [net.minecraft.client.sounds.SoundEngine/]: Missing sound for event: minecraft:music.overworld.desert
[27Sep2026 09:11:16.265] [Render thread/WARN] [net.minecraft.client.sounds.SoundEngine/]: Missing sound for event: minecraft:music.overworld.badlands
[27Sep2026 09:11:16.265] [Render thread/WARN] [net.minecraft.client.sounds.SoundEngine/]: Missing sound for event: minecraft:music.overworld.jungle
[27Sep2026 09:11:16.265] [Render thread/WARN] [net.minecraft.client.sounds.SoundEngine/]: Missing sound for event: minecraft:music.overworld.sparse_jungle
[27Sep2026 09:11:16.265] [Render thread/WARN] [net.minecraft.client.sounds.SoundEngine/]: Missing sound for event: minecraft:music.overworld.bamboo_jungle
[27Sep2026 09:11:16.265] [Render thread/WARN] [net.minecraft.client.sounds.SoundEngine/]: Missing sound for event: minecraft:music.under_water
[27Sep2026 09:11:16.265] [Render thread/WARN] [net.minecraft.client.sounds.SoundEngine/]: Missing sound for event: minecraft:entity.nautilus.ambient
[27Sep2026 09:11:16.265] [Render thread/WARN] [net.minecraft.client.sounds.SoundEngine/]: Missing sound for event: minecraft:entity.nautilus.ambient_land
[27Sep2026 09:11:16.265] [Render thread/WARN] [net.minecraft.client.sounds.SoundEngine/]: Missing sound for event: minecraft:entity.nautilus.dash
[27Sep2026 09:11:16.265] [Render thread/WARN] [net.minecraft.client.sounds.SoundEngine/]: Missing sound for event: minecraft:entity.nautilus.dash_land
[27Sep2026 09:11:16.265] [Render thread/WARN] [net.minecraft.client.sounds.SoundEngine/]: Missing sound for event: minecraft:entity.nautilus.dash_ready
[27Sep2026 09:11:16.265] [Render thread/WARN] [net.minecraft.client.sounds.SoundEngine/]: Missing sound for event: minecraft:entity.nautilus.dash_ready_land
[27Sep2026 09:11:16.265] [Render thread/WARN] [net.minecraft.client.sounds.SoundEngine/]: Missing sound for event: minecraft:entity.nautilus.death
[27Sep2026 09:11:16.265] [Render thread/WARN] [net.minecraft.client.sounds.SoundEngine/]: Missing sound for event: minecraft:entity.nautilus.death_land
[27Sep2026 09:11:16.265] [Render thread/WARN] [net.minecraft.client.sounds.SoundEngine/]: Missing sound for event: minecraft:entity.nautilus.eat
[27Sep2026 09:11:16.265] [Render thread/WARN] [net.minecraft.client.sounds.SoundEngine/]: Missing sound for event: minecraft:entity.nautilus.hurt
[27Sep2026 09:11:16.265] [Render thread/WARN] [net.minecraft.client.sounds.SoundEngine/]: Missing sound for event: minecraft:entity.nautilus.hurt_land
[27Sep2026 09:11:16.265] [Render thread/WARN] [net.minecraft.client.sounds.SoundEngine/]: Missing sound for event: minecraft:entity.nautilus.swim
[27Sep2026 09:11:16.265] [Render thread/WARN] [net.minecraft.client.sounds.SoundEngine/]: Missing sound for event: minecraft:block.nether_bricks.break
[27Sep2026 09:11:16.265] [Render thread/WARN] [net.minecraft.client.sounds.SoundEngine/]: Missing sound for event: minecraft:block.nether_bricks.step
[27Sep2026 09:11:16.265] [Render thread/WARN] [net.minecraft.client.sounds.SoundEngine/]: Missing sound for event: minecraft:block.nether_bricks.place
[27Sep2026 09:11:16.265] [Render thread/WARN] [net.minecraft.client.sounds.SoundEngine/]: Missing sound for event: minecraft:block.nether_bricks.hit
[27Sep2026 09:11:16.265] [Render thread/WARN] [net.minecraft.client.sounds.SoundEngine/]: Missing sound for event: minecraft:block.nether_bricks.fall
[27Sep2026 09:11:16.265] [Render thread/WARN] [net.minecraft.client.sounds.SoundEngine/]: Missing sound for event: minecraft:block.nether_wart.break
[27Sep2026 09:11:16.265] [Render thread/WARN] [net.minecraft.client.sounds.SoundEngine/]: Missing sound for event: minecraft:item.nether_wart.plant
[27Sep2026 09:11:16.265] [Render thread/WARN] [net.minecraft.client.sounds.SoundEngine/]: Missing sound for event: minecraft:block.nether_wood.break
[27Sep2026 09:11:16.265] [Render thread/WARN] [net.minecraft.client.sounds.SoundEngine/]: Missing sound for event: minecraft:block.nether_wood.fall
[27Sep2026 09:11:16.265] [Render thread/WARN] [net.minecraft.client.sounds.SoundEngine/]: Missing sound for event: minecraft:block.nether_wood.hit
[27Sep2026 09:11:16.265] [Render thread/WARN] [net.minecraft.client.sounds.SoundEngine/]: Missing sound for event: minecraft:block.nether_wood.place
[27Sep2026 09:11:16.265] [Render thread/WARN] [net.minecraft.client.sounds.SoundEngine/]: Missing sound for event: minecraft:block.nether_wood.step
[27Sep2026 09:11:16.265] [Render thread/WARN] [net.minecraft.client.sounds.SoundEngine/]: Missing sound for event: minecraft:block.nether_wood_door.close
[27Sep2026 09:11:16.265] [Render thread/WARN] [net.minecraft.client.sounds.SoundEngine/]: Missing sound for event: minecraft:block.nether_wood_door.open
[27Sep2026 09:11:16.265] [Render thread/WARN] [net.minecraft.client.sounds.SoundEngine/]: Missing sound for event: minecraft:block.nether_wood_trapdoor.close
[27Sep2026 09:11:16.265] [Render thread/WARN] [net.minecraft.client.sounds.SoundEngine/]: Missing sound for event: minecraft:block.nether_wood_trapdoor.open
[27Sep2026 09:11:16.266] [Render thread/WARN] [net.minecraft.client.sounds.SoundEngine/]: Missing sound for event: minecraft:block.nether_wood_button.click_off
[27Sep2026 09:11:16.266] [Render thread/WARN] [net.minecraft.client.sounds.SoundEngine/]: Missing sound for event: minecraft:block.nether_wood_button.click_on
[27Sep2026 09:11:16.266] [Render thread/WARN] [net.minecraft.client.sounds.SoundEngine/]: Missing sound for event: minecraft:block.nether_wood_pressure_plate.click_off
[27Sep2026 09:11:16.266] [Render thread/WARN] [net.minecraft.client.sounds.SoundEngine/]: Missing sound for event: minecraft:block.nether_wood_pressure_plate.click_on
[27Sep2026 09:11:16.266] [Render thread/WARN] [net.minecraft.client.sounds.SoundEngine/]: Missing sound for event: minecraft:block.nether_wood_fence_gate.close
[27Sep2026 09:11:16.266] [Render thread/WARN] [net.minecraft.client.sounds.SoundEngine/]: Missing sound for event: minecraft:block.nether_wood_fence_gate.open
[27Sep2026 09:11:16.266] [Render thread/WARN] [net.minecraft.client.sounds.SoundEngine/]: Missing sound for event: minecraft:block.packed_mud.break
[27Sep2026 09:11:16.266] [Render thread/WARN] [net.minecraft.client.sounds.SoundEngine/]: Missing sound for event: minecraft:block.packed_mud.fall
[27Sep2026 09:11:16.266] [Render thread/WARN] [net.minecraft.client.sounds.SoundEngine/]: Missing sound for event: minecraft:block.packed_mud.hit
[27Sep2026 09:11:16.266] [Render thread/WARN] [net.minecraft.client.sounds.SoundEngine/]: Missing sound for event: minecraft:block.packed_mud.place
[27Sep2026 09:11:16.266] [Render thread/WARN] [net.minecraft.client.sounds.SoundEngine/]: Missing sound for event: minecraft:block.packed_mud.step
[27Sep2026 09:11:16.266] [Render thread/WARN] [net.minecraft.client.sounds.SoundEngine/]: Missing sound for event: minecraft:block.stem.break
[27Sep2026 09:11:16.266] [Render thread/WARN] [net.minecraft.client.sounds.SoundEngine/]: Missing sound for event: minecraft:block.stem.step
[27Sep2026 09:11:16.266] [Render thread/WARN] [net.minecraft.client.sounds.SoundEngine/]: Missing sound for event: minecraft:block.stem.place
[27Sep2026 09:11:16.266] [Render thread/WARN] [net.minecraft.client.sounds.SoundEngine/]: Missing sound for event: minecraft:block.stem.hit
[27Sep2026 09:11:16.266] [Render thread/WARN] [net.minecraft.client.sounds.SoundEngine/]: Missing sound for event: minecraft:block.stem.fall
[27Sep2026 09:11:16.266] [Render thread/WARN] [net.minecraft.client.sounds.SoundEngine/]: Missing sound for event: minecraft:block.nylium.break
[27Sep2026 09:11:16.266] [Render thread/WARN] [net.minecraft.client.sounds.SoundEngine/]: Missing sound for event: minecraft:block.nylium.step
[27Sep2026 09:11:16.266] [Render thread/WARN] [net.minecraft.client.sounds.SoundEngine/]: Missing sound for event: minecraft:block.nylium.place
[27Sep2026 09:11:16.266] [Render thread/WARN] [net.minecraft.client.sounds.SoundEngine/]: Missing sound for event: minecraft:block.nylium.hit
[27Sep2026 09:11:16.266] [Render thread/WARN] [net.minecraft.client.sounds.SoundEngine/]: Missing sound for event: minecraft:block.nylium.fall
[27Sep2026 09:11:16.266] [Render thread/WARN] [net.minecraft.client.sounds.SoundEngine/]: Missing sound for event: minecraft:block.nether_sprouts.break
[27Sep2026 09:11:16.266] [Render thread/WARN] [net.minecraft.client.sounds.SoundEngine/]: Missing sound for event: minecraft:block.nether_sprouts.step
[27Sep2026 09:11:16.266] [Render thread/WARN] [net.minecraft.client.sounds.SoundEngine/]: Missing sound for event: minecraft:block.nether_sprouts.place
[27Sep2026 09:11:16.266] [Render thread/WARN] [net.minecraft.client.sounds.SoundEngine/]: Missing sound for event: minecraft:block.nether_sprouts.hit
[27Sep2026 09:11:16.266] [Render thread/WARN] [net.minecraft.client.sounds.SoundEngine/]: Missing sound for event: minecraft:block.nether_sprouts.fall
[27Sep2026 09:11:16.266] [Render thread/WARN] [net.minecraft.client.sounds.SoundEngine/]: Missing sound for event: minecraft:block.fungus.break
[27Sep2026 09:11:16.266] [Render thread/WARN] [net.minecraft.client.sounds.SoundEngine/]: Missing sound for event: minecraft:block.fungus.step
[27Sep2026 09:11:16.266] [Render thread/WARN] [net.minecraft.client.sounds.SoundEngine/]: Missing sound for event: minecraft:block.fungus.place
[27Sep2026 09:11:16.266] [Render thread/WARN] [net.minecraft.client.sounds.SoundEngine/]: Missing sound for event: minecraft:block.fungus.hit
[27Sep2026 09:11:16.266] [Render thread/WARN] [net.minecraft.client.sounds.SoundEngine/]: Missing sound for event: minecraft:block.fungus.fall
[27Sep2026 09:11:16.266] [Render thread/WARN] [net.minecraft.client.sounds.SoundEngine/]: Missing sound for event: minecraft:block.weeping_vines.break
[27Sep2026 09:11:16.266] [Render thread/WARN] [net.minecraft.client.sounds.SoundEngine/]: Missing sound for event: minecraft:block.weeping_vines.step
[27Sep2026 09:11:16.267] [Render thread/WARN] [net.minecraft.client.sounds.SoundEngine/]: Missing sound for event: minecraft:block.weeping_vines.place
[27Sep2026 09:11:16.267] [Render thread/WARN] [net.minecraft.client.sounds.SoundEngine/]: Missing sound for event: minecraft:block.weeping_vines.hit
[27Sep2026 09:11:16.267] [Render thread/WARN] [net.minecraft.client.sounds.SoundEngine/]: Missing sound for event: minecraft:block.weeping_vines.fall
[27Sep2026 09:11:16.267] [Render thread/WARN] [net.minecraft.client.sounds.SoundEngine/]: Missing sound for event: minecraft:block.wart_block.break
[27Sep2026 09:11:16.267] [Render thread/WARN] [net.minecraft.client.sounds.SoundEngine/]: Missing sound for event: minecraft:block.wart_block.step
[27Sep2026 09:11:16.267] [Render thread/WARN] [net.minecraft.client.sounds.SoundEngine/]: Missing sound for event: minecraft:block.wart_block.place
[27Sep2026 09:11:16.267] [Render thread/WARN] [net.minecraft.client.sounds.SoundEngine/]: Missing sound for event: minecraft:block.wart_block.hit
[27Sep2026 09:11:16.267] [Render thread/WARN] [net.minecraft.client.sounds.SoundEngine/]: Missing sound for event: minecraft:block.wart_block.fall
[27Sep2026 09:11:16.267] [Render thread/WARN] [net.minecraft.client.sounds.SoundEngine/]: Missing sound for event: minecraft:block.netherite_block.break
[27Sep2026 09:11:16.267] [Render thread/WARN] [net.minecraft.client.sounds.SoundEngine/]: Missing sound for event: minecraft:block.netherite_block.step
[27Sep2026 09:11:16.267] [Render thread/WARN] [net.minecraft.client.sounds.SoundEngine/]: Missing sound for event: minecraft:block.netherite_block.place
[27Sep2026 09:11:16.267] [Render thread/WARN] [net.minecraft.client.sounds.SoundEngine/]: Missing sound for event: minecraft:block.netherite_block.hit
[27Sep2026 09:11:16.267] [Render thread/WARN] [net.minecraft.client.sounds.SoundEngine/]: Missing sound for event: minecraft:block.netherite_block.fall
[27Sep2026 09:11:16.267] [Render thread/WARN] [net.minecraft.client.sounds.SoundEngine/]: Missing sound for event: minecraft:block.netherrack.break
[27Sep2026 09:11:16.267] [Render thread/WARN] [net.minecraft.client.sounds.SoundEngine/]: Missing sound for event: minecraft:block.netherrack.step
[27Sep2026 09:11:16.267] [Render thread/WARN] [net.minecraft.client.sounds.SoundEngine/]: Missing sound for event: minecraft:block.netherrack.place
[27Sep2026 09:11:16.267] [Render thread/WARN] [net.minecraft.client.sounds.SoundEngine/]: Missing sound for event: minecraft:block.netherrack.hit
[27Sep2026 09:11:16.267] [Render thread/WARN] [net.minecraft.client.sounds.SoundEngine/]: Missing sound for event: minecraft:block.netherrack.fall
[27Sep2026 09:11:16.267] [Render thread/WARN] [net.minecraft.client.sounds.SoundEngine/]: Missing sound for event: minecraft:block.note_block.basedrum
[27Sep2026 09:11:16.267] [Render thread/WARN] [net.minecraft.client.sounds.SoundEngine/]: Missing sound for event: minecraft:block.note_block.bass
[27Sep2026 09:11:16.267] [Render thread/WARN] [net.minecraft.client.sounds.SoundEngine/]: Missing sound for event: minecraft:block.note_block.bell
[27Sep2026 09:11:16.267] [Render thread/WARN] [net.minecraft.client.sounds.SoundEngine/]: Missing sound for event: minecraft:block.note_block.chime
[27Sep2026 09:11:16.267] [Render thread/WARN] [net.minecraft.client.sounds.SoundEngine/]: Missing sound for event: minecraft:block.note_block.flute
[27Sep2026 09:11:16.267] [Render thread/WARN] [net.minecraft.client.sounds.SoundEngine/]: Missing sound for event: minecraft:block.note_block.guitar
[27Sep2026 09:11:16.267] [Render thread/WARN] [net.minecraft.client.sounds.SoundEngine/]: Missing sound for event: minecraft:block.note_block.harp
[27Sep2026 09:11:16.267] [Render thread/WARN] [net.minecraft.client.sounds.SoundEngine/]: Missing sound for event: minecraft:block.note_block.hat
[27Sep2026 09:11:16.267] [Render thread/WARN] [net.minecraft.client.sounds.SoundEngine/]: Missing sound for event: minecraft:block.note_block.pling
[27Sep2026 09:11:16.267] [Render thread/WARN] [net.minecraft.client.sounds.SoundEngine/]: Missing sound for event: minecraft:block.note_block.snare
[27Sep2026 09:11:16.267] [Render thread/WARN] [net.minecraft.client.sounds.SoundEngine/]: Missing sound for event: minecraft:block.note_block.trumpet
[27Sep2026 09:11:16.267] [Render thread/WARN] [net.minecraft.client.sounds.SoundEngine/]: Missing sound for event: minecraft:block.note_block.trumpet_exposed
[27Sep2026 09:11:16.267] [Render thread/WARN] [net.minecraft.client.sounds.SoundEngine/]: Missing sound for event: minecraft:block.note_block.trumpet_oxidized
[27Sep2026 09:11:16.267] [Render thread/WARN] [net.minecraft.client.sounds.SoundEngine/]: Missing sound for event: minecraft:block.note_block.trumpet_weathered
[27Sep2026 09:11:16.267] [Render thread/WARN] [net.minecraft.client.sounds.SoundEngine/]: Missing sound for event: minecraft:block.note_block.xylophone
[27Sep2026 09:11:16.267] [Render thread/WARN] [net.minecraft.client.sounds.SoundEngine/]: Missing sound for event: minecraft:block.note_block.iron_xylophone
[27Sep2026 09:11:16.267] [Render thread/WARN] [net.minecraft.client.sounds.SoundEngine/]: Missing sound for event: minecraft:block.note_block.cow_bell
[27Sep2026 09:11:16.268] [Render thread/WARN] [net.minecraft.client.sounds.SoundEngine/]: Missing sound for event: minecraft:block.note_block.didgeridoo
[27Sep2026 09:11:16.268] [Render thread/WARN] [net.minecraft.client.sounds.SoundEngine/]: Missing sound for event: minecraft:block.note_block.bit
[27Sep2026 09:11:16.268] [Render thread/WARN] [net.minecraft.client.sounds.SoundEngine/]: Missing sound for event: minecraft:block.note_block.banjo
[27Sep2026 09:11:16.268] [Render thread/WARN] [net.minecraft.client.sounds.SoundEngine/]: Missing sound for event: minecraft:block.note_block.imitate.zombie
[27Sep2026 09:11:16.268] [Render thread/WARN] [net.minecraft.client.sounds.SoundEngine/]: Missing sound for event: minecraft:block.note_block.imitate.skeleton
[27Sep2026 09:11:16.268] [Render thread/WARN] [net.minecraft.client.sounds.SoundEngine/]: Missing sound for event: minecraft:block.note_block.imitate.creeper
[27Sep2026 09:11:16.268] [Render thread/WARN] [net.minecraft.client.sounds.SoundEngine/]: Missing sound for event: minecraft:block.note_block.imitate.ender_dragon
[27Sep2026 09:11:16.268] [Render thread/WARN] [net.minecraft.client.sounds.SoundEngine/]: Missing sound for event: minecraft:block.note_block.imitate.wither_skeleton
[27Sep2026 09:11:16.268] [Render thread/WARN] [net.minecraft.client.sounds.SoundEngine/]: Missing sound for event: minecraft:block.note_block.imitate.piglin
[27Sep2026 09:11:16.268] [Render thread/WARN] [net.minecraft.client.sounds.SoundEngine/]: Missing sound for event: minecraft:entity.ocelot.hurt
[27Sep2026 09:11:16.268] [Render thread/WARN] [net.minecraft.client.sounds.SoundEngine/]: Missing sound for event: minecraft:entity.ocelot.ambient
[27Sep2026 09:11:16.268] [Render thread/WARN] [net.minecraft.client.sounds.SoundEngine/]: Missing sound for event: minecraft:entity.ocelot.death
[27Sep2026 09:11:16.268] [Render thread/WARN] [net.minecraft.client.sounds.SoundEngine/]: Missing sound for event: minecraft:item.ominous_bottle.dispose
[27Sep2026 09:11:16.268] [Render thread/WARN] [net.minecraft.client.sounds.SoundEngine/]: Missing sound for event: minecraft:entity.painting.break
[27Sep2026 09:11:16.268] [Render thread/WARN] [net.minecraft.client.sounds.SoundEngine/]: Missing sound for event: minecraft:entity.painting.place
[27Sep2026 09:11:16.268] [Render thread/WARN] [net.minecraft.client.sounds.SoundEngine/]: Missing sound for event: minecraft:block.pale_hanging_moss.idle
[27Sep2026 09:11:16.268] [Render thread/WARN] [net.minecraft.client.sounds.SoundEngine/]: Missing sound for event: minecraft:entity.panda.pre_sneeze
[27Sep2026 09:11:16.268] [Render thread/WARN] [net.minecraft.client.sounds.SoundEngine/]: Missing sound for event: minecraft:entity.panda.sneeze
[27Sep2026 09:11:16.268] [Render thread/WARN] [net.minecraft.client.sounds.SoundEngine/]: Missing sound for event: minecraft:entity.panda.ambient
[27Sep2026 09:11:16.268] [Render thread/WARN] [net.minecraft.client.sounds.SoundEngine/]: Missing sound for event: minecraft:entity.panda.death
[27Sep2026 09:11:16.268] [Render thread/WARN] [net.minecraft.client.sounds.SoundEngine/]: Missing sound for event: minecraft:entity.panda.eat
[27Sep2026 09:11:16.268] [Render thread/WARN] [net.minecraft.client.sounds.SoundEngine/]: Missing sound for event: minecraft:entity.panda.step
[27Sep2026 09:11:16.268] [Render thread/WARN] [net.minecraft.client.sounds.SoundEngine/]: Missing sound for event: minecraft:entity.panda.cant_breed
[27Sep2026 09:11:16.268] [Render thread/WARN] [net.minecraft.client.sounds.SoundEngine/]: Missing sound for event: minecraft:entity.panda.aggressive_ambient
[27Sep2026 09:11:16.268] [Render thread/WARN] [net.minecraft.client.sounds.SoundEngine/]: Missing sound for event: minecraft:entity.panda.worried_ambient
[27Sep2026 09:11:16.268] [Render thread/WARN] [net.minecraft.client.sounds.SoundEngine/]: Missing sound for event: minecraft:entity.panda.hurt
[27Sep2026 09:11:16.268] [Render thread/WARN] [net.minecraft.client.sounds.SoundEngine/]: Missing sound for event: minecraft:entity.panda.bite
[27Sep2026 09:11:16.268] [Render thread/WARN] [net.minecraft.client.sounds.SoundEngine/]: Missing sound for event: minecraft:entity.parched.ambient
[27Sep2026 09:11:16.268] [Render thread/WARN] [net.minecraft.client.sounds.SoundEngine/]: Missing sound for event: minecraft:entity.parched.death
[27Sep2026 09:11:16.268] [Render thread/WARN] [net.minecraft.client.sounds.SoundEngine/]: Missing sound for event: minecraft:entity.parched.hurt
[27Sep2026 09:11:16.268] [Render thread/WARN] [net.minecraft.client.sounds.SoundEngine/]: Missing sound for event: minecraft:entity.parched.step
[27Sep2026 09:11:16.268] [Render thread/WARN] [net.minecraft.client.sounds.SoundEngine/]: Missing sound for event: minecraft:entity.parrot.ambient
[27Sep2026 09:11:16.268] [Render thread/WARN] [net.minecraft.client.sounds.SoundEngine/]: Missing sound for event: minecraft:entity.parrot.death
[27Sep2026 09:11:16.268] [Render thread/WARN] [net.minecraft.client.sounds.SoundEngine/]: Missing sound for event: minecraft:entity.parrot.eat
[27Sep2026 09:11:16.269] [Render thread/WARN] [net.minecraft.client.sounds.SoundEngine/]: Missing sound for event: minecraft:entity.parrot.fly
[27Sep2026 09:11:16.269] [Render thread/WARN] [net.minecraft.client.sounds.SoundEngine/]: Missing sound for event: minecraft:entity.parrot.hurt
[27Sep2026 09:11:16.269] [Render thread/WARN] [net.minecraft.client.sounds.SoundEngine/]: Missing sound for event: minecraft:entity.parrot.imitate.blaze
[27Sep2026 09:11:16.269] [Render thread/WARN] [net.minecraft.client.sounds.SoundEngine/]: Missing sound for event: minecraft:entity.parrot.imitate.bogged
[27Sep2026 09:11:16.269] [Render thread/WARN] [net.minecraft.client.sounds.SoundEngine/]: Missing sound for event: minecraft:entity.parrot.imitate.breeze
[27Sep2026 09:11:16.269] [Render thread/WARN] [net.minecraft.client.sounds.SoundEngine/]: Missing sound for event: minecraft:entity.parrot.imitate.camel_husk
[27Sep2026 09:11:16.269] [Render thread/WARN] [net.minecraft.client.sounds.SoundEngine/]: Missing sound for event: minecraft:entity.parrot.imitate.creaking
[27Sep2026 09:11:16.269] [Render thread/WARN] [net.minecraft.client.sounds.SoundEngine/]: Missing sound for event: minecraft:entity.parrot.imitate.creeper
[27Sep2026 09:11:16.269] [Render thread/WARN] [net.minecraft.client.sounds.SoundEngine/]: Missing sound for event: minecraft:entity.parrot.imitate.drowned
[27Sep2026 09:11:16.269] [Render thread/WARN] [net.minecraft.client.sounds.SoundEngine/]: Missing sound for event: minecraft:entity.parrot.imitate.elder_guardian
[27Sep2026 09:11:16.269] [Render thread/WARN] [net.minecraft.client.sounds.SoundEngine/]: Missing sound for event: minecraft:entity.parrot.imitate.ender_dragon
[27Sep2026 09:11:16.269] [Render thread/WARN] [net.minecraft.client.sounds.SoundEngine/]: Missing sound for event: minecraft:entity.parrot.imitate.endermite
[27Sep2026 09:11:16.269] [Render thread/WARN] [net.minecraft.client.sounds.SoundEngine/]: Missing sound for event: minecraft:entity.parrot.imitate.evoker
[27Sep2026 09:11:16.269] [Render thread/WARN] [net.minecraft.client.sounds.SoundEngine/]: Missing sound for event: minecraft:entity.parrot.imitate.ghast
[27Sep2026 09:11:16.269] [Render thread/WARN] [net.minecraft.client.sounds.SoundEngine/]: Missing sound for event: minecraft:entity.parrot.imitate.guardian
[27Sep2026 09:11:16.269] [Render thread/WARN] [net.minecraft.client.sounds.SoundEngine/]: Missing sound for event: minecraft:entity.parrot.imitate.hoglin
[27Sep2026 09:11:16.269] [Render thread/WARN] [net.minecraft.client.sounds.SoundEngine/]: Missing sound for event: minecraft:entity.parrot.imitate.husk
[27Sep2026 09:11:16.269] [Render thread/WARN] [net.minecraft.client.sounds.SoundEngine/]: Missing sound for event: minecraft:entity.parrot.imitate.illusioner
[27Sep2026 09:11:16.269] [Render thread/WARN] [net.minecraft.client.sounds.SoundEngine/]: Missing sound for event: minecraft:entity.parrot.imitate.magma_cube
[27Sep2026 09:11:16.269] [Render thread/WARN] [net.minecraft.client.sounds.SoundEngine/]: Missing sound for event: minecraft:entity.parrot.imitate.phantom
[27Sep2026 09:11:16.269] [Render thread/WARN] [net.minecraft.client.sounds.SoundEngine/]: Missing sound for event: minecraft:entity.parrot.imitate.parched
[27Sep2026 09:11:16.269] [Render thread/WARN] [net.minecraft.client.sounds.SoundEngine/]: Missing sound for event: minecraft:entity.parrot.imitate.piglin
[27Sep2026 09:11:16.269] [Render thread/WARN] [net.minecraft.client.sounds.SoundEngine/]: Missing sound for event: minecraft:entity.parrot.imitate.piglin_brute
[27Sep2026 09:11:16.269] [Render thread/WARN] [net.minecraft.client.sounds.SoundEngine/]: Missing sound for event: minecraft:entity.parrot.imitate.pillager
[27Sep2026 09:11:16.269] [Render thread/WARN] [net.minecraft.client.sounds.SoundEngine/]: Missing sound for event: minecraft:entity.parrot.imitate.ravager
[27Sep2026 09:11:16.269] [Render thread/WARN] [net.minecraft.client.sounds.SoundEngine/]: Missing sound for event: minecraft:entity.parrot.imitate.shulker
[27Sep2026 09:11:16.269] [Render thread/WARN] [net.minecraft.client.sounds.SoundEngine/]: Missing sound for event: minecraft:entity.parrot.imitate.silverfish
[27Sep2026 09:11:16.269] [Render thread/WARN] [net.minecraft.client.sounds.SoundEngine/]: Missing sound for event: minecraft:entity.parrot.imitate.skeleton
[27Sep2026 09:11:16.269] [Render thread/WARN] [net.minecraft.client.sounds.SoundEngine/]: Missing sound for event: minecraft:entity.parrot.imitate.slime
[27Sep2026 09:11:16.270] [Render thread/WARN] [net.minecraft.client.sounds.SoundEngine/]: Missing sound for event: minecraft:entity.parrot.imitate.spider
[27Sep2026 09:11:16.270] [Render thread/WARN] [net.minecraft.client.sounds.SoundEngine/]: Missing sound for event: minecraft:entity.parrot.imitate.stray
[27Sep2026 09:11:16.270] [Render thread/WARN] [net.minecraft.client.sounds.SoundEngine/]: Missing sound for event: minecraft:entity.parrot.imitate.vex
[27Sep2026 09:11:16.270] [Render thread/WARN] [net.minecraft.client.sounds.SoundEngine/]: Missing sound for event: minecraft:entity.parrot.imitate.vindicator
[27Sep2026 09:11:16.270] [Render thread/WARN] [net.minecraft.client.sounds.SoundEngine/]: Missing sound for event: minecraft:entity.parrot.imitate.warden
[27Sep2026 09:11:16.270] [Render thread/WARN] [net.minecraft.client.sounds.SoundEngine/]: Missing sound for event: minecraft:entity.parrot.imitate.witch
[27Sep2026 09:11:16.270] [Render thread/WARN] [net.minecraft.client.sounds.SoundEngine/]: Missing sound for event: minecraft:entity.parrot.imitate.wither
[27Sep2026 09:11:16.270] [Render thread/WARN] [net.minecraft.client.sounds.SoundEngine/]: Missing sound for event: minecraft:entity.parrot.imitate.wither_skeleton
[27Sep2026 09:11:16.270] [Render thread/WARN] [net.minecraft.client.sounds.SoundEngine/]: Missing sound for event: minecraft:entity.parrot.imitate.zoglin
[27Sep2026 09:11:16.270] [Render thread/WARN] [net.minecraft.client.sounds.SoundEngine/]: Missing sound for event: minecraft:entity.parrot.imitate.zombie
[27Sep2026 09:11:16.270] [Render thread/WARN] [net.minecraft.client.sounds.SoundEngine/]: Missing sound for event: minecraft:entity.parrot.imitate.zombie_horse
[27Sep2026 09:11:16.270] [Render thread/WARN] [net.minecraft.client.sounds.SoundEngine/]: Missing sound for event: minecraft:entity.parrot.imitate.zombie_nautilus
[27Sep2026 09:11:16.270] [Render thread/WARN] [net.minecraft.client.sounds.SoundEngine/]: Missing sound for event: minecraft:entity.parrot.imitate.zombie_villager
[27Sep2026 09:11:16.270] [Render thread/WARN] [net.minecraft.client.sounds.SoundEngine/]: Missing sound for event: minecraft:entity.parrot.step
[27Sep2026 09:11:16.270] [Render thread/WARN] [net.minecraft.client.sounds.SoundEngine/]: Missing sound for event: minecraft:entity.phantom.ambient
[27Sep2026 09:11:16.270] [Render thread/WARN] [net.minecraft.client.sounds.SoundEngine/]: Missing sound for event: minecraft:entity.phantom.bite
[27Sep2026 09:11:16.270] [Render thread/WARN] [net.minecraft.client.sounds.SoundEngine/]: Missing sound for event: minecraft:entity.phantom.death
[27Sep2026 09:11:16.270] [Render thread/WARN] [net.minecraft.client.sounds.SoundEngine/]: Missing sound for event: minecraft:entity.phantom.flap
[27Sep2026 09:11:16.270] [Render thread/WARN] [net.minecraft.client.sounds.SoundEngine/]: Missing sound for event: minecraft:entity.phantom.hurt
[27Sep2026 09:11:16.270] [Render thread/WARN] [net.minecraft.client.sounds.SoundEngine/]: Missing sound for event: minecraft:entity.phantom.swoop
[27Sep2026 09:11:16.270] [Render thread/WARN] [net.minecraft.client.sounds.SoundEngine/]: Missing sound for event: minecraft:entity.pig.saddle
[27Sep2026 09:11:16.270] [Render thread/WARN] [net.minecraft.client.sounds.SoundEngine/]: Missing sound for event: minecraft:entity.pig.step
[27Sep2026 09:11:16.270] [Render thread/WARN] [net.minecraft.client.sounds.SoundEngine/]: Missing sound for event: minecraft:entity.baby_pig.step
[27Sep2026 09:11:16.270] [Render thread/WARN] [net.minecraft.client.sounds.SoundEngine/]: Missing sound for event: minecraft:entity.baby_pig.ambient
[27Sep2026 09:11:16.270] [Render thread/WARN] [net.minecraft.client.sounds.SoundEngine/]: Missing sound for event: minecraft:entity.baby_pig.eat
[27Sep2026 09:11:16.270] [Render thread/WARN] [net.minecraft.client.sounds.SoundEngine/]: Missing sound for event: minecraft:entity.baby_pig.hurt
[27Sep2026 09:11:16.270] [Render thread/WARN] [net.minecraft.client.sounds.SoundEngine/]: Missing sound for event: minecraft:entity.baby_pig.death
[27Sep2026 09:11:16.270] [Render thread/WARN] [net.minecraft.client.sounds.SoundEngine/]: Missing sound for event: minecraft:entity.pig.ambient
[27Sep2026 09:11:16.270] [Render thread/WARN] [net.minecraft.client.sounds.SoundEngine/]: Missing sound for event: minecraft:entity.pig.hurt
[27Sep2026 09:11:16.270] [Render thread/WARN] [net.minecraft.client.sounds.SoundEngine/]: Missing sound for event: minecraft:entity.pig.death
[27Sep2026 09:11:16.271] [Render thread/WARN] [net.minecraft.client.sounds.SoundEngine/]: Missing sound for event: minecraft:entity.pig.eat
[27Sep2026 09:11:16.271] [Render thread/WARN] [net.minecraft.client.sounds.SoundEngine/]: Missing sound for event: minecraft:entity.pig_mini.ambient
[27Sep2026 09:11:16.271] [Render thread/WARN] [net.minecraft.client.sounds.SoundEngine/]: Missing sound for event: minecraft:entity.pig_mini.hurt
[27Sep2026 09:11:16.271] [Render thread/WARN] [net.minecraft.client.sounds.SoundEngine/]: Missing sound for event: minecraft:entity.pig_mini.death
[27Sep2026 09:11:16.271] [Render thread/WARN] [net.minecraft.client.sounds.SoundEngine/]: Missing sound for event: minecraft:entity.pig_mini.eat
[27Sep2026 09:11:16.271] [Render thread/WARN] [net.minecraft.client.sounds.SoundEngine/]: Missing sound for event: minecraft:entity.pig_big.ambient
[27Sep2026 09:11:16.271] [Render thread/WARN] [net.minecraft.client.sounds.SoundEngine/]: Missing sound for event: minecraft:entity.pig_big.hurt
[27Sep2026 09:11:16.271] [Render thread/WARN] [net.minecraft.client.sounds.SoundEngine/]: Missing sound for event: minecraft:entity.pig_big.death
[27Sep2026 09:11:16.271] [Render thread/WARN] [net.minecraft.client.sounds.SoundEngine/]: Missing sound for event: minecraft:entity.pig_big.eat
[27Sep2026 09:11:16.271] [Render thread/WARN] [net.minecraft.client.sounds.SoundEngine/]: Missing sound for event: minecraft:entity.piglin.admiring_item
[27Sep2026 09:11:16.271] [Render thread/WARN] [net.minecraft.client.sounds.SoundEngine/]: Missing sound for event: minecraft:entity.piglin.ambient
[27Sep2026 09:11:16.271] [Render thread/WARN] [net.minecraft.client.sounds.SoundEngine/]: Missing sound for event: minecraft:entity.piglin.angry
[27Sep2026 09:11:16.271] [Render thread/WARN] [net.minecraft.client.sounds.SoundEngine/]: Missing sound for event: minecraft:entity.piglin.celebrate
[27Sep2026 09:11:16.271] [Render thread/WARN] [net.minecraft.client.sounds.SoundEngine/]: Missing sound for event: minecraft:entity.piglin.death
[27Sep2026 09:11:16.271] [Render thread/WARN] [net.minecraft.client.sounds.SoundEngine/]: Missing sound for event: minecraft:entity.piglin.jealous
[27Sep2026 09:11:16.271] [Render thread/WARN] [net.minecraft.client.sounds.SoundEngine/]: Missing sound for event: minecraft:entity.piglin.hurt
[27Sep2026 09:11:16.271] [Render thread/WARN] [net.minecraft.client.sounds.SoundEngine/]: Missing sound for event: minecraft:entity.piglin.retreat
[27Sep2026 09:11:16.271] [Render thread/WARN] [net.minecraft.client.sounds.SoundEngine/]: Missing sound for event: minecraft:entity.piglin.step
[27Sep2026 09:11:16.271] [Render thread/WARN] [net.minecraft.client.sounds.SoundEngine/]: Missing sound for event: minecraft:entity.piglin.converted_to_zombified
[27Sep2026 09:11:16.271] [Render thread/WARN] [net.minecraft.client.sounds.SoundEngine/]: Missing sound for event: minecraft:entity.piglin_brute.ambient
[27Sep2026 09:11:16.271] [Render thread/WARN] [net.minecraft.client.sounds.SoundEngine/]: Missing sound for event: minecraft:entity.piglin_brute.angry
[27Sep2026 09:11:16.271] [Render thread/WARN] [net.minecraft.client.sounds.SoundEngine/]: Missing sound for event: minecraft:entity.piglin_brute.death
[27Sep2026 09:11:16.271] [Render thread/WARN] [net.minecraft.client.sounds.SoundEngine/]: Missing sound for event: minecraft:entity.piglin_brute.hurt
[27Sep2026 09:11:16.271] [Render thread/WARN] [net.minecraft.client.sounds.SoundEngine/]: Missing sound for event: minecraft:entity.piglin_brute.step
[27Sep2026 09:11:16.271] [Render thread/WARN] [net.minecraft.client.sounds.SoundEngine/]: Missing sound for event: minecraft:entity.piglin_brute.converted_to_zombified
[27Sep2026 09:11:16.271] [Render thread/WARN] [net.minecraft.client.sounds.SoundEngine/]: Missing sound for event: minecraft:entity.pillager.ambient
[27Sep2026 09:11:16.271] [Render thread/WARN] [net.minecraft.client.sounds.SoundEngine/]: Missing sound for event: minecraft:entity.pillager.celebrate
[27Sep2026 09:11:16.271] [Render thread/WARN] [net.minecraft.client.sounds.SoundEngine/]: Missing sound for event: minecraft:entity.pillager.death
[27Sep2026 09:11:16.271] [Render thread/WARN] [net.minecraft.client.sounds.SoundEngine/]: Missing sound for event: minecraft:entity.pillager.hurt
[27Sep2026 09:11:16.271] [Render thread/WARN] [net.minecraft.client.sounds.SoundEngine/]: Missing sound for event: minecraft:block.piston.contract
[27Sep2026 09:11:16.271] [Render thread/WARN] [net.minecraft.client.sounds.SoundEngine/]: Missing sound for event: minecraft:block.piston.extend
[27Sep2026 09:11:16.271] [Render thread/WARN] [net.minecraft.client.sounds.SoundEngine/]: Missing sound for event: minecraft:entity.player.attack.crit
[27Sep2026 09:11:16.272] [Render thread/WARN] [net.minecraft.client.sounds.SoundEngine/]: Missing sound for event: minecraft:entity.player.attack.knockback
[27Sep2026 09:11:16.272] [Render thread/WARN] [net.minecraft.client.sounds.SoundEngine/]: Missing sound for event: minecraft:entity.player.attack.nodamage
[27Sep2026 09:11:16.272] [Render thread/WARN] [net.minecraft.client.sounds.SoundEngine/]: Missing sound for event: minecraft:entity.player.attack.strong
[27Sep2026 09:11:16.272] [Render thread/WARN] [net.minecraft.client.sounds.SoundEngine/]: Missing sound for event: minecraft:entity.player.attack.sweep
[27Sep2026 09:11:16.272] [Render thread/WARN] [net.minecraft.client.sounds.SoundEngine/]: Missing sound for event: minecraft:entity.player.attack.weak
[27Sep2026 09:11:16.272] [Render thread/WARN] [net.minecraft.client.sounds.SoundEngine/]: Missing sound for event: minecraft:entity.player.big_fall
[27Sep2026 09:11:16.272] [Render thread/WARN] [net.minecraft.client.sounds.SoundEngine/]: Missing sound for event: minecraft:entity.player.breath
[27Sep2026 09:11:16.272] [Render thread/WARN] [net.minecraft.client.sounds.SoundEngine/]: Missing sound for event: minecraft:entity.player.burp
[27Sep2026 09:11:16.272] [Render thread/WARN] [net.minecraft.client.sounds.SoundEngine/]: Missing sound for event: minecraft:entity.player.death
[27Sep2026 09:11:16.272] [Render thread/WARN] [net.minecraft.client.sounds.SoundEngine/]: Missing sound for event: minecraft:entity.player.hurt
[27Sep2026 09:11:16.272] [Render thread/WARN] [net.minecraft.client.sounds.SoundEngine/]: Missing sound for event: minecraft:entity.player.hurt_drown
[27Sep2026 09:11:16.272] [Render thread/WARN] [net.minecraft.client.sounds.SoundEngine/]: Missing sound for event: minecraft:entity.player.hurt_freeze
[27Sep2026 09:11:16.272] [Render thread/WARN] [net.minecraft.client.sounds.SoundEngine/]: Missing sound for event: minecraft:entity.player.hurt_on_fire
[27Sep2026 09:11:16.272] [Render thread/WARN] [net.minecraft.client.sounds.SoundEngine/]: Missing sound for event: minecraft:entity.player.hurt_sweet_berry_bush
[27Sep2026 09:11:16.272] [Render thread/WARN] [net.minecraft.client.sounds.SoundEngine/]: Missing sound for event: minecraft:entity.player.levelup
[27Sep2026 09:11:16.272] [Render thread/WARN] [net.minecraft.client.sounds.SoundEngine/]: Missing sound for event: minecraft:entity.player.small_fall
[27Sep2026 09:11:16.272] [Render thread/WARN] [net.minecraft.client.sounds.SoundEngine/]: Missing sound for event: minecraft:entity.player.splash
[27Sep2026 09:11:16.272] [Render thread/WARN] [net.minecraft.client.sounds.SoundEngine/]: Missing sound for event: minecraft:entity.player.splash.high_speed
[27Sep2026 09:11:16.272] [Render thread/WARN] [net.minecraft.client.sounds.SoundEngine/]: Missing sound for event: minecraft:entity.player.swim
[27Sep2026 09:11:16.272] [Render thread/WARN] [net.minecraft.client.sounds.SoundEngine/]: Missing sound for event: minecraft:entity.player.teleport
[27Sep2026 09:11:16.272] [Render thread/WARN] [net.minecraft.client.sounds.SoundEngine/]: Missing sound for event: minecraft:entity.polar_bear.ambient
[27Sep2026 09:11:16.272] [Render thread/WARN] [net.minecraft.client.sounds.SoundEngine/]: Missing sound for event: minecraft:entity.polar_bear.ambient_baby
[27Sep2026 09:11:16.272] [Render thread/WARN] [net.minecraft.client.sounds.SoundEngine/]: Missing sound for event: minecraft:entity.polar_bear.death
[27Sep2026 09:11:16.272] [Render thread/WARN] [net.minecraft.client.sounds.SoundEngine/]: Missing sound for event: minecraft:entity.polar_bear.hurt
[27Sep2026 09:11:16.272] [Render thread/WARN] [net.minecraft.client.sounds.SoundEngine/]: Missing sound for event: minecraft:entity.polar_bear.step
[27Sep2026 09:11:16.272] [Render thread/WARN] [net.minecraft.client.sounds.SoundEngine/]: Missing sound for event: minecraft:entity.polar_bear.warning
[27Sep2026 09:11:16.272] [Render thread/WARN] [net.minecraft.client.sounds.SoundEngine/]: Missing sound for event: minecraft:block.polished_deepslate.break
[27Sep2026 09:11:16.272] [Render thread/WARN] [net.minecraft.client.sounds.SoundEngine/]: Missing sound for event: minecraft:block.polished_deepslate.fall
[27Sep2026 09:11:16.272] [Render thread/WARN] [net.minecraft.client.sounds.SoundEngine/]: Missing sound for event: minecraft:block.polished_deepslate.hit
[27Sep2026 09:11:16.273] [Render thread/WARN] [net.minecraft.client.sounds.SoundEngine/]: Missing sound for event: minecraft:block.polished_deepslate.place
[27Sep2026 09:11:16.273] [Render thread/WARN] [net.minecraft.client.sounds.SoundEngine/]: Missing sound for event: minecraft:block.polished_deepslate.step
[27Sep2026 09:11:16.273] [Render thread/WARN] [net.minecraft.client.sounds.SoundEngine/]: Missing sound for event: minecraft:block.portal.ambient
[27Sep2026 09:11:16.273] [Render thread/WARN] [net.minecraft.client.sounds.SoundEngine/]: Missing sound for event: minecraft:block.portal.travel
[27Sep2026 09:11:16.273] [Render thread/WARN] [net.minecraft.client.sounds.SoundEngine/]: Missing sound for event: minecraft:block.portal.trigger
[27Sep2026 09:11:16.273] [Render thread/WARN] [net.minecraft.client.sounds.SoundEngine/]: Missing sound for event: minecraft:block.powder_snow.break
[27Sep2026 09:11:16.273] [Render thread/WARN] [net.minecraft.client.sounds.SoundEngine/]: Missing sound for event: minecraft:block.powder_snow.fall
[27Sep2026 09:11:16.273] [Render thread/WARN] [net.minecraft.client.sounds.SoundEngine/]: Missing sound for event: minecraft:block.powder_snow.hit
[27Sep2026 09:11:16.273] [Render thread/WARN] [net.minecraft.client.sounds.SoundEngine/]: Missing sound for event: minecraft:block.powder_snow.place
[27Sep2026 09:11:16.273] [Render thread/WARN] [net.minecraft.client.sounds.SoundEngine/]: Missing sound for event: minecraft:block.powder_snow.step
[27Sep2026 09:11:16.273] [Render thread/WARN] [net.minecraft.client.sounds.SoundEngine/]: Missing sound for event: minecraft:entity.puffer_fish.blow_out
[27Sep2026 09:11:16.273] [Render thread/WARN] [net.minecraft.client.sounds.SoundEngine/]: Missing sound for event: minecraft:entity.puffer_fish.blow_up
[27Sep2026 09:11:16.273] [Render thread/WARN] [net.minecraft.client.sounds.SoundEngine/]: Missing sound for event: minecraft:entity.puffer_fish.death
[27Sep2026 09:11:16.273] [Render thread/WARN] [net.minecraft.client.sounds.SoundEngine/]: Missing sound for event: minecraft:entity.puffer_fish.flop
[27Sep2026 09:11:16.273] [Render thread/WARN] [net.minecraft.client.sounds.SoundEngine/]: Missing sound for event: minecraft:entity.puffer_fish.hurt
[27Sep2026 09:11:16.273] [Render thread/WARN] [net.minecraft.client.sounds.SoundEngine/]: Missing sound for event: minecraft:entity.puffer_fish.sting
[27Sep2026 09:11:16.273] [Render thread/WARN] [net.minecraft.client.sounds.SoundEngine/]: Missing sound for event: minecraft:block.pumpkin.carve
[27Sep2026 09:11:16.273] [Render thread/WARN] [net.minecraft.client.sounds.SoundEngine/]: Missing sound for event: minecraft:entity.rabbit.ambient
[27Sep2026 09:11:16.273] [Render thread/WARN] [net.minecraft.client.sounds.SoundEngine/]: Missing sound for event: minecraft:entity.rabbit.attack
[27Sep2026 09:11:16.273] [Render thread/WARN] [net.minecraft.client.sounds.SoundEngine/]: Missing sound for event: minecraft:entity.rabbit.death
[27Sep2026 09:11:16.273] [Render thread/WARN] [net.minecraft.client.sounds.SoundEngine/]: Missing sound for event: minecraft:entity.rabbit.hurt
[27Sep2026 09:11:16.273] [Render thread/WARN] [net.minecraft.client.sounds.SoundEngine/]: Missing sound for event: minecraft:entity.rabbit.jump
[27Sep2026 09:11:16.273] [Render thread/WARN] [net.minecraft.client.sounds.SoundEngine/]: Missing sound for event: minecraft:event.raid.horn
[27Sep2026 09:11:16.273] [Render thread/WARN] [net.minecraft.client.sounds.SoundEngine/]: Missing sound for event: minecraft:entity.ravager.ambient
[27Sep2026 09:11:16.273] [Render thread/WARN] [net.minecraft.client.sounds.SoundEngine/]: Missing sound for event: minecraft:entity.ravager.attack
[27Sep2026 09:11:16.273] [Render thread/WARN] [net.minecraft.client.sounds.SoundEngine/]: Missing sound for event: minecraft:entity.ravager.celebrate
[27Sep2026 09:11:16.273] [Render thread/WARN] [net.minecraft.client.sounds.SoundEngine/]: Missing sound for event: minecraft:entity.ravager.death
[27Sep2026 09:11:16.273] [Render thread/WARN] [net.minecraft.client.sounds.SoundEngine/]: Missing sound for event: minecraft:entity.ravager.hurt
[27Sep2026 09:11:16.273] [Render thread/WARN] [net.minecraft.client.sounds.SoundEngine/]: Missing sound for event: minecraft:entity.ravager.step
[27Sep2026 09:11:16.273] [Render thread/WARN] [net.minecraft.client.sounds.SoundEngine/]: Missing sound for event: minecraft:entity.ravager.stunned
[27Sep2026 09:11:16.273] [Render thread/WARN] [net.minecraft.client.sounds.SoundEngine/]: Missing sound for event: minecraft:entity.ravager.roar
[27Sep2026 09:11:16.273] [Render thread/WARN] [net.minecraft.client.sounds.SoundEngine/]: Missing sound for event: minecraft:block.nether_gold_ore.break
[27Sep2026 09:11:16.273] [Render thread/WARN] [net.minecraft.client.sounds.SoundEngine/]: Missing sound for event: minecraft:block.nether_gold_ore.fall
[27Sep2026 09:11:16.273] [Render thread/WARN] [net.minecraft.client.sounds.SoundEngine/]: Missing sound for event: minecraft:block.nether_gold_ore.hit
[27Sep2026 09:11:16.274] [Render thread/WARN] [net.minecraft.client.sounds.SoundEngine/]: Missing sound for event: minecraft:block.nether_gold_ore.place
[27Sep2026 09:11:16.274] [Render thread/WARN] [net.minecraft.client.sounds.SoundEngine/]: Missing sound for event: minecraft:block.nether_gold_ore.step
[27Sep2026 09:11:16.274] [Render thread/WARN] [net.minecraft.client.sounds.SoundEngine/]: Missing sound for event: minecraft:block.nether_ore.break
[27Sep2026 09:11:16.274] [Render thread/WARN] [net.minecraft.client.sounds.SoundEngine/]: Missing sound for event: minecraft:block.nether_ore.fall
[27Sep2026 09:11:16.274] [Render thread/WARN] [net.minecraft.client.sounds.SoundEngine/]: Missing sound for event: minecraft:block.nether_ore.hit
[27Sep2026 09:11:16.274] [Render thread/WARN] [net.minecraft.client.sounds.SoundEngine/]: Missing sound for event: minecraft:block.nether_ore.place
[27Sep2026 09:11:16.274] [Render thread/WARN] [net.minecraft.client.sounds.SoundEngine/]: Missing sound for event: minecraft:block.nether_ore.step
[27Sep2026 09:11:16.274] [Render thread/WARN] [net.minecraft.client.sounds.SoundEngine/]: Missing sound for event: minecraft:block.redstone_torch.burnout
[27Sep2026 09:11:16.274] [Render thread/WARN] [net.minecraft.client.sounds.SoundEngine/]: Missing sound for event: minecraft:block.resin.break
[27Sep2026 09:11:16.274] [Render thread/WARN] [net.minecraft.client.sounds.SoundEngine/]: Missing sound for event: minecraft:block.resin.fall
[27Sep2026 09:11:16.274] [Render thread/WARN] [net.minecraft.client.sounds.SoundEngine/]: Missing sound for event: minecraft:block.resin.place
[27Sep2026 09:11:16.274] [Render thread/WARN] [net.minecraft.client.sounds.SoundEngine/]: Missing sound for event: minecraft:block.resin.step
[27Sep2026 09:11:16.274] [Render thread/WARN] [net.minecraft.client.sounds.SoundEngine/]: Missing sound for event: minecraft:block.resin_bricks.break
[27Sep2026 09:11:16.274] [Render thread/WARN] [net.minecraft.client.sounds.SoundEngine/]: Missing sound for event: minecraft:block.resin_bricks.fall
[27Sep2026 09:11:16.274] [Render thread/WARN] [net.minecraft.client.sounds.SoundEngine/]: Missing sound for event: minecraft:block.resin_bricks.hit
[27Sep2026 09:11:16.274] [Render thread/WARN] [net.minecraft.client.sounds.SoundEngine/]: Missing sound for event: minecraft:block.resin_bricks.place
[27Sep2026 09:11:16.274] [Render thread/WARN] [net.minecraft.client.sounds.SoundEngine/]: Missing sound for event: minecraft:block.resin_bricks.step
[27Sep2026 09:11:16.274] [Render thread/WARN] [net.minecraft.client.sounds.SoundEngine/]: Missing sound for event: minecraft:block.respawn_anchor.ambient
[27Sep2026 09:11:16.274] [Render thread/WARN] [net.minecraft.client.sounds.SoundEngine/]: Missing sound for event: minecraft:block.respawn_anchor.charge
[27Sep2026 09:11:16.274] [Render thread/WARN] [net.minecraft.client.sounds.SoundEngine/]: Missing sound for event: minecraft:block.respawn_anchor.deplete
[27Sep2026 09:11:16.274] [Render thread/WARN] [net.minecraft.client.sounds.SoundEngine/]: Missing sound for event: minecraft:block.respawn_anchor.set_spawn
[27Sep2026 09:11:16.274] [Render thread/WARN] [net.minecraft.client.sounds.SoundEngine/]: Missing sound for event: minecraft:block.rooted_dirt.break
[27Sep2026 09:11:16.274] [Render thread/WARN] [net.minecraft.client.sounds.SoundEngine/]: Missing sound for event: minecraft:block.rooted_dirt.fall
[27Sep2026 09:11:16.274] [Render thread/WARN] [net.minecraft.client.sounds.SoundEngine/]: Missing sound for event: minecraft:block.rooted_dirt.hit
[27Sep2026 09:11:16.274] [Render thread/WARN] [net.minecraft.client.sounds.SoundEngine/]: Missing sound for event: minecraft:block.rooted_dirt.place
[27Sep2026 09:11:16.274] [Render thread/WARN] [net.minecraft.client.sounds.SoundEngine/]: Missing sound for event: minecraft:block.rooted_dirt.step
[27Sep2026 09:11:16.274] [Render thread/WARN] [net.minecraft.client.sounds.SoundEngine/]: Missing sound for event: minecraft:entity.salmon.ambient
[27Sep2026 09:11:16.274] [Render thread/WARN] [net.minecraft.client.sounds.SoundEngine/]: Missing sound for event: minecraft:entity.salmon.death
[27Sep2026 09:11:16.274] [Render thread/WARN] [net.minecraft.client.sounds.SoundEngine/]: Missing sound for event: minecraft:entity.salmon.flop
[27Sep2026 09:11:16.274] [Render thread/WARN] [net.minecraft.client.sounds.SoundEngine/]: Missing sound for event: minecraft:entity.salmon.hurt
[27Sep2026 09:11:16.274] [Render thread/WARN] [net.minecraft.client.sounds.SoundEngine/]: Missing sound for event: minecraft:block.sand.break
[27Sep2026 09:11:16.274] [Render thread/WARN] [net.minecraft.client.sounds.SoundEngine/]: Missing sound for event: minecraft:block.sand.fall
[27Sep2026 09:11:16.274] [Render thread/WARN] [net.minecraft.client.sounds.SoundEngine/]: Missing sound for event: minecraft:block.sand.hit
[27Sep2026 09:11:16.274] [Render thread/WARN] [net.minecraft.client.sounds.SoundEngine/]: Missing sound for event: minecraft:block.sand.place
[27Sep2026 09:11:16.274] [Render thread/WARN] [net.minecraft.client.sounds.SoundEngine/]: Missing sound for event: minecraft:block.sand.step
[27Sep2026 09:11:16.274] [Render thread/WARN] [net.minecraft.client.sounds.SoundEngine/]: Missing sound for event: minecraft:block.sand.idle
[27Sep2026 09:11:16.274] [Render thread/WARN] [net.minecraft.client.sounds.SoundEngine/]: Missing sound for event: minecraft:block.scaffolding.break
[27Sep2026 09:11:16.274] [Render thread/WARN] [net.minecraft.client.sounds.SoundEngine/]: Missing sound for event: minecraft:block.scaffolding.fall
[27Sep2026 09:11:16.274] [Render thread/WARN] [net.minecraft.client.sounds.SoundEngine/]: Missing sound for event: minecraft:block.scaffolding.hit
[27Sep2026 09:11:16.275] [Render thread/WARN] [net.minecraft.client.sounds.SoundEngine/]: Missing sound for event: minecraft:block.scaffolding.place
[27Sep2026 09:11:16.275] [Render thread/WARN] [net.minecraft.client.sounds.SoundEngine/]: Missing sound for event: minecraft:block.scaffolding.step
[27Sep2026 09:11:16.275] [Render thread/WARN] [net.minecraft.client.sounds.SoundEngine/]: Missing sound for event: minecraft:block.sculk.spread
[27Sep2026 09:11:16.275] [Render thread/WARN] [net.minecraft.client.sounds.SoundEngine/]: Missing sound for event: minecraft:block.sculk.charge
[27Sep2026 09:11:16.275] [Render thread/WARN] [net.minecraft.client.sounds.SoundEngine/]: Missing sound for event: minecraft:block.sculk.break
[27Sep2026 09:11:16.275] [Render thread/WARN] [net.minecraft.client.sounds.SoundEngine/]: Missing sound for event: minecraft:block.sculk.fall
[27Sep2026 09:11:16.275] [Render thread/WARN] [net.minecraft.client.sounds.SoundEngine/]: Missing sound for event: minecraft:block.sculk.hit
[27Sep2026 09:11:16.275] [Render thread/WARN] [net.minecraft.client.sounds.SoundEngine/]: Missing sound for event: minecraft:block.sculk.place
[27Sep2026 09:11:16.275] [Render thread/WARN] [net.minecraft.client.sounds.SoundEngine/]: Missing sound for event: minecraft:block.sculk.step
[27Sep2026 09:11:16.275] [Render thread/WARN] [net.minecraft.client.sounds.SoundEngine/]: Missing sound for event: minecraft:block.sculk_catalyst.bloom
[27Sep2026 09:11:16.275] [Render thread/WARN] [net.minecraft.client.sounds.SoundEngine/]: Missing sound for event: minecraft:block.sculk_catalyst.break
[27Sep2026 09:11:16.275] [Render thread/WARN] [net.minecraft.client.sounds.SoundEngine/]: Missing sound for event: minecraft:block.sculk_catalyst.fall
[27Sep2026 09:11:16.275] [Render thread/WARN] [net.minecraft.client.sounds.SoundEngine/]: Missing sound for event: minecraft:block.sculk_catalyst.hit
[27Sep2026 09:11:16.275] [Render thread/WARN] [net.minecraft.client.sounds.SoundEngine/]: Missing sound for event: minecraft:block.sculk_catalyst.place
[27Sep2026 09:11:16.275] [Render thread/WARN] [net.minecraft.client.sounds.SoundEngine/]: Missing sound for event: minecraft:block.sculk_catalyst.step
[27Sep2026 09:11:16.275] [Render thread/WARN] [net.minecraft.client.sounds.SoundEngine/]: Missing sound for event: minecraft:block.sculk_sensor.clicking
[27Sep2026 09:11:16.275] [Render thread/WARN] [net.minecraft.client.sounds.SoundEngine/]: Missing sound for event: minecraft:block.sculk_sensor.clicking_stop
[27Sep2026 09:11:16.275] [Render thread/WARN] [net.minecraft.client.sounds.SoundEngine/]: Missing sound for event: minecraft:block.sculk_sensor.break
[27Sep2026 09:11:16.275] [Render thread/WARN] [net.minecraft.client.sounds.SoundEngine/]: Missing sound for event: minecraft:block.sculk_sensor.fall
[27Sep2026 09:11:16.275] [Render thread/WARN] [net.minecraft.client.sounds.SoundEngine/]: Missing sound for event: minecraft:block.sculk_sensor.hit
[27Sep2026 09:11:16.275] [Render thread/WARN] [net.minecraft.client.sounds.SoundEngine/]: Missing sound for event: minecraft:block.sculk_sensor.place
[27Sep2026 09:11:16.275] [Render thread/WARN] [net.minecraft.client.sounds.SoundEngine/]: Missing sound for event: minecraft:block.sculk_sensor.step
[27Sep2026 09:11:16.275] [Render thread/WARN] [net.minecraft.client.sounds.SoundEngine/]: Missing sound for event: minecraft:block.sculk_shrieker.break
[27Sep2026 09:11:16.275] [Render thread/WARN] [net.minecraft.client.sounds.SoundEngine/]: Missing sound for event: minecraft:block.sculk_shrieker.fall
[27Sep2026 09:11:16.275] [Render thread/WARN] [net.minecraft.client.sounds.SoundEngine/]: Missing sound for event: minecraft:block.sculk_shrieker.hit
[27Sep2026 09:11:16.275] [Render thread/WARN] [net.minecraft.client.sounds.SoundEngine/]: Missing sound for event: minecraft:block.sculk_shrieker.place
[27Sep2026 09:11:16.275] [Render thread/WARN] [net.minecraft.client.sounds.SoundEngine/]: Missing sound for event: minecraft:block.sculk_shrieker.shriek
[27Sep2026 09:11:16.275] [Render thread/WARN] [net.minecraft.client.sounds.SoundEngine/]: Missing sound for event: minecraft:block.sculk_shrieker.step
[27Sep2026 09:11:16.275] [Render thread/WARN] [net.minecraft.client.sounds.SoundEngine/]: Missing sound for event: minecraft:block.sculk_vein.break
[27Sep2026 09:11:16.275] [Render thread/WARN] [net.minecraft.client.sounds.SoundEngine/]: Missing sound for event: minecraft:block.sculk_vein.fall
[27Sep2026 09:11:16.275] [Render thread/WARN] [net.minecraft.client.sounds.SoundEngine/]: Missing sound for event: minecraft:block.sculk_vein.hit
[27Sep2026 09:11:16.275] [Render thread/WARN] [net.minecraft.client.sounds.SoundEngine/]: Missing sound for event: minecraft:block.sculk_vein.place
[27Sep2026 09:11:16.275] [Render thread/WARN] [net.minecraft.client.sounds.SoundEngine/]: Missing sound for event: minecraft:block.sculk_vein.step
[27Sep2026 09:11:16.275] [Render thread/WARN] [net.minecraft.client.sounds.SoundEngine/]: Missing sound for event: minecraft:entity.sheep.ambient
[27Sep2026 09:11:16.275] [Render thread/WARN] [net.minecraft.client.sounds.SoundEngine/]: Missing sound for event: minecraft:entity.sheep.death
[27Sep2026 09:11:16.275] [Render thread/WARN] [net.minecraft.client.sounds.SoundEngine/]: Missing sound for event: minecraft:entity.sheep.hurt
[27Sep2026 09:11:16.275] [Render thread/WARN] [net.minecraft.client.sounds.SoundEngine/]: Missing sound for event: minecraft:entity.sheep.shear
[27Sep2026 09:11:16.276] [Render thread/WARN] [net.minecraft.client.sounds.SoundEngine/]: Missing sound for event: minecraft:entity.sheep.step
[27Sep2026 09:11:16.276] [Render thread/WARN] [net.minecraft.client.sounds.SoundEngine/]: Missing sound for event: minecraft:item.shears.snip
[27Sep2026 09:11:16.276] [Render thread/WARN] [net.minecraft.client.sounds.SoundEngine/]: Missing sound for event: minecraft:block.shelf.activate
[27Sep2026 09:11:16.276] [Render thread/WARN] [net.minecraft.client.sounds.SoundEngine/]: Missing sound for event: minecraft:block.shelf.break
[27Sep2026 09:11:16.276] [Render thread/WARN] [net.minecraft.client.sounds.SoundEngine/]: Missing sound for event: minecraft:block.shelf.deactivate
[27Sep2026 09:11:16.276] [Render thread/WARN] [net.minecraft.client.sounds.SoundEngine/]: Missing sound for event: minecraft:block.shelf.fall
[27Sep2026 09:11:16.276] [Render thread/WARN] [net.minecraft.client.sounds.SoundEngine/]: Missing sound for event: minecraft:block.shelf.hit
[27Sep2026 09:11:16.276] [Render thread/WARN] [net.minecraft.client.sounds.SoundEngine/]: Missing sound for event: minecraft:block.shelf.multi_swap
[27Sep2026 09:11:16.276] [Render thread/WARN] [net.minecraft.client.sounds.SoundEngine/]: Missing sound for event: minecraft:block.shelf.place
[27Sep2026 09:11:16.276] [Render thread/WARN] [net.minecraft.client.sounds.SoundEngine/]: Missing sound for event: minecraft:block.shelf.place_item
[27Sep2026 09:11:16.276] [Render thread/WARN] [net.minecraft.client.sounds.SoundEngine/]: Missing sound for event: minecraft:block.shelf.single_swap
[27Sep2026 09:11:16.276] [Render thread/WARN] [net.minecraft.client.sounds.SoundEngine/]: Missing sound for event: minecraft:block.shelf.step
[27Sep2026 09:11:16.276] [Render thread/WARN] [net.minecraft.client.sounds.SoundEngine/]: Missing sound for event: minecraft:block.shelf.take_item
[27Sep2026 09:11:16.276] [Render thread/WARN] [net.minecraft.client.sounds.SoundEngine/]: Missing sound for event: minecraft:item.shield.block
[27Sep2026 09:11:16.276] [Render thread/WARN] [net.minecraft.client.sounds.SoundEngine/]: Missing sound for event: minecraft:item.shield.break
[27Sep2026 09:11:16.276] [Render thread/WARN] [net.minecraft.client.sounds.SoundEngine/]: Missing sound for event: minecraft:block.shroomlight.break
[27Sep2026 09:11:16.276] [Render thread/WARN] [net.minecraft.client.sounds.SoundEngine/]: Missing sound for event: minecraft:block.shroomlight.step
[27Sep2026 09:11:16.276] [Render thread/WARN] [net.minecraft.client.sounds.SoundEngine/]: Missing sound for event: minecraft:block.shroomlight.place
[27Sep2026 09:11:16.276] [Render thread/WARN] [net.minecraft.client.sounds.SoundEngine/]: Missing sound for event: minecraft:block.shroomlight.hit
[27Sep2026 09:11:16.276] [Render thread/WARN] [net.minecraft.client.sounds.SoundEngine/]: Missing sound for event: minecraft:block.shroomlight.fall
[27Sep2026 09:11:16.276] [Render thread/WARN] [net.minecraft.client.sounds.SoundEngine/]: Missing sound for event: minecraft:item.shovel.flatten
[27Sep2026 09:11:16.276] [Render thread/WARN] [net.minecraft.client.sounds.SoundEngine/]: Missing sound for event: minecraft:entity.shulker.ambient
[27Sep2026 09:11:16.276] [Render thread/WARN] [net.minecraft.client.sounds.SoundEngine/]: Missing sound for event: minecraft:block.shulker_box.close
[27Sep2026 09:11:16.276] [Render thread/WARN] [net.minecraft.client.sounds.SoundEngine/]: Missing sound for event: minecraft:block.shulker_box.open
[27Sep2026 09:11:16.276] [Render thread/WARN] [net.minecraft.client.sounds.SoundEngine/]: Missing sound for event: minecraft:entity.shulker_bullet.hit
[27Sep2026 09:11:16.276] [Render thread/WARN] [net.minecraft.client.sounds.SoundEngine/]: Missing sound for event: minecraft:entity.shulker_bullet.hurt
[27Sep2026 09:11:16.276] [Render thread/WARN] [net.minecraft.client.sounds.SoundEngine/]: Missing sound for event: minecraft:entity.shulker.close
[27Sep2026 09:11:16.276] [Render thread/WARN] [net.minecraft.client.sounds.SoundEngine/]: Missing sound for event: minecraft:entity.shulker.death
[27Sep2026 09:11:16.276] [Render thread/WARN] [net.minecraft.client.sounds.SoundEngine/]: Missing sound for event: minecraft:entity.shulker.hurt
[27Sep2026 09:11:16.276] [Render thread/WARN] [net.minecraft.client.sounds.SoundEngine/]: Missing sound for event: minecraft:entity.shulker.hurt_closed
[27Sep2026 09:11:16.276] [Render thread/WARN] [net.minecraft.client.sounds.SoundEngine/]: Missing sound for event: minecraft:entity.shulker.open
[27Sep2026 09:11:16.276] [Render thread/WARN] [net.minecraft.client.sounds.SoundEngine/]: Missing sound for event: minecraft:entity.shulker.shoot
[27Sep2026 09:11:16.276] [Render thread/WARN] [net.minecraft.client.sounds.SoundEngine/]: Missing sound for event: minecraft:entity.shulker.teleport
[27Sep2026 09:11:16.276] [Render thread/WARN] [net.minecraft.client.sounds.SoundEngine/]: Missing sound for event: minecraft:entity.silverfish.ambient
[27Sep2026 09:11:16.276] [Render thread/WARN] [net.minecraft.client.sounds.SoundEngine/]: Missing sound for event: minecraft:entity.silverfish.death
[27Sep2026 09:11:16.276] [Render thread/WARN] [net.minecraft.client.sounds.SoundEngine/]: Missing sound for event: minecraft:entity.silverfish.hurt
[27Sep2026 09:11:16.276] [Render thread/WARN] [net.minecraft.client.sounds.SoundEngine/]: Missing sound for event: minecraft:entity.silverfish.step
[27Sep2026 09:11:16.276] [Render thread/WARN] [net.minecraft.client.sounds.SoundEngine/]: Missing sound for event: minecraft:entity.skeleton.ambient
[27Sep2026 09:11:16.277] [Render thread/WARN] [net.minecraft.client.sounds.SoundEngine/]: Missing sound for event: minecraft:entity.skeleton.converted_to_stray
[27Sep2026 09:11:16.277] [Render thread/WARN] [net.minecraft.client.sounds.SoundEngine/]: Missing sound for event: minecraft:entity.skeleton.death
[27Sep2026 09:11:16.277] [Render thread/WARN] [net.minecraft.client.sounds.SoundEngine/]: Missing sound for event: minecraft:entity.skeleton_horse.ambient
[27Sep2026 09:11:16.277] [Render thread/WARN] [net.minecraft.client.sounds.SoundEngine/]: Missing sound for event: minecraft:entity.skeleton_horse.death
[27Sep2026 09:11:16.277] [Render thread/WARN] [net.minecraft.client.sounds.SoundEngine/]: Missing sound for event: minecraft:entity.skeleton_horse.hurt
[27Sep2026 09:11:16.277] [Render thread/WARN] [net.minecraft.client.sounds.SoundEngine/]: Missing sound for event: minecraft:entity.skeleton_horse.swim
[27Sep2026 09:11:16.277] [Render thread/WARN] [net.minecraft.client.sounds.SoundEngine/]: Missing sound for event: minecraft:entity.skeleton_horse.ambient_water
[27Sep2026 09:11:16.277] [Render thread/WARN] [net.minecraft.client.sounds.SoundEngine/]: Missing sound for event: minecraft:entity.skeleton_horse.gallop_water
[27Sep2026 09:11:16.277] [Render thread/WARN] [net.minecraft.client.sounds.SoundEngine/]: Missing sound for event: minecraft:entity.skeleton_horse.jump_water
[27Sep2026 09:11:16.277] [Render thread/WARN] [net.minecraft.client.sounds.SoundEngine/]: Missing sound for event: minecraft:entity.skeleton_horse.step_water
[27Sep2026 09:11:16.277] [Render thread/WARN] [net.minecraft.client.sounds.SoundEngine/]: Missing sound for event: minecraft:entity.skeleton.hurt
[27Sep2026 09:11:16.277] [Render thread/WARN] [net.minecraft.client.sounds.SoundEngine/]: Missing sound for event: minecraft:entity.skeleton.shoot
[27Sep2026 09:11:16.277] [Render thread/WARN] [net.minecraft.client.sounds.SoundEngine/]: Missing sound for event: minecraft:entity.skeleton.step
[27Sep2026 09:11:16.277] [Render thread/WARN] [net.minecraft.client.sounds.SoundEngine/]: Missing sound for event: minecraft:entity.slime.attack
[27Sep2026 09:11:16.277] [Render thread/WARN] [net.minecraft.client.sounds.SoundEngine/]: Missing sound for event: minecraft:entity.slime.death
[27Sep2026 09:11:16.277] [Render thread/WARN] [net.minecraft.client.sounds.SoundEngine/]: Missing sound for event: minecraft:entity.slime.hurt
[27Sep2026 09:11:16.277] [Render thread/WARN] [net.minecraft.client.sounds.SoundEngine/]: Missing sound for event: minecraft:entity.slime.jump
[27Sep2026 09:11:16.277] [Render thread/WARN] [net.minecraft.client.sounds.SoundEngine/]: Missing sound for event: minecraft:entity.slime.squish
[27Sep2026 09:11:16.277] [Render thread/WARN] [net.minecraft.client.sounds.SoundEngine/]: Missing sound for event: minecraft:block.slime_block.break
[27Sep2026 09:11:16.277] [Render thread/WARN] [net.minecraft.client.sounds.SoundEngine/]: Missing sound for event: minecraft:block.slime_block.fall
[27Sep2026 09:11:16.277] [Render thread/WARN] [net.minecraft.client.sounds.SoundEngine/]: Missing sound for event: minecraft:block.slime_block.hit
[27Sep2026 09:11:16.277] [Render thread/WARN] [net.minecraft.client.sounds.SoundEngine/]: Missing sound for event: minecraft:block.slime_block.place
[27Sep2026 09:11:16.277] [Render thread/WARN] [net.minecraft.client.sounds.SoundEngine/]: Missing sound for event: minecraft:block.slime_block.step
[27Sep2026 09:11:16.277] [Render thread/WARN] [net.minecraft.client.sounds.SoundEngine/]: Missing sound for event: minecraft:block.small_amethyst_bud.break
[27Sep2026 09:11:16.277] [Render thread/WARN] [net.minecraft.client.sounds.SoundEngine/]: Missing sound for event: minecraft:block.small_amethyst_bud.place
[27Sep2026 09:11:16.277] [Render thread/WARN] [net.minecraft.client.sounds.SoundEngine/]: Missing sound for event: minecraft:block.small_dripleaf.break
[27Sep2026 09:11:16.277] [Render thread/WARN] [net.minecraft.client.sounds.SoundEngine/]: Missing sound for event: minecraft:block.small_dripleaf.fall
[27Sep2026 09:11:16.277] [Render thread/WARN] [net.minecraft.client.sounds.SoundEngine/]: Missing sound for event: minecraft:block.small_dripleaf.hit
[27Sep2026 09:11:16.277] [Render thread/WARN] [net.minecraft.client.sounds.SoundEngine/]: Missing sound for event: minecraft:block.small_dripleaf.place
[27Sep2026 09:11:16.277] [Render thread/WARN] [net.minecraft.client.sounds.SoundEngine/]: Missing sound for event: minecraft:block.small_dripleaf.step
[27Sep2026 09:11:16.277] [Render thread/WARN] [net.minecraft.client.sounds.SoundEngine/]: Missing sound for event: minecraft:block.soul_sand.break
[27Sep2026 09:11:16.277] [Render thread/WARN] [net.minecraft.client.sounds.SoundEngine/]: Missing sound for event: minecraft:block.soul_sand.step
[27Sep2026 09:11:16.277] [Render thread/WARN] [net.minecraft.client.sounds.SoundEngine/]: Missing sound for event: minecraft:block.soul_sand.place
[27Sep2026 09:11:16.277] [Render thread/WARN] [net.minecraft.client.sounds.SoundEngine/]: Missing sound for event: minecraft:block.soul_sand.hit
[27Sep2026 09:11:16.277] [Render thread/WARN] [net.minecraft.client.sounds.SoundEngine/]: Missing sound for event: minecraft:block.soul_sand.fall
[27Sep2026 09:11:16.278] [Render thread/WARN] [net.minecraft.client.sounds.SoundEngine/]: Missing sound for event: minecraft:block.soul_soil.break
[27Sep2026 09:11:16.278] [Render thread/WARN] [net.minecraft.client.sounds.SoundEngine/]: Missing sound for event: minecraft:block.soul_soil.step
[27Sep2026 09:11:16.278] [Render thread/WARN] [net.minecraft.client.sounds.SoundEngine/]: Missing sound for event: minecraft:block.soul_soil.place
[27Sep2026 09:11:16.278] [Render thread/WARN] [net.minecraft.client.sounds.SoundEngine/]: Missing sound for event: minecraft:block.soul_soil.hit
[27Sep2026 09:11:16.278] [Render thread/WARN] [net.minecraft.client.sounds.SoundEngine/]: Missing sound for event: minecraft:block.soul_soil.fall
[27Sep2026 09:11:16.278] [Render thread/WARN] [net.minecraft.client.sounds.SoundEngine/]: Missing sound for event: minecraft:particle.soul_escape
[27Sep2026 09:11:16.278] [Render thread/WARN] [net.minecraft.client.sounds.SoundEngine/]: Missing sound for event: minecraft:block.spawner.break
[27Sep2026 09:11:16.278] [Render thread/WARN] [net.minecraft.client.sounds.SoundEngine/]: Missing sound for event: minecraft:block.spawner.fall
[27Sep2026 09:11:16.278] [Render thread/WARN] [net.minecraft.client.sounds.SoundEngine/]: Missing sound for event: minecraft:block.spawner.hit
[27Sep2026 09:11:16.278] [Render thread/WARN] [net.minecraft.client.sounds.SoundEngine/]: Missing sound for event: minecraft:block.spawner.place
[27Sep2026 09:11:16.278] [Render thread/WARN] [net.minecraft.client.sounds.SoundEngine/]: Missing sound for event: minecraft:block.spawner.step
[27Sep2026 09:11:16.278] [Render thread/WARN] [net.minecraft.client.sounds.SoundEngine/]: Missing sound for event: minecraft:item.spear.use
[27Sep2026 09:11:16.278] [Render thread/WARN] [net.minecraft.client.sounds.SoundEngine/]: Missing sound for event: minecraft:item.spear.hit
[27Sep2026 09:11:16.278] [Render thread/WARN] [net.minecraft.client.sounds.SoundEngine/]: Missing sound for event: minecraft:item.spear.attack
[27Sep2026 09:11:16.278] [Render thread/WARN] [net.minecraft.client.sounds.SoundEngine/]: Missing sound for event: minecraft:item.spear_wood.use
[27Sep2026 09:11:16.278] [Render thread/WARN] [net.minecraft.client.sounds.SoundEngine/]: Missing sound for event: minecraft:item.spear_wood.hit
[27Sep2026 09:11:16.278] [Render thread/WARN] [net.minecraft.client.sounds.SoundEngine/]: Missing sound for event: minecraft:item.spear_wood.attack
[27Sep2026 09:11:16.278] [Render thread/WARN] [net.minecraft.client.sounds.SoundEngine/]: Missing sound for event: minecraft:block.spore_blossom.break
[27Sep2026 09:11:16.278] [Render thread/WARN] [net.minecraft.client.sounds.SoundEngine/]: Missing sound for event: minecraft:block.spore_blossom.fall
[27Sep2026 09:11:16.278] [Render thread/WARN] [net.minecraft.client.sounds.SoundEngine/]: Missing sound for event: minecraft:block.spore_blossom.hit
[27Sep2026 09:11:16.278] [Render thread/WARN] [net.minecraft.client.sounds.SoundEngine/]: Missing sound for event: minecraft:block.spore_blossom.place
[27Sep2026 09:11:16.278] [Render thread/WARN] [net.minecraft.client.sounds.SoundEngine/]: Missing sound for event: minecraft:block.spore_blossom.step
[27Sep2026 09:11:16.278] [Render thread/WARN] [net.minecraft.client.sounds.SoundEngine/]: Missing sound for event: minecraft:entity.strider.ambient
[27Sep2026 09:11:16.278] [Render thread/WARN] [net.minecraft.client.sounds.SoundEngine/]: Missing sound for event: minecraft:entity.strider.happy
[27Sep2026 09:11:16.278] [Render thread/WARN] [net.minecraft.client.sounds.SoundEngine/]: Missing sound for event: minecraft:entity.strider.retreat
[27Sep2026 09:11:16.278] [Render thread/WARN] [net.minecraft.client.sounds.SoundEngine/]: Missing sound for event: minecraft:entity.strider.death
[27Sep2026 09:11:16.278] [Render thread/WARN] [net.minecraft.client.sounds.SoundEngine/]: Missing sound for event: minecraft:entity.strider.hurt
[27Sep2026 09:11:16.278] [Render thread/WARN] [net.minecraft.client.sounds.SoundEngine/]: Missing sound for event: minecraft:entity.strider.step
[27Sep2026 09:11:16.278] [Render thread/WARN] [net.minecraft.client.sounds.SoundEngine/]: Missing sound for event: minecraft:entity.strider.step_lava
[27Sep2026 09:11:16.278] [Render thread/WARN] [net.minecraft.client.sounds.SoundEngine/]: Missing sound for event: minecraft:entity.strider.eat
[27Sep2026 09:11:16.278] [Render thread/WARN] [net.minecraft.client.sounds.SoundEngine/]: Missing sound for event: minecraft:entity.strider.saddle
[27Sep2026 09:11:16.279] [Render thread/WARN] [net.minecraft.client.sounds.SoundEngine/]: Missing sound for event: minecraft:entity.slime.death_small
[27Sep2026 09:11:16.279] [Render thread/WARN] [net.minecraft.client.sounds.SoundEngine/]: Missing sound for event: minecraft:entity.slime.hurt_small
[27Sep2026 09:11:16.279] [Render thread/WARN] [net.minecraft.client.sounds.SoundEngine/]: Missing sound for event: minecraft:entity.slime.jump_small
[27Sep2026 09:11:16.279] [Render thread/WARN] [net.minecraft.client.sounds.SoundEngine/]: Missing sound for event: minecraft:entity.slime.squish_small
[27Sep2026 09:11:16.279] [Render thread/WARN] [net.minecraft.client.sounds.SoundEngine/]: Missing sound for event: minecraft:block.smithing_table.use
[27Sep2026 09:11:16.279] [Render thread/WARN] [net.minecraft.client.sounds.SoundEngine/]: Missing sound for event: minecraft:block.smoker.smoke
[27Sep2026 09:11:16.279] [Render thread/WARN] [net.minecraft.client.sounds.SoundEngine/]: Missing sound for event: minecraft:entity.sniffer.step
[27Sep2026 09:11:16.279] [Render thread/WARN] [net.minecraft.client.sounds.SoundEngine/]: Missing sound for event: minecraft:entity.sniffer.eat
[27Sep2026 09:11:16.279] [Render thread/WARN] [net.minecraft.client.sounds.SoundEngine/]: Missing sound for event: minecraft:entity.sniffer.idle
[27Sep2026 09:11:16.279] [Render thread/WARN] [net.minecraft.client.sounds.SoundEngine/]: Missing sound for event: minecraft:entity.sniffer.hurt
[27Sep2026 09:11:16.279] [Render thread/WARN] [net.minecraft.client.sounds.SoundEngine/]: Missing sound for event: minecraft:entity.sniffer.death
[27Sep2026 09:11:16.279] [Render thread/WARN] [net.minecraft.client.sounds.SoundEngine/]: Missing sound for event: minecraft:entity.sniffer.drop_seed
[27Sep2026 09:11:16.279] [Render thread/WARN] [net.minecraft.client.sounds.SoundEngine/]: Missing sound for event: minecraft:entity.sniffer.scenting
[27Sep2026 09:11:16.279] [Render thread/WARN] [net.minecraft.client.sounds.SoundEngine/]: Missing sound for event: minecraft:entity.sniffer.sniffing
[27Sep2026 09:11:16.279] [Render thread/WARN] [net.minecraft.client.sounds.SoundEngine/]: Missing sound for event: minecraft:entity.sniffer.searching
[27Sep2026 09:11:16.279] [Render thread/WARN] [net.minecraft.client.sounds.SoundEngine/]: Missing sound for event: minecraft:entity.sniffer.digging
[27Sep2026 09:11:16.279] [Render thread/WARN] [net.minecraft.client.sounds.SoundEngine/]: Missing sound for event: minecraft:entity.sniffer.digging_stop
[27Sep2026 09:11:16.279] [Render thread/WARN] [net.minecraft.client.sounds.SoundEngine/]: Missing sound for event: minecraft:entity.sniffer.happy
[27Sep2026 09:11:16.279] [Render thread/WARN] [net.minecraft.client.sounds.SoundEngine/]: Missing sound for event: minecraft:block.sniffer_egg.plop
[27Sep2026 09:11:16.279] [Render thread/WARN] [net.minecraft.client.sounds.SoundEngine/]: Missing sound for event: minecraft:block.sniffer_egg.crack
[27Sep2026 09:11:16.279] [Render thread/WARN] [net.minecraft.client.sounds.SoundEngine/]: Missing sound for event: minecraft:block.sniffer_egg.hatch
[27Sep2026 09:11:16.279] [Render thread/WARN] [net.minecraft.client.sounds.SoundEngine/]: Missing sound for event: minecraft:entity.snowball.throw
[27Sep2026 09:11:16.279] [Render thread/WARN] [net.minecraft.client.sounds.SoundEngine/]: Missing sound for event: minecraft:block.snow.break
[27Sep2026 09:11:16.279] [Render thread/WARN] [net.minecraft.client.sounds.SoundEngine/]: Missing sound for event: minecraft:block.snow.fall
[27Sep2026 09:11:16.279] [Render thread/WARN] [net.minecraft.client.sounds.SoundEngine/]: Missing sound for event: minecraft:entity.snow_golem.ambient
[27Sep2026 09:11:16.279] [Render thread/WARN] [net.minecraft.client.sounds.SoundEngine/]: Missing sound for event: minecraft:entity.snow_golem.death
[27Sep2026 09:11:16.279] [Render thread/WARN] [net.minecraft.client.sounds.SoundEngine/]: Missing sound for event: minecraft:entity.snow_golem.hurt
[27Sep2026 09:11:16.279] [Render thread/WARN] [net.minecraft.client.sounds.SoundEngine/]: Missing sound for event: minecraft:entity.snow_golem.shoot
[27Sep2026 09:11:16.279] [Render thread/WARN] [net.minecraft.client.sounds.SoundEngine/]: Missing sound for event: minecraft:entity.snow_golem.shear
[27Sep2026 09:11:16.279] [Render thread/WARN] [net.minecraft.client.sounds.SoundEngine/]: Missing sound for event: minecraft:block.snow.hit
[27Sep2026 09:11:16.280] [Render thread/WARN] [net.minecraft.client.sounds.SoundEngine/]: Missing sound for event: minecraft:block.snow.place
[27Sep2026 09:11:16.280] [Render thread/WARN] [net.minecraft.client.sounds.SoundEngine/]: Missing sound for event: minecraft:block.snow.step
[27Sep2026 09:11:16.280] [Render thread/WARN] [net.minecraft.client.sounds.SoundEngine/]: Missing sound for event: minecraft:entity.spider.ambient
[27Sep2026 09:11:16.280] [Render thread/WARN] [net.minecraft.client.sounds.SoundEngine/]: Missing sound for event: minecraft:entity.spider.death
[27Sep2026 09:11:16.280] [Render thread/WARN] [net.minecraft.client.sounds.SoundEngine/]: Missing sound for event: minecraft:entity.spider.hurt
[27Sep2026 09:11:16.280] [Render thread/WARN] [net.minecraft.client.sounds.SoundEngine/]: Missing sound for event: minecraft:entity.spider.step
[27Sep2026 09:11:16.280] [Render thread/WARN] [net.minecraft.client.sounds.SoundEngine/]: Missing sound for event: minecraft:entity.splash_potion.break
[27Sep2026 09:11:16.280] [Render thread/WARN] [net.minecraft.client.sounds.SoundEngine/]: Missing sound for event: minecraft:entity.splash_potion.throw
[27Sep2026 09:11:16.280] [Render thread/WARN] [net.minecraft.client.sounds.SoundEngine/]: Missing sound for event: minecraft:block.sponge.break
[27Sep2026 09:11:16.280] [Render thread/WARN] [net.minecraft.client.sounds.SoundEngine/]: Missing sound for event: minecraft:block.sponge.fall
[27Sep2026 09:11:16.280] [Render thread/WARN] [net.minecraft.client.sounds.SoundEngine/]: Missing sound for event: minecraft:block.sponge.hit
[27Sep2026 09:11:16.280] [Render thread/WARN] [net.minecraft.client.sounds.SoundEngine/]: Missing sound for event: minecraft:block.sponge.place
[27Sep2026 09:11:16.280] [Render thread/WARN] [net.minecraft.client.sounds.SoundEngine/]: Missing sound for event: minecraft:block.sponge.step
[27Sep2026 09:11:16.280] [Render thread/WARN] [net.minecraft.client.sounds.SoundEngine/]: Missing sound for event: minecraft:block.sponge.absorb
[27Sep2026 09:11:16.280] [Render thread/WARN] [net.minecraft.client.sounds.SoundEngine/]: Missing sound for event: minecraft:item.spyglass.use
[27Sep2026 09:11:16.280] [Render thread/WARN] [net.minecraft.client.sounds.SoundEngine/]: Missing sound for event: minecraft:item.spyglass.stop_using
[27Sep2026 09:11:16.280] [Render thread/WARN] [net.minecraft.client.sounds.SoundEngine/]: Missing sound for event: minecraft:entity.squid.ambient
[27Sep2026 09:11:16.280] [Render thread/WARN] [net.minecraft.client.sounds.SoundEngine/]: Missing sound for event: minecraft:entity.squid.death
[27Sep2026 09:11:16.280] [Render thread/WARN] [net.minecraft.client.sounds.SoundEngine/]: Missing sound for event: minecraft:entity.squid.hurt
[27Sep2026 09:11:16.280] [Render thread/WARN] [net.minecraft.client.sounds.SoundEngine/]: Missing sound for event: minecraft:entity.squid.squirt
[27Sep2026 09:11:16.280] [Render thread/WARN] [net.minecraft.client.sounds.SoundEngine/]: Missing sound for event: minecraft:block.stone.break
[27Sep2026 09:11:16.280] [Render thread/WARN] [net.minecraft.client.sounds.SoundEngine/]: Missing sound for event: minecraft:block.stone_button.click_off
[27Sep2026 09:11:16.280] [Render thread/WARN] [net.minecraft.client.sounds.SoundEngine/]: Missing sound for event: minecraft:block.stone_button.click_on
[27Sep2026 09:11:16.280] [Render thread/WARN] [net.minecraft.client.sounds.SoundEngine/]: Missing sound for event: minecraft:block.stone.fall
[27Sep2026 09:11:16.280] [Render thread/WARN] [net.minecraft.client.sounds.SoundEngine/]: Missing sound for event: minecraft:block.stone.hit
[27Sep2026 09:11:16.280] [Render thread/WARN] [net.minecraft.client.sounds.SoundEngine/]: Missing sound for event: minecraft:block.stone.place
[27Sep2026 09:11:16.280] [Render thread/WARN] [net.minecraft.client.sounds.SoundEngine/]: Missing sound for event: minecraft:block.stone_pressure_plate.click_off
[27Sep2026 09:11:16.280] [Render thread/WARN] [net.minecraft.client.sounds.SoundEngine/]: Missing sound for event: minecraft:block.stone_pressure_plate.click_on
[27Sep2026 09:11:16.280] [Render thread/WARN] [net.minecraft.client.sounds.SoundEngine/]: Missing sound for event: minecraft:block.stone.step
[27Sep2026 09:11:16.280] [Render thread/WARN] [net.minecraft.client.sounds.SoundEngine/]: Missing sound for event: minecraft:entity.stray.ambient
[27Sep2026 09:11:16.280] [Render thread/WARN] [net.minecraft.client.sounds.SoundEngine/]: Missing sound for event: minecraft:entity.stray.death
[27Sep2026 09:11:16.281] [Render thread/WARN] [net.minecraft.client.sounds.SoundEngine/]: Missing sound for event: minecraft:entity.stray.hurt
[27Sep2026 09:11:16.281] [Render thread/WARN] [net.minecraft.client.sounds.SoundEngine/]: Missing sound for event: minecraft:entity.stray.step
[27Sep2026 09:11:16.281] [Render thread/WARN] [net.minecraft.client.sounds.SoundEngine/]: Missing sound for event: minecraft:block.sweet_berry_bush.break
[27Sep2026 09:11:16.281] [Render thread/WARN] [net.minecraft.client.sounds.SoundEngine/]: Missing sound for event: minecraft:block.sweet_berry_bush.place
[27Sep2026 09:11:16.281] [Render thread/WARN] [net.minecraft.client.sounds.SoundEngine/]: Missing sound for event: minecraft:block.sweet_berry_bush.pick_berries
[27Sep2026 09:11:16.281] [Render thread/WARN] [net.minecraft.client.sounds.SoundEngine/]: Missing sound for event: minecraft:entity.tadpole.death
[27Sep2026 09:11:16.281] [Render thread/WARN] [net.minecraft.client.sounds.SoundEngine/]: Missing sound for event: minecraft:entity.tadpole.flop
[27Sep2026 09:11:16.281] [Render thread/WARN] [net.minecraft.client.sounds.SoundEngine/]: Missing sound for event: minecraft:entity.tadpole.grow_up
[27Sep2026 09:11:16.281] [Render thread/WARN] [net.minecraft.client.sounds.SoundEngine/]: Missing sound for event: minecraft:entity.tadpole.hurt
[27Sep2026 09:11:16.281] [Render thread/WARN] [net.minecraft.client.sounds.SoundEngine/]: Missing sound for event: minecraft:enchant.thorns.hit
[27Sep2026 09:11:16.281] [Render thread/WARN] [net.minecraft.client.sounds.SoundEngine/]: Missing sound for event: minecraft:entity.tnt.primed
[27Sep2026 09:11:16.281] [Render thread/WARN] [net.minecraft.client.sounds.SoundEngine/]: Missing sound for event: minecraft:item.totem.use
[27Sep2026 09:11:16.281] [Render thread/WARN] [net.minecraft.client.sounds.SoundEngine/]: Missing sound for event: minecraft:item.trident.hit
[27Sep2026 09:11:16.281] [Render thread/WARN] [net.minecraft.client.sounds.SoundEngine/]: Missing sound for event: minecraft:item.trident.hit_ground
[27Sep2026 09:11:16.281] [Render thread/WARN] [net.minecraft.client.sounds.SoundEngine/]: Missing sound for event: minecraft:item.trident.return
[27Sep2026 09:11:16.281] [Render thread/WARN] [net.minecraft.client.sounds.SoundEngine/]: Missing sound for event: minecraft:item.trident.riptide_1
[27Sep2026 09:11:16.281] [Render thread/WARN] [net.minecraft.client.sounds.SoundEngine/]: Missing sound for event: minecraft:item.trident.riptide_2
[27Sep2026 09:11:16.281] [Render thread/WARN] [net.minecraft.client.sounds.SoundEngine/]: Missing sound for event: minecraft:item.trident.riptide_3
[27Sep2026 09:11:16.281] [Render thread/WARN] [net.minecraft.client.sounds.SoundEngine/]: Missing sound for event: minecraft:item.trident.throw
[27Sep2026 09:11:16.281] [Render thread/WARN] [net.minecraft.client.sounds.SoundEngine/]: Missing sound for event: minecraft:item.trident.thunder
[27Sep2026 09:11:16.281] [Render thread/WARN] [net.minecraft.client.sounds.SoundEngine/]: Missing sound for event: minecraft:block.tripwire.attach
[27Sep2026 09:11:16.281] [Render thread/WARN] [net.minecraft.client.sounds.SoundEngine/]: Missing sound for event: minecraft:block.tripwire.click_off
[27Sep2026 09:11:16.281] [Render thread/WARN] [net.minecraft.client.sounds.SoundEngine/]: Missing sound for event: minecraft:block.tripwire.click_on
[27Sep2026 09:11:16.281] [Render thread/WARN] [net.minecraft.client.sounds.SoundEngine/]: Missing sound for event: minecraft:block.tripwire.detach
[27Sep2026 09:11:16.281] [Render thread/WARN] [net.minecraft.client.sounds.SoundEngine/]: Missing sound for event: minecraft:entity.tropical_fish.ambient
[27Sep2026 09:11:16.281] [Render thread/WARN] [net.minecraft.client.sounds.SoundEngine/]: Missing sound for event: minecraft:entity.tropical_fish.death
[27Sep2026 09:11:16.281] [Render thread/WARN] [net.minecraft.client.sounds.SoundEngine/]: Missing sound for event: minecraft:entity.tropical_fish.flop
[27Sep2026 09:11:16.281] [Render thread/WARN] [net.minecraft.client.sounds.SoundEngine/]: Missing sound for event: minecraft:entity.tropical_fish.hurt
[27Sep2026 09:11:16.281] [Render thread/WARN] [net.minecraft.client.sounds.SoundEngine/]: Missing sound for event: minecraft:block.tuff.break
[27Sep2026 09:11:16.281] [Render thread/WARN] [net.minecraft.client.sounds.SoundEngine/]: Missing sound for event: minecraft:block.tuff.step
[27Sep2026 09:11:16.281] [Render thread/WARN] [net.minecraft.client.sounds.SoundEngine/]: Missing sound for event: minecraft:block.tuff.place
[27Sep2026 09:11:16.281] [Render thread/WARN] [net.minecraft.client.sounds.SoundEngine/]: Missing sound for event: minecraft:block.tuff.hit
[27Sep2026 09:11:16.282] [Render thread/WARN] [net.minecraft.client.sounds.SoundEngine/]: Missing sound for event: minecraft:block.tuff.fall
[27Sep2026 09:11:16.282] [Render thread/WARN] [net.minecraft.client.sounds.SoundEngine/]: Missing sound for event: minecraft:block.tuff_bricks.break
[27Sep2026 09:11:16.282] [Render thread/WARN] [net.minecraft.client.sounds.SoundEngine/]: Missing sound for event: minecraft:block.tuff_bricks.fall
[27Sep2026 09:11:16.282] [Render thread/WARN] [net.minecraft.client.sounds.SoundEngine/]: Missing sound for event: minecraft:block.tuff_bricks.hit
[27Sep2026 09:11:16.282] [Render thread/WARN] [net.minecraft.client.sounds.SoundEngine/]: Missing sound for event: minecraft:block.tuff_bricks.place
[27Sep2026 09:11:16.282] [Render thread/WARN] [net.minecraft.client.sounds.SoundEngine/]: Missing sound for event: minecraft:block.tuff_bricks.step
[27Sep2026 09:11:16.282] [Render thread/WARN] [net.minecraft.client.sounds.SoundEngine/]: Missing sound for event: minecraft:block.polished_tuff.break
[27Sep2026 09:11:16.282] [Render thread/WARN] [net.minecraft.client.sounds.SoundEngine/]: Missing sound for event: minecraft:block.polished_tuff.fall
[27Sep2026 09:11:16.282] [Render thread/WARN] [net.minecraft.client.sounds.SoundEngine/]: Missing sound for event: minecraft:block.polished_tuff.hit
[27Sep2026 09:11:16.282] [Render thread/WARN] [net.minecraft.client.sounds.SoundEngine/]: Missing sound for event: minecraft:block.polished_tuff.place
[27Sep2026 09:11:16.282] [Render thread/WARN] [net.minecraft.client.sounds.SoundEngine/]: Missing sound for event: minecraft:block.polished_tuff.step
[27Sep2026 09:11:16.282] [Render thread/WARN] [net.minecraft.client.sounds.SoundEngine/]: Missing sound for event: minecraft:entity.turtle.ambient_land
[27Sep2026 09:11:16.282] [Render thread/WARN] [net.minecraft.client.sounds.SoundEngine/]: Missing sound for event: minecraft:entity.turtle.death
[27Sep2026 09:11:16.282] [Render thread/WARN] [net.minecraft.client.sounds.SoundEngine/]: Missing sound for event: minecraft:entity.turtle.death_baby
[27Sep2026 09:11:16.282] [Render thread/WARN] [net.minecraft.client.sounds.SoundEngine/]: Missing sound for event: minecraft:entity.turtle.egg_break
[27Sep2026 09:11:16.282] [Render thread/WARN] [net.minecraft.client.sounds.SoundEngine/]: Missing sound for event: minecraft:entity.turtle.egg_crack
[27Sep2026 09:11:16.282] [Render thread/WARN] [net.minecraft.client.sounds.SoundEngine/]: Missing sound for event: minecraft:entity.turtle.egg_hatch
[27Sep2026 09:11:16.282] [Render thread/WARN] [net.minecraft.client.sounds.SoundEngine/]: Missing sound for event: minecraft:entity.turtle.hurt
[27Sep2026 09:11:16.282] [Render thread/WARN] [net.minecraft.client.sounds.SoundEngine/]: Missing sound for event: minecraft:entity.turtle.hurt_baby
[27Sep2026 09:11:16.282] [Render thread/WARN] [net.minecraft.client.sounds.SoundEngine/]: Missing sound for event: minecraft:entity.turtle.lay_egg
[27Sep2026 09:11:16.282] [Render thread/WARN] [net.minecraft.client.sounds.SoundEngine/]: Missing sound for event: minecraft:entity.turtle.shamble
[27Sep2026 09:11:16.282] [Render thread/WARN] [net.minecraft.client.sounds.SoundEngine/]: Missing sound for event: minecraft:entity.turtle.shamble_baby
[27Sep2026 09:11:16.282] [Render thread/WARN] [net.minecraft.client.sounds.SoundEngine/]: Missing sound for event: minecraft:entity.turtle.swim
[27Sep2026 09:11:16.282] [Render thread/WARN] [net.minecraft.client.sounds.SoundEngine/]: Missing sound for event: minecraft:ui.button.click
[27Sep2026 09:11:16.282] [Render thread/WARN] [net.minecraft.client.sounds.SoundEngine/]: Missing sound for event: minecraft:ui.loom.select_pattern
[27Sep2026 09:11:16.282] [Render thread/WARN] [net.minecraft.client.sounds.SoundEngine/]: Missing sound for event: minecraft:ui.loom.take_result
[27Sep2026 09:11:16.282] [Render thread/WARN] [net.minecraft.client.sounds.SoundEngine/]: Missing sound for event: minecraft:ui.cartography_table.take_result
[27Sep2026 09:11:16.282] [Render thread/WARN] [net.minecraft.client.sounds.SoundEngine/]: Missing sound for event: minecraft:ui.stonecutter.take_result
[27Sep2026 09:11:16.282] [Render thread/WARN] [net.minecraft.client.sounds.SoundEngine/]: Missing sound for event: minecraft:ui.stonecutter.select_recipe
[27Sep2026 09:11:16.282] [Render thread/WARN] [net.minecraft.client.sounds.SoundEngine/]: Missing sound for event: minecraft:ui.toast.challenge_complete
[27Sep2026 09:11:16.283] [Render thread/WARN] [net.minecraft.client.sounds.SoundEngine/]: Missing sound for event: minecraft:ui.toast.in
[27Sep2026 09:11:16.283] [Render thread/WARN] [net.minecraft.client.sounds.SoundEngine/]: Missing sound for event: minecraft:ui.toast.out
[27Sep2026 09:11:16.283] [Render thread/WARN] [net.minecraft.client.sounds.SoundEngine/]: Missing sound for event: minecraft:block.vault.activate
[27Sep2026 09:11:16.283] [Render thread/WARN] [net.minecraft.client.sounds.SoundEngine/]: Missing sound for event: minecraft:block.vault.ambient
[27Sep2026 09:11:16.283] [Render thread/WARN] [net.minecraft.client.sounds.SoundEngine/]: Missing sound for event: minecraft:block.vault.break
[27Sep2026 09:11:16.283] [Render thread/WARN] [net.minecraft.client.sounds.SoundEngine/]: Missing sound for event: minecraft:block.vault.close_shutter
[27Sep2026 09:11:16.283] [Render thread/WARN] [net.minecraft.client.sounds.SoundEngine/]: Missing sound for event: minecraft:block.vault.deactivate
[27Sep2026 09:11:16.283] [Render thread/WARN] [net.minecraft.client.sounds.SoundEngine/]: Missing sound for event: minecraft:block.vault.eject_item
[27Sep2026 09:11:16.283] [Render thread/WARN] [net.minecraft.client.sounds.SoundEngine/]: Missing sound for event: minecraft:block.vault.reject_rewarded_player
[27Sep2026 09:11:16.283] [Render thread/WARN] [net.minecraft.client.sounds.SoundEngine/]: Missing sound for event: minecraft:block.vault.fall
[27Sep2026 09:11:16.283] [Render thread/WARN] [net.minecraft.client.sounds.SoundEngine/]: Missing sound for event: minecraft:block.vault.hit
[27Sep2026 09:11:16.283] [Render thread/WARN] [net.minecraft.client.sounds.SoundEngine/]: Missing sound for event: minecraft:block.vault.insert_item
[27Sep2026 09:11:16.283] [Render thread/WARN] [net.minecraft.client.sounds.SoundEngine/]: Missing sound for event: minecraft:block.vault.insert_item_fail
[27Sep2026 09:11:16.283] [Render thread/WARN] [net.minecraft.client.sounds.SoundEngine/]: Missing sound for event: minecraft:block.vault.open_shutter
[27Sep2026 09:11:16.283] [Render thread/WARN] [net.minecraft.client.sounds.SoundEngine/]: Missing sound for event: minecraft:block.vault.place
[27Sep2026 09:11:16.283] [Render thread/WARN] [net.minecraft.client.sounds.SoundEngine/]: Missing sound for event: minecraft:block.vault.step
[27Sep2026 09:11:16.283] [Render thread/WARN] [net.minecraft.client.sounds.SoundEngine/]: Missing sound for event: minecraft:entity.vex.ambient
[27Sep2026 09:11:16.283] [Render thread/WARN] [net.minecraft.client.sounds.SoundEngine/]: Missing sound for event: minecraft:entity.vex.charge
[27Sep2026 09:11:16.283] [Render thread/WARN] [net.minecraft.client.sounds.SoundEngine/]: Missing sound for event: minecraft:entity.vex.death
[27Sep2026 09:11:16.283] [Render thread/WARN] [net.minecraft.client.sounds.SoundEngine/]: Missing sound for event: minecraft:entity.vex.hurt
[27Sep2026 09:11:16.283] [Render thread/WARN] [net.minecraft.client.sounds.SoundEngine/]: Missing sound for event: minecraft:entity.villager.ambient
[27Sep2026 09:11:16.283] [Render thread/WARN] [net.minecraft.client.sounds.SoundEngine/]: Missing sound for event: minecraft:entity.villager.celebrate
[27Sep2026 09:11:16.283] [Render thread/WARN] [net.minecraft.client.sounds.SoundEngine/]: Missing sound for event: minecraft:entity.villager.death
[27Sep2026 09:11:16.283] [Render thread/WARN] [net.minecraft.client.sounds.SoundEngine/]: Missing sound for event: minecraft:entity.villager.hurt
[27Sep2026 09:11:16.283] [Render thread/WARN] [net.minecraft.client.sounds.SoundEngine/]: Missing sound for event: minecraft:entity.villager.no
[27Sep2026 09:11:16.283] [Render thread/WARN] [net.minecraft.client.sounds.SoundEngine/]: Missing sound for event: minecraft:entity.villager.trade
[27Sep2026 09:11:16.283] [Render thread/WARN] [net.minecraft.client.sounds.SoundEngine/]: Missing sound for event: minecraft:entity.villager.yes
[27Sep2026 09:11:16.283] [Render thread/WARN] [net.minecraft.client.sounds.SoundEngine/]: Missing sound for event: minecraft:entity.villager.work_armorer
[27Sep2026 09:11:16.283] [Render thread/WARN] [net.minecraft.client.sounds.SoundEngine/]: Missing sound for event: minecraft:entity.villager.work_butcher
[27Sep2026 09:11:16.283] [Render thread/WARN] [net.minecraft.client.sounds.SoundEngine/]: Missing sound for event: minecraft:entity.villager.work_cartographer
[27Sep2026 09:11:16.284] [Render thread/WARN] [net.minecraft.client.sounds.SoundEngine/]: Missing sound for event: minecraft:entity.villager.work_cleric
[27Sep2026 09:11:16.284] [Render thread/WARN] [net.minecraft.client.sounds.SoundEngine/]: Missing sound for event: minecraft:entity.villager.work_farmer
[27Sep2026 09:11:16.284] [Render thread/WARN] [net.minecraft.client.sounds.SoundEngine/]: Missing sound for event: minecraft:entity.villager.work_fisherman
[27Sep2026 09:11:16.284] [Render thread/WARN] [net.minecraft.client.sounds.SoundEngine/]: Missing sound for event: minecraft:entity.villager.work_fletcher
[27Sep2026 09:11:16.284] [Render thread/WARN] [net.minecraft.client.sounds.SoundEngine/]: Missing sound for event: minecraft:entity.villager.work_leatherworker
[27Sep2026 09:11:16.284] [Render thread/WARN] [net.minecraft.client.sounds.SoundEngine/]: Missing sound for event: minecraft:entity.villager.work_librarian
[27Sep2026 09:11:16.284] [Render thread/WARN] [net.minecraft.client.sounds.SoundEngine/]: Missing sound for event: minecraft:entity.villager.work_mason
[27Sep2026 09:11:16.284] [Render thread/WARN] [net.minecraft.client.sounds.SoundEngine/]: Missing sound for event: minecraft:entity.villager.work_shepherd
[27Sep2026 09:11:16.284] [Render thread/WARN] [net.minecraft.client.sounds.SoundEngine/]: Missing sound for event: minecraft:entity.villager.work_toolsmith
[27Sep2026 09:11:16.284] [Render thread/WARN] [net.minecraft.client.sounds.SoundEngine/]: Missing sound for event: minecraft:entity.villager.work_weaponsmith
[27Sep2026 09:11:16.284] [Render thread/WARN] [net.minecraft.client.sounds.SoundEngine/]: Missing sound for event: minecraft:entity.vindicator.ambient
[27Sep2026 09:11:16.284] [Render thread/WARN] [net.minecraft.client.sounds.SoundEngine/]: Missing sound for event: minecraft:entity.vindicator.celebrate
[27Sep2026 09:11:16.284] [Render thread/WARN] [net.minecraft.client.sounds.SoundEngine/]: Missing sound for event: minecraft:entity.vindicator.death
[27Sep2026 09:11:16.284] [Render thread/WARN] [net.minecraft.client.sounds.SoundEngine/]: Missing sound for event: minecraft:entity.vindicator.hurt
[27Sep2026 09:11:16.284] [Render thread/WARN] [net.minecraft.client.sounds.SoundEngine/]: Missing sound for event: minecraft:block.vine.break
[27Sep2026 09:11:16.284] [Render thread/WARN] [net.minecraft.client.sounds.SoundEngine/]: Missing sound for event: minecraft:block.vine.fall
[27Sep2026 09:11:16.284] [Render thread/WARN] [net.minecraft.client.sounds.SoundEngine/]: Missing sound for event: minecraft:block.vine.hit
[27Sep2026 09:11:16.284] [Render thread/WARN] [net.minecraft.client.sounds.SoundEngine/]: Missing sound for event: minecraft:block.vine.place
[27Sep2026 09:11:16.284] [Render thread/WARN] [net.minecraft.client.sounds.SoundEngine/]: Missing sound for event: minecraft:block.vine.step
[27Sep2026 09:11:16.284] [Render thread/WARN] [net.minecraft.client.sounds.SoundEngine/]: Missing sound for event: minecraft:block.lily_pad.place
[27Sep2026 09:11:16.284] [Render thread/WARN] [net.minecraft.client.sounds.SoundEngine/]: Missing sound for event: minecraft:entity.wandering_trader.ambient
[27Sep2026 09:11:16.284] [Render thread/WARN] [net.minecraft.client.sounds.SoundEngine/]: Missing sound for event: minecraft:entity.wandering_trader.death
[27Sep2026 09:11:16.284] [Render thread/WARN] [net.minecraft.client.sounds.SoundEngine/]: Missing sound for event: minecraft:entity.wandering_trader.disappeared
[27Sep2026 09:11:16.284] [Render thread/WARN] [net.minecraft.client.sounds.SoundEngine/]: Missing sound for event: minecraft:entity.wandering_trader.drink_milk
[27Sep2026 09:11:16.284] [Render thread/WARN] [net.minecraft.client.sounds.SoundEngine/]: Missing sound for event: minecraft:entity.wandering_trader.drink_potion
[27Sep2026 09:11:16.284] [Render thread/WARN] [net.minecraft.client.sounds.SoundEngine/]: Missing sound for event: minecraft:entity.wandering_trader.hurt
[27Sep2026 09:11:16.284] [Render thread/WARN] [net.minecraft.client.sounds.SoundEngine/]: Missing sound for event: minecraft:entity.wandering_trader.no
[27Sep2026 09:11:16.284] [Render thread/WARN] [net.minecraft.client.sounds.SoundEngine/]: Missing sound for event: minecraft:entity.wandering_trader.reappeared
[27Sep2026 09:11:16.285] [Render thread/WARN] [net.minecraft.client.sounds.SoundEngine/]: Missing sound for event: minecraft:entity.wandering_trader.trade
[27Sep2026 09:11:16.285] [Render thread/WARN] [net.minecraft.client.sounds.SoundEngine/]: Missing sound for event: minecraft:entity.wandering_trader.yes
[27Sep2026 09:11:16.285] [Render thread/WARN] [net.minecraft.client.sounds.SoundEngine/]: Missing sound for event: minecraft:entity.warden.agitated
[27Sep2026 09:11:16.285] [Render thread/WARN] [net.minecraft.client.sounds.SoundEngine/]: Missing sound for event: minecraft:entity.warden.ambient
[27Sep2026 09:11:16.285] [Render thread/WARN] [net.minecraft.client.sounds.SoundEngine/]: Missing sound for event: minecraft:entity.warden.angry
[27Sep2026 09:11:16.285] [Render thread/WARN] [net.minecraft.client.sounds.SoundEngine/]: Missing sound for event: minecraft:entity.warden.attack_impact
[27Sep2026 09:11:16.285] [Render thread/WARN] [net.minecraft.client.sounds.SoundEngine/]: Missing sound for event: minecraft:entity.warden.death
[27Sep2026 09:11:16.285] [Render thread/WARN] [net.minecraft.client.sounds.SoundEngine/]: Missing sound for event: minecraft:entity.warden.dig
[27Sep2026 09:11:16.285] [Render thread/WARN] [net.minecraft.client.sounds.SoundEngine/]: Missing sound for event: minecraft:entity.warden.emerge
[27Sep2026 09:11:16.285] [Render thread/WARN] [net.minecraft.client.sounds.SoundEngine/]: Missing sound for event: minecraft:entity.warden.heartbeat
[27Sep2026 09:11:16.285] [Render thread/WARN] [net.minecraft.client.sounds.SoundEngine/]: Missing sound for event: minecraft:entity.warden.hurt
[27Sep2026 09:11:16.285] [Render thread/WARN] [net.minecraft.client.sounds.SoundEngine/]: Missing sound for event: minecraft:entity.warden.listening
[27Sep2026 09:11:16.285] [Render thread/WARN] [net.minecraft.client.sounds.SoundEngine/]: Missing sound for event: minecraft:entity.warden.listening_angry
[27Sep2026 09:11:16.285] [Render thread/WARN] [net.minecraft.client.sounds.SoundEngine/]: Missing sound for event: minecraft:entity.warden.nearby_close
[27Sep2026 09:11:16.285] [Render thread/WARN] [net.minecraft.client.sounds.SoundEngine/]: Missing sound for event: minecraft:entity.warden.nearby_closer
[27Sep2026 09:11:16.285] [Render thread/WARN] [net.minecraft.client.sounds.SoundEngine/]: Missing sound for event: minecraft:entity.warden.nearby_closest
[27Sep2026 09:11:16.285] [Render thread/WARN] [net.minecraft.client.sounds.SoundEngine/]: Missing sound for event: minecraft:entity.warden.roar
[27Sep2026 09:11:16.285] [Render thread/WARN] [net.minecraft.client.sounds.SoundEngine/]: Missing sound for event: minecraft:entity.warden.sniff
[27Sep2026 09:11:16.285] [Render thread/WARN] [net.minecraft.client.sounds.SoundEngine/]: Missing sound for event: minecraft:entity.warden.sonic_boom
[27Sep2026 09:11:16.285] [Render thread/WARN] [net.minecraft.client.sounds.SoundEngine/]: Missing sound for event: minecraft:entity.warden.sonic_charge
[27Sep2026 09:11:16.285] [Render thread/WARN] [net.minecraft.client.sounds.SoundEngine/]: Missing sound for event: minecraft:entity.warden.step
[27Sep2026 09:11:16.285] [Render thread/WARN] [net.minecraft.client.sounds.SoundEngine/]: Missing sound for event: minecraft:entity.warden.tendril_clicks
[27Sep2026 09:11:16.285] [Render thread/WARN] [net.minecraft.client.sounds.SoundEngine/]: Missing sound for event: minecraft:block.hanging_sign.waxed_interact_fail
[27Sep2026 09:11:16.285] [Render thread/WARN] [net.minecraft.client.sounds.SoundEngine/]: Missing sound for event: minecraft:block.sign.waxed_interact_fail
[27Sep2026 09:11:16.285] [Render thread/WARN] [net.minecraft.client.sounds.SoundEngine/]: Missing sound for event: minecraft:block.water.ambient
[27Sep2026 09:11:16.285] [Render thread/WARN] [net.minecraft.client.sounds.SoundEngine/]: Missing sound for event: minecraft:weather.end_flash
[27Sep2026 09:11:16.285] [Render thread/WARN] [net.minecraft.client.sounds.SoundEngine/]: Missing sound for event: minecraft:weather.rain
[27Sep2026 09:11:16.285] [Render thread/WARN] [net.minecraft.client.sounds.SoundEngine/]: Missing sound for event: minecraft:weather.rain.above
[27Sep2026 09:11:16.285] [Render thread/WARN] [net.minecraft.client.sounds.SoundEngine/]: Missing sound for event: minecraft:block.wet_grass.break
[27Sep2026 09:11:16.285] [Render thread/WARN] [net.minecraft.client.sounds.SoundEngine/]: Missing sound for event: minecraft:block.wet_grass.fall
[27Sep2026 09:11:16.285] [Render thread/WARN] [net.minecraft.client.sounds.SoundEngine/]: Missing sound for event: minecraft:block.wet_grass.hit
[27Sep2026 09:11:16.285] [Render thread/WARN] [net.minecraft.client.sounds.SoundEngine/]: Missing sound for event: minecraft:block.wet_grass.place
[27Sep2026 09:11:16.285] [Render thread/WARN] [net.minecraft.client.sounds.SoundEngine/]: Missing sound for event: minecraft:block.wet_grass.step
[27Sep2026 09:11:16.285] [Render thread/WARN] [net.minecraft.client.sounds.SoundEngine/]: Missing sound for event: minecraft:block.wet_sponge.break
[27Sep2026 09:11:16.286] [Render thread/WARN] [net.minecraft.client.sounds.SoundEngine/]: Missing sound for event: minecraft:block.wet_sponge.dries
[27Sep2026 09:11:16.286] [Render thread/WARN] [net.minecraft.client.sounds.SoundEngine/]: Missing sound for event: minecraft:block.wet_sponge.fall
[27Sep2026 09:11:16.286] [Render thread/WARN] [net.minecraft.client.sounds.SoundEngine/]: Missing sound for event: minecraft:block.wet_sponge.hit
[27Sep2026 09:11:16.286] [Render thread/WARN] [net.minecraft.client.sounds.SoundEngine/]: Missing sound for event: minecraft:block.wet_sponge.place
[27Sep2026 09:11:16.286] [Render thread/WARN] [net.minecraft.client.sounds.SoundEngine/]: Missing sound for event: minecraft:block.wet_sponge.step
[27Sep2026 09:11:16.286] [Render thread/WARN] [net.minecraft.client.sounds.SoundEngine/]: Missing sound for event: minecraft:entity.wind_charge.wind_burst
[27Sep2026 09:11:16.286] [Render thread/WARN] [net.minecraft.client.sounds.SoundEngine/]: Missing sound for event: minecraft:entity.wind_charge.throw
[27Sep2026 09:11:16.286] [Render thread/WARN] [net.minecraft.client.sounds.SoundEngine/]: Missing sound for event: minecraft:entity.witch.ambient
[27Sep2026 09:11:16.286] [Render thread/WARN] [net.minecraft.client.sounds.SoundEngine/]: Missing sound for event: minecraft:entity.witch.celebrate
[27Sep2026 09:11:16.286] [Render thread/WARN] [net.minecraft.client.sounds.SoundEngine/]: Missing sound for event: minecraft:entity.witch.death
[27Sep2026 09:11:16.286] [Render thread/WARN] [net.minecraft.client.sounds.SoundEngine/]: Missing sound for event: minecraft:entity.witch.drink
[27Sep2026 09:11:16.286] [Render thread/WARN] [net.minecraft.client.sounds.SoundEngine/]: Missing sound for event: minecraft:entity.witch.hurt
[27Sep2026 09:11:16.286] [Render thread/WARN] [net.minecraft.client.sounds.SoundEngine/]: Missing sound for event: minecraft:entity.witch.throw
[27Sep2026 09:11:16.286] [Render thread/WARN] [net.minecraft.client.sounds.SoundEngine/]: Missing sound for event: minecraft:entity.wither.ambient
[27Sep2026 09:11:16.286] [Render thread/WARN] [net.minecraft.client.sounds.SoundEngine/]: Missing sound for event: minecraft:entity.wither.break_block
[27Sep2026 09:11:16.286] [Render thread/WARN] [net.minecraft.client.sounds.SoundEngine/]: Missing sound for event: minecraft:entity.wither.death
[27Sep2026 09:11:16.286] [Render thread/WARN] [net.minecraft.client.sounds.SoundEngine/]: Missing sound for event: minecraft:entity.wither.hurt
[27Sep2026 09:11:16.286] [Render thread/WARN] [net.minecraft.client.sounds.SoundEngine/]: Missing sound for event: minecraft:entity.wither.shoot
[27Sep2026 09:11:16.286] [Render thread/WARN] [net.minecraft.client.sounds.SoundEngine/]: Missing sound for event: minecraft:entity.wither_skeleton.ambient
[27Sep2026 09:11:16.286] [Render thread/WARN] [net.minecraft.client.sounds.SoundEngine/]: Missing sound for event: minecraft:entity.wither_skeleton.death
[27Sep2026 09:11:16.286] [Render thread/WARN] [net.minecraft.client.sounds.SoundEngine/]: Missing sound for event: minecraft:entity.wither_skeleton.hurt
[27Sep2026 09:11:16.286] [Render thread/WARN] [net.minecraft.client.sounds.SoundEngine/]: Missing sound for event: minecraft:entity.wither_skeleton.step
[27Sep2026 09:11:16.286] [Render thread/WARN] [net.minecraft.client.sounds.SoundEngine/]: Missing sound for event: minecraft:entity.wither.spawn
[27Sep2026 09:11:16.286] [Render thread/WARN] [net.minecraft.client.sounds.SoundEngine/]: Missing sound for event: minecraft:item.wolf_armor.break
[27Sep2026 09:11:16.286] [Render thread/WARN] [net.minecraft.client.sounds.SoundEngine/]: Missing sound for event: minecraft:entity.baby_wolf.ambient
[27Sep2026 09:11:16.286] [Render thread/WARN] [net.minecraft.client.sounds.SoundEngine/]: Missing sound for event: minecraft:item.wolf_armor.crack
[27Sep2026 09:11:16.286] [Render thread/WARN] [net.minecraft.client.sounds.SoundEngine/]: Missing sound for event: minecraft:item.wolf_armor.damage
[27Sep2026 09:11:16.286] [Render thread/WARN] [net.minecraft.client.sounds.SoundEngine/]: Missing sound for event: minecraft:item.wolf_armor.repair
[27Sep2026 09:11:16.286] [Render thread/WARN] [net.minecraft.client.sounds.SoundEngine/]: Missing sound for event: minecraft:entity.baby_wolf.death
[27Sep2026 09:11:16.286] [Render thread/WARN] [net.minecraft.client.sounds.SoundEngine/]: Missing sound for event: minecraft:entity.baby_wolf.growl
[27Sep2026 09:11:16.286] [Render thread/WARN] [net.minecraft.client.sounds.SoundEngine/]: Missing sound for event: minecraft:entity.baby_wolf.hurt
[27Sep2026 09:11:16.286] [Render thread/WARN] [net.minecraft.client.sounds.SoundEngine/]: Missing sound for event: minecraft:entity.baby_wolf.pant
[27Sep2026 09:11:16.286] [Render thread/WARN] [net.minecraft.client.sounds.SoundEngine/]: Missing sound for event: minecraft:entity.wolf.shake
[27Sep2026 09:11:16.286] [Render thread/WARN] [net.minecraft.client.sounds.SoundEngine/]: Missing sound for event: minecraft:entity.wolf.step
[27Sep2026 09:11:16.286] [Render thread/WARN] [net.minecraft.client.sounds.SoundEngine/]: Missing sound for event: minecraft:entity.baby_wolf.step
[27Sep2026 09:11:16.286] [Render thread/WARN] [net.minecraft.client.sounds.SoundEngine/]: Missing sound for event: minecraft:entity.baby_wolf.whine
[27Sep2026 09:11:16.286] [Render thread/WARN] [net.minecraft.client.sounds.SoundEngine/]: Missing sound for event: minecraft:entity.wolf.ambient
[27Sep2026 09:11:16.286] [Render thread/WARN] [net.minecraft.client.sounds.SoundEngine/]: Missing sound for event: minecraft:entity.wolf.death
[27Sep2026 09:11:16.287] [Render thread/WARN] [net.minecraft.client.sounds.SoundEngine/]: Missing sound for event: minecraft:entity.wolf.growl
[27Sep2026 09:11:16.287] [Render thread/WARN] [net.minecraft.client.sounds.SoundEngine/]: Missing sound for event: minecraft:entity.wolf.hurt
[27Sep2026 09:11:16.287] [Render thread/WARN] [net.minecraft.client.sounds.SoundEngine/]: Missing sound for event: minecraft:entity.wolf.pant
[27Sep2026 09:11:16.287] [Render thread/WARN] [net.minecraft.client.sounds.SoundEngine/]: Missing sound for event: minecraft:entity.wolf.whine
[27Sep2026 09:11:16.287] [Render thread/WARN] [net.minecraft.client.sounds.SoundEngine/]: Missing sound for event: minecraft:entity.wolf_puglin.ambient
[27Sep2026 09:11:16.287] [Render thread/WARN] [net.minecraft.client.sounds.SoundEngine/]: Missing sound for event: minecraft:entity.wolf_puglin.death
[27Sep2026 09:11:16.287] [Render thread/WARN] [net.minecraft.client.sounds.SoundEngine/]: Missing sound for event: minecraft:entity.wolf_puglin.growl
[27Sep2026 09:11:16.287] [Render thread/WARN] [net.minecraft.client.sounds.SoundEngine/]: Missing sound for event: minecraft:entity.wolf_puglin.hurt
[27Sep2026 09:11:16.287] [Render thread/WARN] [net.minecraft.client.sounds.SoundEngine/]: Missing sound for event: minecraft:entity.wolf_puglin.pant
[27Sep2026 09:11:16.287] [Render thread/WARN] [net.minecraft.client.sounds.SoundEngine/]: Missing sound for event: minecraft:entity.wolf_puglin.whine
[27Sep2026 09:11:16.287] [Render thread/WARN] [net.minecraft.client.sounds.SoundEngine/]: Missing sound for event: minecraft:entity.wolf_sad.ambient
[27Sep2026 09:11:16.287] [Render thread/WARN] [net.minecraft.client.sounds.SoundEngine/]: Missing sound for event: minecraft:entity.wolf_sad.death
[27Sep2026 09:11:16.287] [Render thread/WARN] [net.minecraft.client.sounds.SoundEngine/]: Missing sound for event: minecraft:entity.wolf_sad.growl
[27Sep2026 09:11:16.287] [Render thread/WARN] [net.minecraft.client.sounds.SoundEngine/]: Missing sound for event: minecraft:entity.wolf_sad.hurt
[27Sep2026 09:11:16.287] [Render thread/WARN] [net.minecraft.client.sounds.SoundEngine/]: Missing sound for event: minecraft:entity.wolf_sad.pant
[27Sep2026 09:11:16.287] [Render thread/WARN] [net.minecraft.client.sounds.SoundEngine/]: Missing sound for event: minecraft:entity.wolf_sad.whine
[27Sep2026 09:11:16.287] [Render thread/WARN] [net.minecraft.client.sounds.SoundEngine/]: Missing sound for event: minecraft:entity.wolf_angry.ambient
[27Sep2026 09:11:16.287] [Render thread/WARN] [net.minecraft.client.sounds.SoundEngine/]: Missing sound for event: minecraft:entity.wolf_angry.death
[27Sep2026 09:11:16.287] [Render thread/WARN] [net.minecraft.client.sounds.SoundEngine/]: Missing sound for event: minecraft:entity.wolf_angry.growl
[27Sep2026 09:11:16.287] [Render thread/WARN] [net.minecraft.client.sounds.SoundEngine/]: Missing sound for event: minecraft:entity.wolf_angry.hurt
[27Sep2026 09:11:16.287] [Render thread/WARN] [net.minecraft.client.sounds.SoundEngine/]: Missing sound for event: minecraft:entity.wolf_angry.pant
[27Sep2026 09:11:16.287] [Render thread/WARN] [net.minecraft.client.sounds.SoundEngine/]: Missing sound for event: minecraft:entity.wolf_angry.whine
[27Sep2026 09:11:16.287] [Render thread/WARN] [net.minecraft.client.sounds.SoundEngine/]: Missing sound for event: minecraft:entity.wolf_grumpy.ambient
[27Sep2026 09:11:16.287] [Render thread/WARN] [net.minecraft.client.sounds.SoundEngine/]: Missing sound for event: minecraft:entity.wolf_grumpy.death
[27Sep2026 09:11:16.287] [Render thread/WARN] [net.minecraft.client.sounds.SoundEngine/]: Missing sound for event: minecraft:entity.wolf_grumpy.growl
[27Sep2026 09:11:16.287] [Render thread/WARN] [net.minecraft.client.sounds.SoundEngine/]: Missing sound for event: minecraft:entity.wolf_grumpy.hurt
[27Sep2026 09:11:16.287] [Render thread/WARN] [net.minecraft.client.sounds.SoundEngine/]: Missing sound for event: minecraft:entity.wolf_grumpy.pant
[27Sep2026 09:11:16.287] [Render thread/WARN] [net.minecraft.client.sounds.SoundEngine/]: Missing sound for event: minecraft:entity.wolf_grumpy.whine
[27Sep2026 09:11:16.287] [Render thread/WARN] [net.minecraft.client.sounds.SoundEngine/]: Missing sound for event: minecraft:entity.wolf_big.ambient
[27Sep2026 09:11:16.287] [Render thread/WARN] [net.minecraft.client.sounds.SoundEngine/]: Missing sound for event: minecraft:entity.wolf_big.death
[27Sep2026 09:11:16.287] [Render thread/WARN] [net.minecraft.client.sounds.SoundEngine/]: Missing sound for event: minecraft:entity.wolf_big.growl
[27Sep2026 09:11:16.287] [Render thread/WARN] [net.minecraft.client.sounds.SoundEngine/]: Missing sound for event: minecraft:entity.wolf_big.hurt
[27Sep2026 09:11:16.287] [Render thread/WARN] [net.minecraft.client.sounds.SoundEngine/]: Missing sound for event: minecraft:entity.wolf_big.pant
[27Sep2026 09:11:16.287] [Render thread/WARN] [net.minecraft.client.sounds.SoundEngine/]: Missing sound for event: minecraft:entity.wolf_big.whine
[27Sep2026 09:11:16.287] [Render thread/WARN] [net.minecraft.client.sounds.SoundEngine/]: Missing sound for event: minecraft:entity.wolf_cute.ambient
[27Sep2026 09:11:16.287] [Render thread/WARN] [net.minecraft.client.sounds.SoundEngine/]: Missing sound for event: minecraft:entity.wolf_cute.death
[27Sep2026 09:11:16.287] [Render thread/WARN] [net.minecraft.client.sounds.SoundEngine/]: Missing sound for event: minecraft:entity.wolf_cute.growl
[27Sep2026 09:11:16.287] [Render thread/WARN] [net.minecraft.client.sounds.SoundEngine/]: Missing sound for event: minecraft:entity.wolf_cute.hurt
[27Sep2026 09:11:16.287] [Render thread/WARN] [net.minecraft.client.sounds.SoundEngine/]: Missing sound for event: minecraft:entity.wolf_cute.pant
[27Sep2026 09:11:16.287] [Render thread/WARN] [net.minecraft.client.sounds.SoundEngine/]: Missing sound for event: minecraft:entity.wolf_cute.whine
[27Sep2026 09:11:16.287] [Render thread/WARN] [net.minecraft.client.sounds.SoundEngine/]: Missing sound for event: minecraft:block.wooden_door.close
[27Sep2026 09:11:16.288] [Render thread/WARN] [net.minecraft.client.sounds.SoundEngine/]: Missing sound for event: minecraft:block.wooden_door.open
[27Sep2026 09:11:16.288] [Render thread/WARN] [net.minecraft.client.sounds.SoundEngine/]: Missing sound for event: minecraft:block.wooden_trapdoor.close
[27Sep2026 09:11:16.288] [Render thread/WARN] [net.minecraft.client.sounds.SoundEngine/]: Missing sound for event: minecraft:block.wooden_trapdoor.open
[27Sep2026 09:11:16.288] [Render thread/WARN] [net.minecraft.client.sounds.SoundEngine/]: Missing sound for event: minecraft:block.wooden_button.click_off
[27Sep2026 09:11:16.288] [Render thread/WARN] [net.minecraft.client.sounds.SoundEngine/]: Missing sound for event: minecraft:block.wooden_button.click_on
[27Sep2026 09:11:16.288] [Render thread/WARN] [net.minecraft.client.sounds.SoundEngine/]: Missing sound for event: minecraft:block.wooden_pressure_plate.click_off
[27Sep2026 09:11:16.288] [Render thread/WARN] [net.minecraft.client.sounds.SoundEngine/]: Missing sound for event: minecraft:block.wooden_pressure_plate.click_on
[27Sep2026 09:11:16.288] [Render thread/WARN] [net.minecraft.client.sounds.SoundEngine/]: Missing sound for event: minecraft:block.wood.break
[27Sep2026 09:11:16.288] [Render thread/WARN] [net.minecraft.client.sounds.SoundEngine/]: Missing sound for event: minecraft:block.wood.fall
[27Sep2026 09:11:16.288] [Render thread/WARN] [net.minecraft.client.sounds.SoundEngine/]: Missing sound for event: minecraft:block.wood.hit
[27Sep2026 09:11:16.288] [Render thread/WARN] [net.minecraft.client.sounds.SoundEngine/]: Missing sound for event: minecraft:block.wood.place
[27Sep2026 09:11:16.288] [Render thread/WARN] [net.minecraft.client.sounds.SoundEngine/]: Missing sound for event: minecraft:block.wood.step
[27Sep2026 09:11:16.288] [Render thread/WARN] [net.minecraft.client.sounds.SoundEngine/]: Missing sound for event: minecraft:block.wool.break
[27Sep2026 09:11:16.288] [Render thread/WARN] [net.minecraft.client.sounds.SoundEngine/]: Missing sound for event: minecraft:block.wool.fall
[27Sep2026 09:11:16.288] [Render thread/WARN] [net.minecraft.client.sounds.SoundEngine/]: Missing sound for event: minecraft:block.wool.hit
[27Sep2026 09:11:16.288] [Render thread/WARN] [net.minecraft.client.sounds.SoundEngine/]: Missing sound for event: minecraft:block.wool.place
[27Sep2026 09:11:16.288] [Render thread/WARN] [net.minecraft.client.sounds.SoundEngine/]: Missing sound for event: minecraft:block.wool.step
[27Sep2026 09:11:16.288] [Render thread/WARN] [net.minecraft.client.sounds.SoundEngine/]: Missing sound for event: minecraft:entity.zoglin.ambient
[27Sep2026 09:11:16.288] [Render thread/WARN] [net.minecraft.client.sounds.SoundEngine/]: Missing sound for event: minecraft:entity.zoglin.angry
[27Sep2026 09:11:16.288] [Render thread/WARN] [net.minecraft.client.sounds.SoundEngine/]: Missing sound for event: minecraft:entity.zoglin.attack
[27Sep2026 09:11:16.288] [Render thread/WARN] [net.minecraft.client.sounds.SoundEngine/]: Missing sound for event: minecraft:entity.zoglin.death
[27Sep2026 09:11:16.288] [Render thread/WARN] [net.minecraft.client.sounds.SoundEngine/]: Missing sound for event: minecraft:entity.zoglin.hurt
[27Sep2026 09:11:16.288] [Render thread/WARN] [net.minecraft.client.sounds.SoundEngine/]: Missing sound for event: minecraft:entity.zoglin.step
[27Sep2026 09:11:16.288] [Render thread/WARN] [net.minecraft.client.sounds.SoundEngine/]: Missing sound for event: minecraft:entity.zombie.ambient
[27Sep2026 09:11:16.288] [Render thread/WARN] [net.minecraft.client.sounds.SoundEngine/]: Missing sound for event: minecraft:entity.zombie.attack_wooden_door
[27Sep2026 09:11:16.288] [Render thread/WARN] [net.minecraft.client.sounds.SoundEngine/]: Missing sound for event: minecraft:entity.zombie.attack_iron_door
[27Sep2026 09:11:16.288] [Render thread/WARN] [net.minecraft.client.sounds.SoundEngine/]: Missing sound for event: minecraft:entity.zombie.break_wooden_door
[27Sep2026 09:11:16.288] [Render thread/WARN] [net.minecraft.client.sounds.SoundEngine/]: Missing sound for event: minecraft:entity.zombie.converted_to_drowned
[27Sep2026 09:11:16.288] [Render thread/WARN] [net.minecraft.client.sounds.SoundEngine/]: Missing sound for event: minecraft:entity.zombie.death
[27Sep2026 09:11:16.288] [Render thread/WARN] [net.minecraft.client.sounds.SoundEngine/]: Missing sound for event: minecraft:entity.zombie.destroy_egg
[27Sep2026 09:11:16.288] [Render thread/WARN] [net.minecraft.client.sounds.SoundEngine/]: Missing sound for event: minecraft:entity.zombie_horse.ambient
[27Sep2026 09:11:16.288] [Render thread/WARN] [net.minecraft.client.sounds.SoundEngine/]: Missing sound for event: minecraft:entity.zombie_horse.angry
[27Sep2026 09:11:16.288] [Render thread/WARN] [net.minecraft.client.sounds.SoundEngine/]: Missing sound for event: minecraft:entity.zombie_horse.death
[27Sep2026 09:11:16.288] [Render thread/WARN] [net.minecraft.client.sounds.SoundEngine/]: Missing sound for event: minecraft:entity.zombie_horse.eat
[27Sep2026 09:11:16.288] [Render thread/WARN] [net.minecraft.client.sounds.SoundEngine/]: Missing sound for event: minecraft:entity.zombie_horse.hurt
[27Sep2026 09:11:16.288] [Render thread/WARN] [net.minecraft.client.sounds.SoundEngine/]: Missing sound for event: minecraft:entity.zombie.hurt
[27Sep2026 09:11:16.288] [Render thread/WARN] [net.minecraft.client.sounds.SoundEngine/]: Missing sound for event: minecraft:entity.zombie.infect
[27Sep2026 09:11:16.288] [Render thread/WARN] [net.minecraft.client.sounds.SoundEngine/]: Missing sound for event: minecraft:entity.zombie_nautilus.ambient
[27Sep2026 09:11:16.288] [Render thread/WARN] [net.minecraft.client.sounds.SoundEngine/]: Missing sound for event: minecraft:entity.zombie_nautilus.ambient_land
[27Sep2026 09:11:16.288] [Render thread/WARN] [net.minecraft.client.sounds.SoundEngine/]: Missing sound for event: minecraft:entity.zombie_nautilus.dash
[27Sep2026 09:11:16.289] [Render thread/WARN] [net.minecraft.client.sounds.SoundEngine/]: Missing sound for event: minecraft:entity.zombie_nautilus.dash_land
[27Sep2026 09:11:16.289] [Render thread/WARN] [net.minecraft.client.sounds.SoundEngine/]: Missing sound for event: minecraft:entity.zombie_nautilus.dash_ready
[27Sep2026 09:11:16.289] [Render thread/WARN] [net.minecraft.client.sounds.SoundEngine/]: Missing sound for event: minecraft:entity.zombie_nautilus.dash_ready_land
[27Sep2026 09:11:16.289] [Render thread/WARN] [net.minecraft.client.sounds.SoundEngine/]: Missing sound for event: minecraft:entity.zombie_nautilus.death
[27Sep2026 09:11:16.289] [Render thread/WARN] [net.minecraft.client.sounds.SoundEngine/]: Missing sound for event: minecraft:entity.zombie_nautilus.death_land
[27Sep2026 09:11:16.289] [Render thread/WARN] [net.minecraft.client.sounds.SoundEngine/]: Missing sound for event: minecraft:entity.zombie_nautilus.eat
[27Sep2026 09:11:16.289] [Render thread/WARN] [net.minecraft.client.sounds.SoundEngine/]: Missing sound for event: minecraft:entity.zombie_nautilus.hurt
[27Sep2026 09:11:16.289] [Render thread/WARN] [net.minecraft.client.sounds.SoundEngine/]: Missing sound for event: minecraft:entity.zombie_nautilus.hurt_land
[27Sep2026 09:11:16.289] [Render thread/WARN] [net.minecraft.client.sounds.SoundEngine/]: Missing sound for event: minecraft:entity.zombie_nautilus.swim
[27Sep2026 09:11:16.289] [Render thread/WARN] [net.minecraft.client.sounds.SoundEngine/]: Missing sound for event: minecraft:entity.zombified_piglin.ambient
[27Sep2026 09:11:16.289] [Render thread/WARN] [net.minecraft.client.sounds.SoundEngine/]: Missing sound for event: minecraft:entity.zombified_piglin.angry
[27Sep2026 09:11:16.289] [Render thread/WARN] [net.minecraft.client.sounds.SoundEngine/]: Missing sound for event: minecraft:entity.zombified_piglin.death
[27Sep2026 09:11:16.289] [Render thread/WARN] [net.minecraft.client.sounds.SoundEngine/]: Missing sound for event: minecraft:entity.zombified_piglin.hurt
[27Sep2026 09:11:16.289] [Render thread/WARN] [net.minecraft.client.sounds.SoundEngine/]: Missing sound for event: minecraft:entity.zombie.step
[27Sep2026 09:11:16.289] [Render thread/WARN] [net.minecraft.client.sounds.SoundEngine/]: Missing sound for event: minecraft:entity.zombie_villager.ambient
[27Sep2026 09:11:16.289] [Render thread/WARN] [net.minecraft.client.sounds.SoundEngine/]: Missing sound for event: minecraft:entity.zombie_villager.converted
[27Sep2026 09:11:16.289] [Render thread/WARN] [net.minecraft.client.sounds.SoundEngine/]: Missing sound for event: minecraft:entity.zombie_villager.cure
[27Sep2026 09:11:16.289] [Render thread/WARN] [net.minecraft.client.sounds.SoundEngine/]: Missing sound for event: minecraft:entity.zombie_villager.death
[27Sep2026 09:11:16.289] [Render thread/WARN] [net.minecraft.client.sounds.SoundEngine/]: Missing sound for event: minecraft:entity.zombie_villager.hurt
[27Sep2026 09:11:16.289] [Render thread/WARN] [net.minecraft.client.sounds.SoundEngine/]: Missing sound for event: minecraft:entity.zombie_villager.step
[27Sep2026 09:11:16.289] [Render thread/WARN] [net.minecraft.client.sounds.SoundEngine/]: Missing sound for event: minecraft:event.mob_effect.bad_omen
[27Sep2026 09:11:16.289] [Render thread/WARN] [net.minecraft.client.sounds.SoundEngine/]: Missing sound for event: minecraft:event.mob_effect.trial_omen
[27Sep2026 09:11:16.289] [Render thread/WARN] [net.minecraft.client.sounds.SoundEngine/]: Missing sound for event: minecraft:event.mob_effect.raid_omen
[27Sep2026 09:11:16.289] [Render thread/WARN] [net.minecraft.client.sounds.SoundEngine/]: Missing sound for event: minecraft:item.saddle.unequip
[27Sep2026 09:11:16.289] [Render thread/WARN] [net.minecraft.client.sounds.SoundEngine/]: Missing sound for event: minecraft:item.nautilus_saddle_underwater_equip
[27Sep2026 09:11:16.289] [Render thread/WARN] [net.minecraft.client.sounds.SoundEngine/]: Missing sound for event: minecraft:item.nautilus_saddle_equip
[27Sep2026 09:11:16.313] [Render thread/ERROR] [net.minecraft.client.sounds.SoundEngine/SOUNDS]: Error starting SoundSystem. Turning off sounds & music
java.lang.IllegalStateException: Failed to open OpenAL device
	at TRANSFORMER/minecraft@26.1.2/com.mojang.blaze3d.audio.Library.openDeviceOrFallback(Library.java:275) ~[forge-26.1.2-64.1.3-client.jar!/:?]
	at TRANSFORMER/minecraft@26.1.2/com.mojang.blaze3d.audio.Library.init(Library.java:150) ~[forge-26.1.2-64.1.3-client.jar!/:?]
	at TRANSFORMER/minecraft@26.1.2/net.minecraft.client.sounds.SoundEngine.loadLibrary(SoundEngine.java:111) ~[forge-26.1.2-64.1.3-client.jar!/:?]
	at TRANSFORMER/minecraft@26.1.2/net.minecraft.client.sounds.SoundEngine.reload(SoundEngine.java:102) ~[forge-26.1.2-64.1.3-client.jar!/:?]
	at TRANSFORMER/minecraft@26.1.2/net.minecraft.client.sounds.SoundManager.apply(SoundManager.java:122) ~[forge-26.1.2-64.1.3-client.jar!/:?]
	at TRANSFORMER/minecraft@26.1.2/net.minecraft.client.sounds.SoundManager.apply(SoundManager.java:41) ~[forge-26.1.2-64.1.3-client.jar!/:?]
	at TRANSFORMER/minecraft@26.1.2/net.minecraft.server.packs.resources.SimplePreparableReloadListener.lambda$reload$1(SimplePreparableReloadListener.java:15) ~[forge-26.1.2-64.1.3-client.jar!/:?]
	at java.base/java.util.concurrent.CompletableFuture$UniAccept.tryFire(CompletableFuture.java:739) ~[?:?]
	at java.base/java.util.concurrent.CompletableFuture$Completion.run(CompletableFuture.java:503) ~[?:?]
	at TRANSFORMER/minecraft@26.1.2/net.minecraft.server.packs.resources.SimpleReloadInstance.lambda$prepareTasks$3(SimpleReloadInstance.java:59) ~[forge-26.1.2-64.1.3-client.jar!/:?]
	at TRANSFORMER/minecraft@26.1.2/net.minecraft.util.thread.BlockableEventLoop.doRunTask(BlockableEventLoop.java:173) ~[forge-26.1.2-64.1.3-client.jar!/:?]
	at TRANSFORMER/minecraft@26.1.2/net.minecraft.util.thread.ReentrantBlockableEventLoop.doRunTask(ReentrantBlockableEventLoop.java:23) ~[forge-26.1.2-64.1.3-client.jar!/:?]
	at TRANSFORMER/minecraft@26.1.2/net.minecraft.util.thread.BlockableEventLoop.pollTask(BlockableEventLoop.java:147) ~[forge-26.1.2-64.1.3-client.jar!/:?]
	at TRANSFORMER/minecraft@26.1.2/net.minecraft.util.thread.BlockableEventLoop.runAllTasks(BlockableEventLoop.java:127) ~[forge-26.1.2-64.1.3-client.jar!/:?]
	at TRANSFORMER/minecraft@26.1.2/net.minecraft.client.Minecraft.runTick(Minecraft.java:1285) ~[forge-26.1.2-64.1.3-client.jar!/:?]
	at TRANSFORMER/minecraft@26.1.2/net.minecraft.client.Minecraft.run(Minecraft.java:930) ~[forge-26.1.2-64.1.3-client.jar!/:?]
	at TRANSFORMER/minecraft@26.1.2/net.minecraft.client.main.Main.main(Main.java:238) ~[forge-26.1.2-64.1.3-client.jar!/:?]
	at java.base/jdk.internal.reflect.DirectMethodHandleAccessor.invoke(DirectMethodHandleAccessor.java:104) ~[?:?]
	at java.base/java.lang.reflect.Method.invoke(Method.java:565) ~[?:?]
	at SECURE-BOOTSTRAP/net.minecraftforge.fmlloader@26.1.2-64.1.3/net.minecraftforge.fml.loading.targets.CommonLaunchHandler.runTarget(CommonLaunchHandler.java:96) ~[fmlloader-26.1.2-64.1.3.jar:?]
	at SECURE-BOOTSTRAP/net.minecraftforge.fmlloader@26.1.2-64.1.3/net.minecraftforge.fml.loading.targets.CommonLaunchHandler.lambda$makeService$0(CommonLaunchHandler.java:79) ~[fmlloader-26.1.2-64.1.3.jar:?]
	at SECURE-BOOTSTRAP/cpw.mods.modlauncher@10.2.6/cpw.mods.modlauncher.LaunchServiceHandler.launch(LaunchServiceHandler.java:84) ~[modlauncher-10.2.6.jar:?]
	at SECURE-BOOTSTRAP/cpw.mods.modlauncher@10.2.6/cpw.mods.modlauncher.LaunchServiceHandler.launch(LaunchServiceHandler.java:104) ~[modlauncher-10.2.6.jar:?]
	at SECURE-BOOTSTRAP/cpw.mods.modlauncher@10.2.6/cpw.mods.modlauncher.Launcher.run(Launcher.java:151) ~[modlauncher-10.2.6.jar:?]
	at SECURE-BOOTSTRAP/cpw.mods.modlauncher@10.2.6/cpw.mods.modlauncher.Launcher.main(Launcher.java:110) ~[modlauncher-10.2.6.jar:?]
	at SECURE-BOOTSTRAP/cpw.mods.modlauncher@10.2.6/cpw.mods.modlauncher.BootstrapEntry.main(BootstrapEntry.java:17) ~[modlauncher-10.2.6.jar:?]
	at net.minecraftforge.bootstrap@2.1.7/net.minecraftforge.bootstrap.Bootstrap.moduleMain(Bootstrap.java:188) [bootstrap-2.1.8.jar:2.1.8]
	at java.base/jdk.internal.reflect.DirectMethodHandleAccessor.invoke(DirectMethodHandleAccessor.java:104) ~[?:?]
	at java.base/java.lang.reflect.Method.invoke(Method.java:565) ~[?:?]
	at net.minecraftforge.bootstrap.Bootstrap.bootstrapMain(Bootstrap.java:133) [bootstrap-2.1.8.jar:2.1.8]
	at net.minecraftforge.bootstrap.Bootstrap.start(Bootstrap.java:53) [bootstrap-2.1.8.jar:2.1.8]
	at net.minecraftforge.bootstrap.ForgeBootstrap.main(ForgeBootstrap.java:19) [bootstrap-2.1.8.jar:2.1.8]
[27Sep2026 09:11:16.316] [Render thread/INFO] [net.minecraft.client.renderer.texture.TextureAtlas/]: Created: 512x256x0 minecraft:textures/atlas/particles.png-atlas
[27Sep2026 09:11:16.414] [Render thread/INFO] [net.minecraft.client.renderer.texture.TextureAtlas/]: Created: 128x128x0 minecraft:textures/atlas/decorated_pot.png-atlas
[27Sep2026 09:11:16.416] [Render thread/INFO] [net.minecraft.client.renderer.texture.TextureAtlas/]: Created: 2048x1024x0 minecraft:textures/atlas/armor_trims.png-atlas
[27Sep2026 09:11:16.449] [Render thread/INFO] [net.minecraft.client.renderer.texture.TextureAtlas/]: Created: 512x256x0 minecraft:textures/atlas/paintings.png-atlas
[27Sep2026 09:11:16.470] [Render thread/INFO] [net.minecraft.client.renderer.texture.TextureAtlas/]: Created: 1024x512x0 minecraft:textures/atlas/shield_patterns.png-atlas
[27Sep2026 09:11:16.473] [Render thread/INFO] [net.minecraft.client.renderer.texture.TextureAtlas/]: Created: 2048x2048x4 minecraft:textures/atlas/blocks.png-atlas
[27Sep2026 09:11:16.734] [Render thread/INFO] [net.minecraft.client.renderer.texture.TextureAtlas/]: Created: 512x512x0 minecraft:textures/atlas/chest.png-atlas
[27Sep2026 09:11:16.736] [Render thread/INFO] [net.minecraft.client.renderer.texture.TextureAtlas/]: Created: 256x128x0 minecraft:textures/atlas/celestials.png-atlas
[27Sep2026 09:11:16.736] [Render thread/INFO] [net.minecraft.client.renderer.texture.TextureAtlas/]: Created: 1024x512x0 minecraft:textures/atlas/banner_patterns.png-atlas
[27Sep2026 09:11:16.737] [Render thread/INFO] [net.minecraft.client.renderer.texture.TextureAtlas/]: Created: 512x512x0 minecraft:textures/atlas/beds.png-atlas
[27Sep2026 09:11:16.741] [Render thread/INFO] [net.minecraft.client.renderer.texture.TextureAtlas/]: Created: 1024x512x0 minecraft:textures/atlas/items.png-atlas
[27Sep2026 09:11:16.754] [Render thread/INFO] [net.minecraft.client.renderer.texture.TextureAtlas/]: Created: 1024x1024x0 minecraft:textures/atlas/gui.png-atlas
[27Sep2026 09:11:16.764] [Render thread/INFO] [net.minecraft.client.renderer.texture.TextureAtlas/]: Created: 128x64x0 minecraft:textures/atlas/map_decorations.png-atlas
[27Sep2026 09:11:16.765] [Render thread/INFO] [net.minecraft.client.renderer.texture.TextureAtlas/]: Created: 512x256x0 minecraft:textures/atlas/signs.png-atlas
[27Sep2026 09:11:16.766] [Render thread/INFO] [net.minecraft.client.renderer.texture.TextureAtlas/]: Created: 512x512x0 minecraft:textures/atlas/shulker_boxes.png-atlas
[27Sep2026 09:11:16.919] [Render thread/INFO] [net.minecraft.client.Minecraft/]: Waiting for overlay to disappear...
[27Sep2026 09:11:16.919] [Render thread/INFO] [net.minecraft.client.Minecraft/]: Waiting for player to load...
[27Sep2026 09:11:16.937] [IO-Worker-1/INFO] [com.mojang.realmsclient.client.RealmsClient/]: Could not authorize you against Realms server: javax.ws.rs.BadRequestException: Invalid session
[27Sep2026 09:11:16.937] [IO-Worker-1/ERROR] [com.mojang.realmsclient.RealmsAvailability/]: Couldn't connect to realms
com.mojang.realmsclient.exception.RealmsServiceException: Realms authentication error with message 'javax.ws.rs.BadRequestException: Invalid session'
	at TRANSFORMER/minecraft@26.1.2/com.mojang.realmsclient.client.RealmsClient.execute(RealmsClient.java:526) ~[forge-26.1.2-64.1.3-client.jar!/:?]
	at TRANSFORMER/minecraft@26.1.2/com.mojang.realmsclient.client.RealmsClient.clientCompatible(RealmsClient.java:307) ~[forge-26.1.2-64.1.3-client.jar!/:?]
	at TRANSFORMER/minecraft@26.1.2/com.mojang.realmsclient.RealmsAvailability.lambda$check$0(RealmsAvailability.java:48) [forge-26.1.2-64.1.3-client.jar!/:?]
	at java.base/java.util.concurrent.CompletableFuture$AsyncSupply.run(CompletableFuture.java:1789) [?:?]
	at java.base/java.util.concurrent.ThreadPoolExecutor.runWorker(ThreadPoolExecutor.java:1090) [?:?]
	at java.base/java.util.concurrent.ThreadPoolExecutor$Worker.run(ThreadPoolExecutor.java:614) [?:?]
	at java.base/java.lang.Thread.run(Thread.java:1474) [?:?]
[27Sep2026 09:11:16.950] [Render thread/INFO] [net.minecraft.client.Minecraft/]: Waiting for overlay to disappear...
[27Sep2026 09:11:16.951] [Render thread/INFO] [net.minecraft.client.Minecraft/]: Waiting for player to load...
[27Sep2026 09:11:16.951] [Render thread/INFO] [net.minecraft.client.Minecraft/]: Waiting for overlay to disappear...
[27Sep2026 09:11:16.951] [Render thread/INFO] [net.minecraft.client.Minecraft/]: Waiting for player to load...
[27Sep2026 09:11:16.951] [Render thread/INFO] [net.minecraft.client.Minecraft/]: Waiting for overlay to disappear...
[27Sep2026 09:11:16.951] [Render thread/INFO] [net.minecraft.client.Minecraft/]: Waiting for player to load...
[27Sep2026 09:11:16.951] [Render thread/INFO] [net.minecraft.client.Minecraft/]: Waiting for overlay to disappear...
[27Sep2026 09:11:16.951] [Render thread/INFO] [net.minecraft.client.Minecraft/]: Waiting for player to load...
[27Sep2026 09:11:16.951] [Render thread/INFO] [net.minecraft.client.Minecraft/]: Waiting for overlay to disappear...
[27Sep2026 09:11:16.951] [Render thread/INFO] [net.minecraft.client.Minecraft/]: Waiting for player to load...
[27Sep2026 09:11:16.951] [Render thread/INFO] [net.minecraft.client.Minecraft/]: Waiting for overlay to disappear...
[27Sep2026 09:11:16.951] [Render thread/INFO] [net.minecraft.client.Minecraft/]: Waiting for player to load...
[27Sep2026 09:11:16.952] [Render thread/INFO] [net.minecraft.client.Minecraft/]: Waiting for overlay to disappear...
[27Sep2026 09:11:16.952] [Render thread/INFO] [net.minecraft.client.Minecraft/]: Waiting for player to load...
[27Sep2026 09:11:16.952] [Render thread/INFO] [net.minecraft.client.Minecraft/]: Waiting for overlay to disappear...
[27Sep2026 09:11:16.952] [Render thread/INFO] [net.minecraft.client.Minecraft/]: Waiting for player to load...
[27Sep2026 09:11:16.952] [Render thread/INFO] [net.minecraft.client.Minecraft/]: Waiting for overlay to disappear...
[27Sep2026 09:11:16.952] [Render thread/INFO] [net.minecraft.client.Minecraft/]: Waiting for player to load...
[27Sep2026 09:11:16.952] [Render thread/INFO] [net.minecraft.client.Minecraft/]: Waiting for overlay to disappear...
[27Sep2026 09:11:16.952] [Render thread/INFO] [net.minecraft.client.Minecraft/]: Waiting for player to load...
[27Sep2026 09:11:16.966] [Render thread/INFO] [net.minecraft.client.Minecraft/]: Waiting for overlay to disappear...
[27Sep2026 09:11:16.966] [Render thread/INFO] [net.minecraft.client.Minecraft/]: Waiting for player to load...
[27Sep2026 09:11:17.018] [Render thread/INFO] [net.minecraft.client.Minecraft/]: Waiting for overlay to disappear...
[27Sep2026 09:11:17.019] [Render thread/INFO] [net.minecraft.client.Minecraft/]: Waiting for player to load...
[27Sep2026 09:11:17.065] [Render thread/INFO] [net.minecraft.client.Minecraft/]: Waiting for overlay to disappear...
[27Sep2026 09:11:17.065] [Render thread/INFO] [net.minecraft.client.Minecraft/]: Waiting for player to load...
[27Sep2026 09:11:17.116] [Render thread/INFO] [net.minecraft.client.Minecraft/]: Waiting for overlay to disappear...
[27Sep2026 09:11:17.116] [Render thread/INFO] [net.minecraft.client.Minecraft/]: Waiting for player to load...
[27Sep2026 09:11:17.165] [Render thread/INFO] [net.minecraft.client.Minecraft/]: Waiting for overlay to disappear...
[27Sep2026 09:11:17.166] [Render thread/INFO] [net.minecraft.client.Minecraft/]: Waiting for player to load...
[27Sep2026 09:11:17.216] [Render thread/INFO] [net.minecraft.client.Minecraft/]: Waiting for overlay to disappear...
[27Sep2026 09:11:17.216] [Render thread/INFO] [net.minecraft.client.Minecraft/]: Waiting for player to load...
[27Sep2026 09:11:17.265] [Render thread/INFO] [net.minecraft.client.Minecraft/]: Waiting for overlay to disappear...
[27Sep2026 09:11:17.265] [Render thread/INFO] [net.minecraft.client.Minecraft/]: Waiting for player to load...
[27Sep2026 09:11:17.316] [Render thread/INFO] [net.minecraft.client.Minecraft/]: Waiting for overlay to disappear...
[27Sep2026 09:11:17.316] [Render thread/INFO] [net.minecraft.client.Minecraft/]: Waiting for player to load...
[27Sep2026 09:11:17.365] [Render thread/INFO] [net.minecraft.client.Minecraft/]: Waiting for overlay to disappear...
[27Sep2026 09:11:17.365] [Render thread/INFO] [net.minecraft.client.Minecraft/]: Waiting for player to load...
[27Sep2026 09:11:17.416] [Render thread/INFO] [net.minecraft.client.Minecraft/]: Waiting for overlay to disappear...
[27Sep2026 09:11:17.416] [Render thread/INFO] [net.minecraft.client.Minecraft/]: Waiting for player to load...
[27Sep2026 09:11:17.465] [Render thread/INFO] [net.minecraft.client.Minecraft/]: Waiting for overlay to disappear...
[27Sep2026 09:11:17.465] [Render thread/INFO] [net.minecraft.client.Minecraft/]: Waiting for player to load...
[27Sep2026 09:11:17.516] [Render thread/INFO] [net.minecraft.client.Minecraft/]: Waiting for overlay to disappear...
[27Sep2026 09:11:17.516] [Render thread/INFO] [net.minecraft.client.Minecraft/]: Waiting for player to load...
[27Sep2026 09:11:17.565] [Render thread/INFO] [net.minecraft.client.Minecraft/]: Waiting for overlay to disappear...
[27Sep2026 09:11:17.566] [Render thread/INFO] [net.minecraft.client.Minecraft/]: Waiting for player to load...
[27Sep2026 09:11:17.616] [Render thread/INFO] [net.minecraft.client.Minecraft/]: Waiting for overlay to disappear...
[27Sep2026 09:11:17.616] [Render thread/INFO] [net.minecraft.client.Minecraft/]: Waiting for player to load...
[27Sep2026 09:11:17.665] [Render thread/INFO] [net.minecraft.client.Minecraft/]: Waiting for overlay to disappear...
[27Sep2026 09:11:17.665] [Render thread/INFO] [net.minecraft.client.Minecraft/]: Waiting for player to load...
[27Sep2026 09:11:17.716] [Render thread/INFO] [net.minecraft.client.Minecraft/]: Waiting for overlay to disappear...
[27Sep2026 09:11:17.716] [Render thread/INFO] [net.minecraft.client.Minecraft/]: Waiting for player to load...
[27Sep2026 09:11:17.765] [Render thread/INFO] [net.minecraft.client.Minecraft/]: Waiting for overlay to disappear...
[27Sep2026 09:11:17.765] [Render thread/INFO] [net.minecraft.client.Minecraft/]: Waiting for player to load...
[27Sep2026 09:11:17.817] [Render thread/INFO] [net.minecraft.client.Minecraft/]: Waiting for overlay to disappear...
[27Sep2026 09:11:17.817] [Render thread/INFO] [net.minecraft.client.Minecraft/]: Waiting for player to load...
[27Sep2026 09:11:17.865] [Render thread/INFO] [net.minecraft.client.Minecraft/]: Waiting for overlay to disappear...
[27Sep2026 09:11:17.865] [Render thread/INFO] [net.minecraft.client.Minecraft/]: Waiting for player to load...
[27Sep2026 09:11:17.915] [Render thread/INFO] [net.minecraft.client.Minecraft/]: Waiting for overlay to disappear...
[27Sep2026 09:11:17.915] [Render thread/INFO] [net.minecraft.client.Minecraft/]: Waiting for player to load...
[27Sep2026 09:11:18.087] [Render thread/INFO] [net.minecraft.client.Minecraft/]: Waiting for overlay to disappear...
[27Sep2026 09:11:18.087] [Render thread/INFO] [net.minecraft.client.Minecraft/]: Waiting for player to load...
[27Sep2026 09:11:18.087] [Render thread/INFO] [net.minecraft.client.Minecraft/]: Waiting for overlay to disappear...
[27Sep2026 09:11:18.087] [Render thread/INFO] [net.minecraft.client.Minecraft/]: Waiting for player to load...
[27Sep2026 09:11:18.087] [Render thread/INFO] [net.minecraft.client.Minecraft/]: Waiting for overlay to disappear...
[27Sep2026 09:11:18.087] [Render thread/INFO] [net.minecraft.client.Minecraft/]: Waiting for player to load...
[27Sep2026 09:11:18.120] [Render thread/INFO] [net.minecraft.client.Minecraft/]: Waiting for overlay to disappear...
[27Sep2026 09:11:18.120] [Render thread/INFO] [net.minecraft.client.Minecraft/]: Waiting for player to load...
[27Sep2026 09:11:18.169] [Render thread/INFO] [net.minecraft.client.Minecraft/]: Waiting for overlay to disappear...
[27Sep2026 09:11:18.169] [Render thread/INFO] [net.minecraft.client.Minecraft/]: Waiting for player to load...
[27Sep2026 09:11:18.219] [Render thread/INFO] [net.minecraft.client.Minecraft/]: Waiting for overlay to disappear...
[27Sep2026 09:11:18.220] [Render thread/INFO] [net.minecraft.client.Minecraft/]: Waiting for player to load...
[27Sep2026 09:11:18.269] [Render thread/INFO] [net.minecraft.client.Minecraft/]: Waiting for overlay to disappear...
[27Sep2026 09:11:18.269] [Render thread/INFO] [net.minecraft.client.Minecraft/]: Waiting for player to load...
[27Sep2026 09:11:18.319] [Render thread/INFO] [net.minecraft.client.Minecraft/]: Waiting for overlay to disappear...
[27Sep2026 09:11:18.319] [Render thread/INFO] [net.minecraft.client.Minecraft/]: Waiting for player to load...
[27Sep2026 09:11:18.369] [Render thread/INFO] [net.minecraft.client.Minecraft/]: Waiting for overlay to disappear...
[27Sep2026 09:11:18.369] [Render thread/INFO] [net.minecraft.client.Minecraft/]: Waiting for player to load...
[27Sep2026 09:11:18.419] [Render thread/INFO] [net.minecraft.client.Minecraft/]: Waiting for overlay to disappear...
[27Sep2026 09:11:18.419] [Render thread/INFO] [net.minecraft.client.Minecraft/]: Waiting for player to load...
[27Sep2026 09:11:18.469] [Render thread/INFO] [net.minecraft.client.Minecraft/]: Waiting for overlay to disappear...
[27Sep2026 09:11:18.469] [Render thread/INFO] [net.minecraft.client.Minecraft/]: Waiting for player to load...
[27Sep2026 09:11:18.519] [Render thread/INFO] [net.minecraft.client.Minecraft/]: Waiting for overlay to disappear...
[27Sep2026 09:11:18.520] [Render thread/INFO] [net.minecraft.client.Minecraft/]: Waiting for player to load...
[27Sep2026 09:11:18.569] [Render thread/INFO] [net.minecraft.client.Minecraft/]: Waiting for overlay to disappear...
[27Sep2026 09:11:18.569] [Render thread/INFO] [net.minecraft.client.Minecraft/]: Waiting for player to load...
[27Sep2026 09:11:18.619] [Render thread/INFO] [net.minecraft.client.Minecraft/]: Waiting for overlay to disappear...
[27Sep2026 09:11:18.620] [Render thread/INFO] [net.minecraft.client.Minecraft/]: Waiting for player to load...
[27Sep2026 09:11:18.669] [Render thread/INFO] [net.minecraft.client.Minecraft/]: Waiting for overlay to disappear...
[27Sep2026 09:11:18.669] [Render thread/INFO] [net.minecraft.client.Minecraft/]: Waiting for player to load...
[27Sep2026 09:11:18.719] [Render thread/INFO] [net.minecraft.client.Minecraft/]: Waiting for overlay to disappear...
[27Sep2026 09:11:18.720] [Render thread/INFO] [net.minecraft.client.Minecraft/]: Waiting for player to load...
[27Sep2026 09:11:18.769] [Render thread/INFO] [net.minecraft.client.Minecraft/]: Waiting for overlay to disappear...
[27Sep2026 09:11:18.769] [Render thread/INFO] [net.minecraft.client.Minecraft/]: Waiting for player to load...
[27Sep2026 09:11:18.819] [Render thread/INFO] [net.minecraft.client.Minecraft/]: Waiting for overlay to disappear...
[27Sep2026 09:11:18.819] [Render thread/INFO] [net.minecraft.client.Minecraft/]: Waiting for player to load...
[27Sep2026 09:11:18.869] [Render thread/INFO] [net.minecraft.client.Minecraft/]: Waiting for overlay to disappear...
[27Sep2026 09:11:18.869] [Render thread/INFO] [net.minecraft.client.Minecraft/]: Waiting for player to load...
[27Sep2026 09:11:18.919] [Render thread/INFO] [net.minecraft.client.Minecraft/]: Waiting for overlay to disappear...
[27Sep2026 09:11:18.919] [Render thread/INFO] [net.minecraft.client.Minecraft/]: Waiting for player to load...
[27Sep2026 09:11:20.704] [Render thread/INFO] [net.minecraft.world.item.crafting.RecipeManager/]: Loaded 1515 recipes
[27Sep2026 09:11:20.725] [Render thread/INFO] [net.minecraft.advancements.AdvancementTree/]: Loaded 1617 advancements
[27Sep2026 09:11:20.770] [Render thread/INFO] [net.minecraft.client.Minecraft/]: Waiting for player to load...
[27Sep2026 09:11:21.069] [Server thread/INFO] [net.minecraft.client.server.IntegratedServer/]: Starting integrated minecraft server version 26.1.2
[27Sep2026 09:11:21.070] [Server thread/INFO] [net.minecraft.server.MinecraftServer/]: Generating keypair
[27Sep2026 09:11:21.197] [Server thread/WARN] [net.minecraftforge.common.ForgeConfigSpec/CORE]: Configuration file /home/runner/work/MCVoice/MCVoice/run/saves/New World/serverconfig/forge-server.toml is not correct. Correcting
[27Sep2026 09:11:21.200] [Server thread/WARN] [net.minecraftforge.common.ForgeConfigSpec/CORE]: Incorrect key server was corrected from null to its default, SynchronizedConfig{DataHolder:{}}. 
[27Sep2026 09:11:21.200] [Server thread/WARN] [net.minecraftforge.common.ForgeConfigSpec/CORE]: Incorrect key server.removeErroringBlockEntities was corrected from null to its default, false. 
[27Sep2026 09:11:21.200] [Server thread/WARN] [net.minecraftforge.common.ForgeConfigSpec/CORE]: Incorrect key server.removeErroringEntities was corrected from null to its default, false. 
[27Sep2026 09:11:21.200] [Server thread/WARN] [net.minecraftforge.common.ForgeConfigSpec/CORE]: Incorrect key server.fullBoundingBoxLadders was corrected from null to its default, false. 
[27Sep2026 09:11:21.200] [Server thread/WARN] [net.minecraftforge.common.ForgeConfigSpec/CORE]: Incorrect key server.permissionHandler was corrected from null to its default, forge:default_handler. 
[27Sep2026 09:11:21.200] [Server thread/WARN] [net.minecraftforge.common.ForgeConfigSpec/CORE]: Incorrect key server.advertiseDedicatedServerToLan was corrected from null to its default, true. 
[27Sep2026 09:11:21.690] [Server thread/INFO] [net.minecraft.server.level.progress.LoggingLevelLoadListener/]: Selecting global world spawn...
[27Sep2026 09:11:31.877] [Server thread/INFO] [net.minecraft.server.level.progress.LoggingLevelLoadListener/]: Loading 0 persistent chunks...
[27Sep2026 09:11:31.878] [Server thread/INFO] [net.minecraft.server.level.progress.LoggingLevelLoadListener/]: Preparing spawn area: 16%
[27Sep2026 09:11:31.879] [Server thread/INFO] [net.minecraft.server.MinecraftServer/]: Saving chunks for level 'ServerLevel[New World]'/minecraft:overworld
[27Sep2026 09:11:31.932] [Server thread/INFO] [net.minecraft.server.MinecraftServer/]: Saving chunks for level 'ServerLevel[New World]'/minecraft:the_end
[27Sep2026 09:11:31.957] [Server thread/INFO] [net.minecraft.server.MinecraftServer/]: Saving chunks for level 'ServerLevel[New World]'/minecraft:the_nether
[27Sep2026 09:11:32.053] [Server thread/INFO] [net.minecraft.server.MinecraftServer/]: ThreadedAnvilChunkStorage (world): All chunks are saved
[27Sep2026 09:11:32.053] [Server thread/INFO] [net.minecraft.server.MinecraftServer/]: ThreadedAnvilChunkStorage (DIM1): All chunks are saved
[27Sep2026 09:11:32.053] [Server thread/INFO] [net.minecraft.server.MinecraftServer/]: ThreadedAnvilChunkStorage (DIM-1): All chunks are saved
[27Sep2026 09:11:32.053] [Server thread/INFO] [net.minecraft.server.MinecraftServer/]: ThreadedAnvilChunkStorage: All dimensions are saved
[27Sep2026 09:11:32.058] [Server thread/INFO] [net.minecraftforge.server.permission.PermissionAPI/]: Successfully initialized permission handler forge:default_handler
[27Sep2026 09:11:32.292] [Render thread/INFO] [net.minecraft.client.Minecraft/]: Waiting for player to load...
[27Sep2026 09:11:32.294] [Render thread/INFO] [MCVoice/]: [WORLD] left world (disconnect), epoch 1
[27Sep2026 09:11:32.402] [Render thread/INFO] [net.minecraft.client.Minecraft/]: Waiting for player to load...
[27Sep2026 09:11:32.402] [Render thread/INFO] [net.minecraft.client.Minecraft/]: Waiting for player to load...
[27Sep2026 09:11:32.402] [Render thread/INFO] [net.minecraft.client.Minecraft/]: Waiting for player to load...
[27Sep2026 09:11:32.403] [Render thread/INFO] [net.minecraft.client.Minecraft/]: Waiting for player to load...
[27Sep2026 09:11:32.403] [Render thread/INFO] [net.minecraft.client.Minecraft/]: Waiting for player to load...
[27Sep2026 09:11:32.404] [Render thread/INFO] [net.minecraft.client.Minecraft/]: Waiting for player to load...
[27Sep2026 09:11:32.404] [Render thread/INFO] [net.minecraft.client.Minecraft/]: Waiting for player to load...
[27Sep2026 09:11:32.404] [Render thread/INFO] [net.minecraft.client.Minecraft/]: Waiting for player to load...
[27Sep2026 09:11:32.404] [Render thread/INFO] [net.minecraft.client.Minecraft/]: Waiting for player to load...
[27Sep2026 09:11:32.404] [Render thread/INFO] [net.minecraft.client.Minecraft/]: Waiting for player to load...
[27Sep2026 09:11:32.510] [Render thread/INFO] [net.minecraft.client.Minecraft/]: Waiting for player to load...
[27Sep2026 09:11:32.511] [Render thread/INFO] [net.minecraft.client.Minecraft/]: Waiting for player to load...
[27Sep2026 09:11:32.511] [Render thread/INFO] [net.minecraft.client.Minecraft/]: Waiting for player to load...
[27Sep2026 09:11:32.589] [Render thread/INFO] [net.minecraft.client.Minecraft/]: Waiting for player to load...
[27Sep2026 09:11:32.658] [Render thread/INFO] [net.minecraft.client.Minecraft/]: Waiting for player to load...
[27Sep2026 09:11:32.658] [Render thread/INFO] [net.minecraft.client.Minecraft/]: Waiting for player to load...
[27Sep2026 09:11:32.735] [Render thread/INFO] [net.minecraft.client.Minecraft/]: Waiting for player to load...
[27Sep2026 09:11:32.888] [Render thread/INFO] [net.minecraft.client.Minecraft/]: Waiting for player to load...
[27Sep2026 09:11:32.891] [Render thread/INFO] [net.minecraft.client.Minecraft/]: Waiting for player to load...
[27Sep2026 09:11:32.891] [Render thread/INFO] [net.minecraft.client.Minecraft/]: Waiting for player to load...
[27Sep2026 09:11:33.037] [Render thread/INFO] [net.minecraft.client.Minecraft/]: Waiting for player to load...
[27Sep2026 09:11:33.037] [Render thread/INFO] [net.minecraft.client.Minecraft/]: Waiting for player to load...
[27Sep2026 09:11:33.037] [Render thread/INFO] [net.minecraft.client.Minecraft/]: Waiting for player to load...
[27Sep2026 09:11:33.187] [Render thread/INFO] [net.minecraft.client.Minecraft/]: Waiting for player to load...
[27Sep2026 09:11:33.187] [Render thread/INFO] [net.minecraft.client.Minecraft/]: Waiting for player to load...
[27Sep2026 09:11:33.187] [Render thread/INFO] [net.minecraft.client.Minecraft/]: Waiting for player to load...
[27Sep2026 09:11:33.332] [Render thread/INFO] [net.minecraft.client.Minecraft/]: Waiting for player to load...
[27Sep2026 09:11:33.333] [Render thread/INFO] [net.minecraft.client.Minecraft/]: Waiting for player to load...
[27Sep2026 09:11:33.333] [Render thread/INFO] [net.minecraft.client.Minecraft/]: Waiting for player to load...
[27Sep2026 09:11:33.469] [Render thread/INFO] [net.minecraft.client.Minecraft/]: Waiting for player to load...
[27Sep2026 09:11:33.470] [Render thread/INFO] [net.minecraft.client.Minecraft/]: Waiting for player to load...
[27Sep2026 09:11:33.470] [Render thread/INFO] [net.minecraft.client.Minecraft/]: Waiting for player to load...
[27Sep2026 09:11:33.560] [Render thread/INFO] [net.minecraft.client.Minecraft/]: Waiting for player to load...
[27Sep2026 09:11:33.560] [Render thread/INFO] [net.minecraft.client.Minecraft/]: Waiting for player to load...
[27Sep2026 09:11:33.619] [Server thread/INFO] [net.minecraft.server.level.progress.LoggingLevelLoadListener/]: Loading 47 chunks for player spawn...
[27Sep2026 09:11:33.627] [Server thread/INFO] [net.minecraft.server.level.progress.LoggingLevelLoadListener/]: Preparing spawn area: 16%
[27Sep2026 09:11:33.643] [Server thread/INFO] [net.minecraft.server.level.progress.LoggingLevelLoadListener/]: Preparing spawn area: 16%
[27Sep2026 09:11:33.654] [Render thread/INFO] [net.minecraft.client.Minecraft/]: Waiting for player to load...
[27Sep2026 09:11:33.659] [Server thread/INFO] [net.minecraft.server.level.progress.LoggingLevelLoadListener/]: Preparing spawn area: 16%
[27Sep2026 09:11:33.709] [Server thread/INFO] [net.minecraft.server.level.progress.LoggingLevelLoadListener/]: Preparing spawn area: 16%
[27Sep2026 09:11:33.770] [Server thread/INFO] [net.minecraft.server.level.progress.LoggingLevelLoadListener/]: Preparing spawn area: 16%
[27Sep2026 09:11:33.809] [Server thread/INFO] [net.minecraft.server.level.progress.LoggingLevelLoadListener/]: Preparing spawn area: 16%
[27Sep2026 09:11:33.826] [Render thread/INFO] [net.minecraft.client.Minecraft/]: Waiting for player to load...
[27Sep2026 09:11:33.826] [Render thread/INFO] [net.minecraft.client.Minecraft/]: Waiting for player to load...
[27Sep2026 09:11:33.826] [Render thread/INFO] [net.minecraft.client.Minecraft/]: Waiting for player to load...
[27Sep2026 09:11:33.826] [Render thread/INFO] [net.minecraft.client.Minecraft/]: Waiting for player to load...
[27Sep2026 09:11:33.861] [Server thread/INFO] [net.minecraft.server.level.progress.LoggingLevelLoadListener/]: Preparing spawn area: 16%
[27Sep2026 09:11:33.909] [Server thread/INFO] [net.minecraft.server.level.progress.LoggingLevelLoadListener/]: Preparing spawn area: 16%
[27Sep2026 09:11:33.961] [Server thread/INFO] [net.minecraft.server.level.progress.LoggingLevelLoadListener/]: Preparing spawn area: 16%
[27Sep2026 09:11:34.009] [Server thread/INFO] [net.minecraft.server.level.progress.LoggingLevelLoadListener/]: Preparing spawn area: 16%
[27Sep2026 09:11:34.013] [Render thread/INFO] [net.minecraft.client.Minecraft/]: Waiting for player to load...
[27Sep2026 09:11:34.016] [Render thread/INFO] [net.minecraft.client.Minecraft/]: Waiting for player to load...
[27Sep2026 09:11:34.016] [Render thread/INFO] [net.minecraft.client.Minecraft/]: Waiting for player to load...
[27Sep2026 09:11:34.016] [Render thread/INFO] [net.minecraft.client.Minecraft/]: Waiting for player to load...
[27Sep2026 09:11:34.059] [Server thread/INFO] [net.minecraft.server.level.progress.LoggingLevelLoadListener/]: Preparing spawn area: 16%
[27Sep2026 09:11:34.109] [Server thread/INFO] [net.minecraft.server.level.progress.LoggingLevelLoadListener/]: Preparing spawn area: 16%
[27Sep2026 09:11:34.139] [Render thread/INFO] [net.minecraft.client.Minecraft/]: Waiting for player to load...
[27Sep2026 09:11:34.140] [Render thread/INFO] [net.minecraft.client.Minecraft/]: Waiting for player to load...
[27Sep2026 09:11:34.159] [Server thread/INFO] [net.minecraft.server.level.progress.LoggingLevelLoadListener/]: Preparing spawn area: 16%
[27Sep2026 09:11:34.211] [Server thread/INFO] [net.minecraft.server.level.progress.LoggingLevelLoadListener/]: Preparing spawn area: 16%
[27Sep2026 09:11:34.248] [Render thread/INFO] [net.minecraft.client.Minecraft/]: Waiting for player to load...
[27Sep2026 09:11:34.253] [Render thread/INFO] [net.minecraft.client.Minecraft/]: Waiting for player to load...
[27Sep2026 09:11:34.259] [Server thread/INFO] [net.minecraft.server.level.progress.LoggingLevelLoadListener/]: Preparing spawn area: 16%
[27Sep2026 09:11:34.311] [Server thread/INFO] [net.minecraft.server.level.progress.LoggingLevelLoadListener/]: Preparing spawn area: 16%
[27Sep2026 09:11:34.361] [Server thread/INFO] [net.minecraft.server.level.progress.LoggingLevelLoadListener/]: Preparing spawn area: 16%
[27Sep2026 09:11:34.413] [Server thread/INFO] [net.minecraft.server.level.progress.LoggingLevelLoadListener/]: Preparing spawn area: 16%
[27Sep2026 09:11:34.426] [Render thread/INFO] [net.minecraft.client.Minecraft/]: Waiting for player to load...
[27Sep2026 09:11:34.427] [Render thread/INFO] [net.minecraft.client.Minecraft/]: Waiting for player to load...
[27Sep2026 09:11:34.427] [Render thread/INFO] [net.minecraft.client.Minecraft/]: Waiting for player to load...
[27Sep2026 09:11:34.428] [Render thread/INFO] [net.minecraft.client.Minecraft/]: Waiting for player to load...
[27Sep2026 09:11:34.459] [Server thread/INFO] [net.minecraft.server.level.progress.LoggingLevelLoadListener/]: Preparing spawn area: 16%
[27Sep2026 09:11:34.509] [Server thread/INFO] [net.minecraft.server.level.progress.LoggingLevelLoadListener/]: Preparing spawn area: 16%
[27Sep2026 09:11:34.559] [Server thread/INFO] [net.minecraft.server.level.progress.LoggingLevelLoadListener/]: Preparing spawn area: 16%
[27Sep2026 09:11:34.605] [Render thread/INFO] [net.minecraft.client.Minecraft/]: Waiting for player to load...
[27Sep2026 09:11:34.605] [Render thread/INFO] [net.minecraft.client.Minecraft/]: Waiting for player to load...
[27Sep2026 09:11:34.605] [Render thread/INFO] [net.minecraft.client.Minecraft/]: Waiting for player to load...
[27Sep2026 09:11:34.609] [Server thread/INFO] [net.minecraft.server.level.progress.LoggingLevelLoadListener/]: Preparing spawn area: 16%
[27Sep2026 09:11:34.662] [Server thread/INFO] [net.minecraft.server.level.progress.LoggingLevelLoadListener/]: Preparing spawn area: 16%
[27Sep2026 09:11:34.709] [Server thread/INFO] [net.minecraft.server.level.progress.LoggingLevelLoadListener/]: Preparing spawn area: 16%
[27Sep2026 09:11:34.724] [Render thread/INFO] [net.minecraft.client.Minecraft/]: Waiting for player to load...
[27Sep2026 09:11:34.725] [Render thread/INFO] [net.minecraft.client.Minecraft/]: Waiting for player to load...
[27Sep2026 09:11:34.725] [Render thread/INFO] [net.minecraft.client.Minecraft/]: Waiting for player to load...
[27Sep2026 09:11:34.759] [Server thread/INFO] [net.minecraft.server.level.progress.LoggingLevelLoadListener/]: Preparing spawn area: 16%
[27Sep2026 09:11:34.809] [Server thread/INFO] [net.minecraft.server.level.progress.LoggingLevelLoadListener/]: Preparing spawn area: 16%
[27Sep2026 09:11:34.831] [Render thread/INFO] [net.minecraft.client.Minecraft/]: Waiting for player to load...
[27Sep2026 09:11:34.832] [Render thread/INFO] [net.minecraft.client.Minecraft/]: Waiting for player to load...
[27Sep2026 09:11:34.940] [Render thread/INFO] [net.minecraft.client.Minecraft/]: Waiting for player to load...
[27Sep2026 09:11:34.941] [Render thread/INFO] [net.minecraft.client.Minecraft/]: Waiting for player to load...
[27Sep2026 09:11:35.056] [Render thread/INFO] [net.minecraft.client.Minecraft/]: Waiting for player to load...
[27Sep2026 09:11:35.057] [Render thread/INFO] [net.minecraft.client.Minecraft/]: Waiting for player to load...
[27Sep2026 09:11:35.162] [Render thread/INFO] [net.minecraft.client.Minecraft/]: Waiting for player to load...
[27Sep2026 09:11:35.162] [Render thread/INFO] [net.minecraft.client.Minecraft/]: Waiting for player to load...
[27Sep2026 09:11:35.162] [Render thread/INFO] [net.minecraft.client.Minecraft/]: Waiting for player to load...
[27Sep2026 09:11:35.209] [Server thread/INFO] [net.minecraft.server.level.progress.LoggingLevelLoadListener/]: Preparing spawn area: 29%
[27Sep2026 09:11:35.305] [Render thread/INFO] [net.minecraft.client.Minecraft/]: Waiting for player to load...
[27Sep2026 09:11:35.306] [Render thread/INFO] [net.minecraft.client.Minecraft/]: Waiting for player to load...
[27Sep2026 09:11:35.426] [Render thread/INFO] [net.minecraft.client.Minecraft/]: Waiting for player to load...
[27Sep2026 09:11:35.427] [Render thread/INFO] [net.minecraft.client.Minecraft/]: Waiting for player to load...
[27Sep2026 09:11:35.427] [Render thread/INFO] [net.minecraft.client.Minecraft/]: Waiting for player to load...
[27Sep2026 09:11:35.500] [Render thread/INFO] [net.minecraft.client.Minecraft/]: Waiting for player to load...
[27Sep2026 09:11:35.640] [Render thread/INFO] [net.minecraft.client.Minecraft/]: Waiting for player to load...
[27Sep2026 09:11:35.641] [Render thread/INFO] [net.minecraft.client.Minecraft/]: Waiting for player to load...
[27Sep2026 09:11:35.642] [Render thread/INFO] [net.minecraft.client.Minecraft/]: Waiting for player to load...
[27Sep2026 09:11:35.709] [Server thread/INFO] [net.minecraft.server.level.progress.LoggingLevelLoadListener/]: Preparing spawn area: 29%
[27Sep2026 09:11:35.784] [Render thread/INFO] [net.minecraft.client.Minecraft/]: Waiting for player to load...
[27Sep2026 09:11:35.785] [Render thread/INFO] [net.minecraft.client.Minecraft/]: Waiting for player to load...
[27Sep2026 09:11:35.785] [Render thread/INFO] [net.minecraft.client.Minecraft/]: Waiting for player to load...
[27Sep2026 09:11:35.879] [Render thread/INFO] [net.minecraft.client.Minecraft/]: Waiting for player to load...
[27Sep2026 09:11:35.880] [Render thread/INFO] [net.minecraft.client.Minecraft/]: Waiting for player to load...
[27Sep2026 09:11:36.016] [Render thread/INFO] [net.minecraft.client.Minecraft/]: Waiting for player to load...
[27Sep2026 09:11:36.018] [Render thread/INFO] [net.minecraft.client.Minecraft/]: Waiting for player to load...
[27Sep2026 09:11:36.018] [Render thread/INFO] [net.minecraft.client.Minecraft/]: Waiting for player to load...
[27Sep2026 09:11:36.145] [Render thread/INFO] [net.minecraft.client.Minecraft/]: Waiting for player to load...
[27Sep2026 09:11:36.146] [Render thread/INFO] [net.minecraft.client.Minecraft/]: Waiting for player to load...
[27Sep2026 09:11:36.209] [Server thread/INFO] [net.minecraft.server.level.progress.LoggingLevelLoadListener/]: Preparing spawn area: 29%
[27Sep2026 09:11:36.268] [Render thread/INFO] [net.minecraft.client.Minecraft/]: Waiting for player to load...
[27Sep2026 09:11:36.268] [Render thread/INFO] [net.minecraft.client.Minecraft/]: Waiting for player to load...
[27Sep2026 09:11:36.269] [Render thread/INFO] [net.minecraft.client.Minecraft/]: Waiting for player to load...
[27Sep2026 09:11:36.376] [Render thread/INFO] [net.minecraft.client.Minecraft/]: Waiting for player to load...
[27Sep2026 09:11:36.376] [Render thread/INFO] [net.minecraft.client.Minecraft/]: Waiting for player to load...
[27Sep2026 09:11:36.540] [Render thread/INFO] [net.minecraft.client.Minecraft/]: Waiting for player to load...
[27Sep2026 09:11:36.541] [Render thread/INFO] [net.minecraft.client.Minecraft/]: Waiting for player to load...
[27Sep2026 09:11:36.541] [Render thread/INFO] [net.minecraft.client.Minecraft/]: Waiting for player to load...
[27Sep2026 09:11:36.668] [Render thread/INFO] [net.minecraft.client.Minecraft/]: Waiting for player to load...
[27Sep2026 09:11:36.668] [Render thread/INFO] [net.minecraft.client.Minecraft/]: Waiting for player to load...
[27Sep2026 09:11:36.668] [Render thread/INFO] [net.minecraft.client.Minecraft/]: Waiting for player to load...
[27Sep2026 09:11:36.709] [Server thread/INFO] [net.minecraft.server.level.progress.LoggingLevelLoadListener/]: Preparing spawn area: 31%
[27Sep2026 09:11:36.811] [Render thread/INFO] [net.minecraft.client.Minecraft/]: Waiting for player to load...
[27Sep2026 09:11:36.811] [Render thread/INFO] [net.minecraft.client.Minecraft/]: Waiting for player to load...
[27Sep2026 09:11:36.811] [Render thread/INFO] [net.minecraft.client.Minecraft/]: Waiting for player to load...
[27Sep2026 09:11:36.952] [Render thread/INFO] [net.minecraft.client.Minecraft/]: Waiting for player to load...
[27Sep2026 09:11:36.952] [Render thread/INFO] [net.minecraft.client.Minecraft/]: Waiting for player to load...
[27Sep2026 09:11:37.153] [Render thread/INFO] [net.minecraft.client.Minecraft/]: Waiting for player to load...
[27Sep2026 09:11:37.153] [Render thread/INFO] [net.minecraft.client.Minecraft/]: Waiting for player to load...
[27Sep2026 09:11:37.153] [Render thread/INFO] [net.minecraft.client.Minecraft/]: Waiting for player to load...
[27Sep2026 09:11:37.153] [Render thread/INFO] [net.minecraft.client.Minecraft/]: Waiting for player to load...
[27Sep2026 09:11:37.214] [Server thread/INFO] [net.minecraft.server.level.progress.LoggingLevelLoadListener/]: Preparing spawn area: 57%
[27Sep2026 09:11:37.304] [Render thread/INFO] [net.minecraft.client.Minecraft/]: Waiting for player to load...
[27Sep2026 09:11:37.305] [Render thread/INFO] [net.minecraft.client.Minecraft/]: Waiting for player to load...
[27Sep2026 09:11:37.305] [Render thread/INFO] [net.minecraft.client.Minecraft/]: Waiting for player to load...
[27Sep2026 09:11:37.454] [Render thread/INFO] [net.minecraft.client.Minecraft/]: Waiting for player to load...
[27Sep2026 09:11:37.455] [Render thread/INFO] [net.minecraft.client.Minecraft/]: Waiting for player to load...
[27Sep2026 09:11:37.458] [Render thread/INFO] [net.minecraft.client.Minecraft/]: Waiting for player to load...
[27Sep2026 09:11:37.595] [Render thread/INFO] [net.minecraft.client.Minecraft/]: Waiting for player to load...
[27Sep2026 09:11:37.596] [Render thread/INFO] [net.minecraft.client.Minecraft/]: Waiting for player to load...
[27Sep2026 09:11:37.596] [Render thread/INFO] [net.minecraft.client.Minecraft/]: Waiting for player to load...
[27Sep2026 09:11:37.689] [Render thread/INFO] [net.minecraft.client.Minecraft/]: Waiting for player to load...
[27Sep2026 09:11:37.690] [Render thread/INFO] [net.minecraft.client.Minecraft/]: Waiting for player to load...
[27Sep2026 09:11:37.709] [Server thread/INFO] [net.minecraft.server.level.progress.LoggingLevelLoadListener/]: Preparing spawn area: 57%
[27Sep2026 09:11:37.757] [Render thread/INFO] [net.minecraft.client.Minecraft/]: Waiting for player to load...
[27Sep2026 09:11:37.840] [Render thread/INFO] [net.minecraft.client.Minecraft/]: Waiting for player to load...
[27Sep2026 09:11:37.841] [Render thread/INFO] [net.minecraft.client.Minecraft/]: Waiting for player to load...
[27Sep2026 09:11:37.939] [Render thread/INFO] [net.minecraft.client.Minecraft/]: Waiting for player to load...
[27Sep2026 09:11:37.939] [Render thread/INFO] [net.minecraft.client.Minecraft/]: Waiting for player to load...
[27Sep2026 09:11:38.029] [Render thread/INFO] [net.minecraft.client.Minecraft/]: Waiting for player to load...
[27Sep2026 09:11:38.029] [Render thread/INFO] [net.minecraft.client.Minecraft/]: Waiting for player to load...
[27Sep2026 09:11:38.114] [Render thread/INFO] [net.minecraft.client.Minecraft/]: Waiting for player to load...
[27Sep2026 09:11:38.114] [Render thread/INFO] [net.minecraft.client.Minecraft/]: Waiting for player to load...
[27Sep2026 09:11:38.193] [Render thread/INFO] [net.minecraft.client.Minecraft/]: Waiting for player to load...
[27Sep2026 09:11:38.209] [Server thread/INFO] [net.minecraft.server.level.progress.LoggingLevelLoadListener/]: Preparing spawn area: 57%
[27Sep2026 09:11:38.305] [Render thread/INFO] [net.minecraft.client.Minecraft/]: Waiting for player to load...
[27Sep2026 09:11:38.305] [Render thread/INFO] [net.minecraft.client.Minecraft/]: Waiting for player to load...
[27Sep2026 09:11:38.381] [Render thread/INFO] [net.minecraft.client.Minecraft/]: Waiting for player to load...
[27Sep2026 09:11:38.381] [Render thread/INFO] [net.minecraft.client.Minecraft/]: Waiting for player to load...
[27Sep2026 09:11:38.472] [Render thread/INFO] [net.minecraft.client.Minecraft/]: Waiting for player to load...
[27Sep2026 09:11:38.472] [Render thread/INFO] [net.minecraft.client.Minecraft/]: Waiting for player to load...
[27Sep2026 09:11:38.545] [Render thread/INFO] [net.minecraft.client.Minecraft/]: Waiting for player to load...
[27Sep2026 09:11:38.637] [Render thread/INFO] [net.minecraft.client.Minecraft/]: Waiting for player to load...
[27Sep2026 09:11:38.638] [Render thread/INFO] [net.minecraft.client.Minecraft/]: Waiting for player to load...
[27Sep2026 09:11:38.709] [Server thread/INFO] [net.minecraft.server.level.progress.LoggingLevelLoadListener/]: Preparing spawn area: 57%
[27Sep2026 09:11:38.756] [Render thread/INFO] [net.minecraft.client.Minecraft/]: Waiting for player to load...
[27Sep2026 09:11:38.756] [Render thread/INFO] [net.minecraft.client.Minecraft/]: Waiting for player to load...
[27Sep2026 09:11:38.756] [Render thread/INFO] [net.minecraft.client.Minecraft/]: Waiting for player to load...
[27Sep2026 09:11:38.814] [Server thread/INFO] [net.minecraft.server.level.progress.LoggingLevelLoadListener/]: Time elapsed: 17124 ms
[27Sep2026 09:11:39.038] [Render thread/INFO] [net.minecraft.client.Minecraft/]: Waiting for player to load...
[27Sep2026 09:11:39.102] [Render thread/INFO] [net.minecraft.client.Minecraft/]: Waiting for player to load...
[27Sep2026 09:11:39.103] [Render thread/INFO] [net.minecraft.client.Minecraft/]: Waiting for player to load...
[27Sep2026 09:11:39.103] [Render thread/INFO] [net.minecraft.client.Minecraft/]: Waiting for player to load...
[27Sep2026 09:11:39.103] [Render thread/INFO] [net.minecraft.client.Minecraft/]: Waiting for player to load...
[27Sep2026 09:11:39.103] [Render thread/INFO] [net.minecraft.client.Minecraft/]: Waiting for player to load...
[27Sep2026 09:11:39.117] [Server thread/INFO] [net.minecraft.server.players.PlayerList/]: Offline[local:E:e1a5a7df] logged in with entity id 9 at (-120.5, 85.0, 191.5)
[27Sep2026 09:11:39.139] [Server thread/INFO] [net.minecraft.server.MinecraftServer/]: Offline joined the game
[27Sep2026 09:11:39.319] [Render thread/INFO] [net.minecraft.client.Minecraft/]: Screen not yet null: net.minecraft.client.gui.screens.LevelLoadingScreen@23cfdfa2
[27Sep2026 09:11:39.338] [Server thread/INFO] [net.minecraft.client.server.IntegratedServer/]: Changing view distance to 12, from 10
[27Sep2026 09:11:39.344] [Server thread/INFO] [net.minecraft.client.server.IntegratedServer/]: Changing simulation distance to 12, from 0
[27Sep2026 09:11:39.357] [Render thread/INFO] [MCVoice/]: [WORLD] new world session epoch 2 (join_world, minecraft:overworld)
[27Sep2026 09:11:39.359] [Render thread/INFO] [net.minecraft.client.Minecraft/]: Screen not yet null: net.minecraft.client.gui.screens.LevelLoadingScreen@23cfdfa2
[27Sep2026 09:11:39.502] [MCVoice-Playback/WARN] [MCVoice/]: [AUDIO] speaker unavailable: no supported speaker format
[27Sep2026 09:11:39.512] [MCVoice-Capture/WARN] [MCVoice/]: [AUDIO] microphone unavailable: no supported microphone format
[27Sep2026 09:11:39.644] [Render thread/INFO] [net.minecraft.client.renderer.DynamicUniformStorage/]: Resizing Dynamic Transforms UBO, capacity limit of 2 reached during a single frame. New capacity will be 4.
[27Sep2026 09:11:40.114] [Render thread/INFO] [net.minecraft.client.renderer.DynamicUniformStorage/]: Resizing Dynamic Transforms UBO, capacity limit of 4 reached during a single frame. New capacity will be 8.
[27Sep2026 09:11:40.265] [Render thread/INFO] [net.minecraft.advancements.AdvancementTree/]: Loaded 2 advancements
[27Sep2026 09:11:40.342] [Render thread/INFO] [net.minecraft.client.Minecraft/]: Screen not yet null: net.minecraft.client.gui.screens.LevelLoadingScreen@23cfdfa2
[27Sep2026 09:11:40.358] [Render thread/INFO] [net.minecraft.client.Minecraft/]: Screen not yet null: net.minecraft.client.gui.screens.LevelLoadingScreen@23cfdfa2
[27Sep2026 09:11:40.364] [Render thread/INFO] [net.minecraft.client.Minecraft/]: Screen not yet null: net.minecraft.client.gui.screens.LevelLoadingScreen@23cfdfa2
[27Sep2026 09:11:40.371] [Render thread/INFO] [net.minecraft.client.Minecraft/]: Screen not yet null: net.minecraft.client.gui.screens.LevelLoadingScreen@23cfdfa2
[27Sep2026 09:11:40.376] [Render thread/INFO] [net.minecraft.client.Minecraft/]: Screen not yet null: net.minecraft.client.gui.screens.LevelLoadingScreen@23cfdfa2
[27Sep2026 09:11:40.382] [Render thread/INFO] [net.minecraft.client.Minecraft/]: Screen not yet null: net.minecraft.client.gui.screens.LevelLoadingScreen@23cfdfa2
[27Sep2026 09:11:40.387] [Render thread/INFO] [net.minecraft.client.Minecraft/]: Screen not yet null: net.minecraft.client.gui.screens.LevelLoadingScreen@23cfdfa2
[27Sep2026 09:11:40.395] [Render thread/INFO] [net.minecraft.client.Minecraft/]: Screen not yet null: net.minecraft.client.gui.screens.LevelLoadingScreen@23cfdfa2
[27Sep2026 09:11:40.404] [Render thread/INFO] [net.minecraft.client.Minecraft/]: Screen not yet null: net.minecraft.client.gui.screens.LevelLoadingScreen@23cfdfa2
[27Sep2026 09:11:40.409] [Render thread/INFO] [net.minecraft.client.Minecraft/]: Screen not yet null: net.minecraft.client.gui.screens.LevelLoadingScreen@23cfdfa2
[27Sep2026 09:11:40.739] [Render thread/INFO] [net.minecraft.client.renderer.DynamicUniformStorage/]: Resizing Dynamic Transforms UBO, capacity limit of 8 reached during a single frame. New capacity will be 16.
[27Sep2026 09:11:40.897] [Render thread/INFO] [net.minecraft.client.Minecraft/]: Screen not yet null: net.minecraft.client.gui.screens.LevelLoadingScreen@23cfdfa2
[27Sep2026 09:11:40.902] [Render thread/INFO] [net.minecraft.client.Minecraft/]: Screen not yet null: net.minecraft.client.gui.screens.LevelLoadingScreen@23cfdfa2
[27Sep2026 09:11:40.904] [Render thread/INFO] [net.minecraft.client.Minecraft/]: Screen not yet null: net.minecraft.client.gui.screens.LevelLoadingScreen@23cfdfa2
[27Sep2026 09:11:40.906] [Render thread/INFO] [net.minecraft.client.Minecraft/]: Screen not yet null: net.minecraft.client.gui.screens.LevelLoadingScreen@23cfdfa2
[27Sep2026 09:11:40.907] [Render thread/INFO] [net.minecraft.client.Minecraft/]: Screen not yet null: net.minecraft.client.gui.screens.LevelLoadingScreen@23cfdfa2
[27Sep2026 09:11:40.909] [Render thread/INFO] [net.minecraft.client.Minecraft/]: Screen not yet null: net.minecraft.client.gui.screens.LevelLoadingScreen@23cfdfa2
[27Sep2026 09:11:40.910] [Render thread/INFO] [net.minecraft.client.Minecraft/]: Screen not yet null: net.minecraft.client.gui.screens.LevelLoadingScreen@23cfdfa2
[27Sep2026 09:11:40.912] [Render thread/INFO] [net.minecraft.client.Minecraft/]: Screen not yet null: net.minecraft.client.gui.screens.LevelLoadingScreen@23cfdfa2
[27Sep2026 09:11:40.913] [Render thread/INFO] [net.minecraft.client.Minecraft/]: Screen not yet null: net.minecraft.client.gui.screens.LevelLoadingScreen@23cfdfa2
[27Sep2026 09:11:40.914] [Render thread/INFO] [net.minecraft.client.Minecraft/]: Screen not yet null: net.minecraft.client.gui.screens.LevelLoadingScreen@23cfdfa2
[27Sep2026 09:11:41.140] [Render thread/INFO] [net.minecraft.client.Minecraft/]: Screen not yet null: net.minecraft.client.gui.screens.LevelLoadingScreen@23cfdfa2
[27Sep2026 09:11:41.144] [Render thread/INFO] [net.minecraft.client.Minecraft/]: Screen not yet null: net.minecraft.client.gui.screens.LevelLoadingScreen@23cfdfa2
[27Sep2026 09:11:41.149] [Render thread/INFO] [net.minecraft.client.Minecraft/]: Screen not yet null: net.minecraft.client.gui.screens.LevelLoadingScreen@23cfdfa2
[27Sep2026 09:11:41.150] [Render thread/INFO] [net.minecraft.client.Minecraft/]: Screen not yet null: net.minecraft.client.gui.screens.LevelLoadingScreen@23cfdfa2
[27Sep2026 09:11:41.155] [Render thread/INFO] [net.minecraft.client.Minecraft/]: Screen not yet null: net.minecraft.client.gui.screens.LevelLoadingScreen@23cfdfa2
[27Sep2026 09:11:41.177] [Render thread/INFO] [net.minecraft.client.renderer.DynamicUniformStorage/]: Resizing Chunk Sections UBO, capacity limit of 2 reached during a single frame. New capacity will be 4.
[27Sep2026 09:11:41.912] [Render thread/INFO] [net.minecraft.client.Minecraft/]: Screen not yet null: net.minecraft.client.gui.screens.LevelLoadingScreen@23cfdfa2
[27Sep2026 09:11:41.914] [Render thread/INFO] [net.minecraft.client.Minecraft/]: Screen not yet null: net.minecraft.client.gui.screens.LevelLoadingScreen@23cfdfa2
[27Sep2026 09:11:41.916] [Render thread/INFO] [net.minecraft.client.Minecraft/]: Screen not yet null: net.minecraft.client.gui.screens.LevelLoadingScreen@23cfdfa2
[27Sep2026 09:11:41.917] [Render thread/INFO] [net.minecraft.client.Minecraft/]: Screen not yet null: net.minecraft.client.gui.screens.LevelLoadingScreen@23cfdfa2
[27Sep2026 09:11:41.918] [Render thread/INFO] [net.minecraft.client.Minecraft/]: Screen not yet null: net.minecraft.client.gui.screens.LevelLoadingScreen@23cfdfa2
[27Sep2026 09:11:41.919] [Render thread/INFO] [net.minecraft.client.Minecraft/]: Screen not yet null: net.minecraft.client.gui.screens.LevelLoadingScreen@23cfdfa2
[27Sep2026 09:11:41.920] [Render thread/INFO] [net.minecraft.client.Minecraft/]: Screen not yet null: net.minecraft.client.gui.screens.LevelLoadingScreen@23cfdfa2
[27Sep2026 09:11:41.921] [Render thread/INFO] [net.minecraft.client.Minecraft/]: Screen not yet null: net.minecraft.client.gui.screens.LevelLoadingScreen@23cfdfa2
[27Sep2026 09:11:41.922] [Render thread/INFO] [net.minecraft.client.Minecraft/]: Screen not yet null: net.minecraft.client.gui.screens.LevelLoadingScreen@23cfdfa2
[27Sep2026 09:11:41.923] [Render thread/INFO] [net.minecraft.client.Minecraft/]: Screen not yet null: net.minecraft.client.gui.screens.LevelLoadingScreen@23cfdfa2
[27Sep2026 09:11:41.934] [Render thread/INFO] [net.minecraft.client.renderer.DynamicUniformStorage/]: Resizing Chunk Sections UBO, capacity limit of 4 reached during a single frame. New capacity will be 8.
[27Sep2026 09:11:42.133] [Render thread/INFO] [net.minecraft.client.Minecraft/]: Screen not yet null: net.minecraft.client.gui.screens.LevelLoadingScreen@23cfdfa2
[27Sep2026 09:11:42.136] [Render thread/INFO] [net.minecraft.client.Minecraft/]: Screen not yet null: net.minecraft.client.gui.screens.LevelLoadingScreen@23cfdfa2
[27Sep2026 09:11:42.137] [Render thread/INFO] [net.minecraft.client.Minecraft/]: Screen not yet null: net.minecraft.client.gui.screens.LevelLoadingScreen@23cfdfa2
[27Sep2026 09:11:42.138] [Render thread/INFO] [net.minecraft.client.Minecraft/]: Screen not yet null: net.minecraft.client.gui.screens.LevelLoadingScreen@23cfdfa2
[27Sep2026 09:11:42.140] [Render thread/INFO] [net.minecraft.client.Minecraft/]: Screen not yet null: net.minecraft.client.gui.screens.LevelLoadingScreen@23cfdfa2
[27Sep2026 09:11:42.142] [Render thread/INFO] [net.minecraft.client.renderer.DynamicUniformStorage/]: Resizing Chunk Sections UBO, capacity limit of 8 reached during a single frame. New capacity will be 16.
[27Sep2026 09:11:42.340] [Render thread/INFO] [net.minecraft.client.Minecraft/]: Screen not yet null: net.minecraft.client.gui.screens.LevelLoadingScreen@23cfdfa2
[27Sep2026 09:11:42.341] [Render thread/INFO] [net.minecraft.client.Minecraft/]: Screen not yet null: net.minecraft.client.gui.screens.LevelLoadingScreen@23cfdfa2
[27Sep2026 09:11:42.346] [Render thread/INFO] [net.minecraft.client.Minecraft/]: Screen not yet null: net.minecraft.client.gui.screens.LevelLoadingScreen@23cfdfa2
[27Sep2026 09:11:42.347] [Render thread/INFO] [net.minecraft.client.Minecraft/]: Screen not yet null: net.minecraft.client.gui.screens.LevelLoadingScreen@23cfdfa2
[27Sep2026 09:11:42.536] [Render thread/INFO] [net.minecraft.client.Minecraft/]: Screen not yet null: net.minecraft.client.gui.screens.LevelLoadingScreen@23cfdfa2
[27Sep2026 09:11:42.550] [Render thread/INFO] [net.minecraft.client.Minecraft/]: Waiting 53 ticks before testing...
[27Sep2026 09:11:42.562] [Render thread/INFO] [net.minecraft.client.Minecraft/]: Waiting 52 ticks before testing...
[27Sep2026 09:11:42.564] [Render thread/INFO] [net.minecraft.client.Minecraft/]: Waiting 51 ticks before testing...
[27Sep2026 09:11:42.702] [Render thread/INFO] [net.minecraft.client.Minecraft/]: Waiting 50 ticks before testing...
[27Sep2026 09:11:42.705] [Render thread/INFO] [net.minecraft.client.Minecraft/]: Waiting 49 ticks before testing...
[27Sep2026 09:11:42.707] [Render thread/INFO] [net.minecraft.client.Minecraft/]: Waiting 48 ticks before testing...
[27Sep2026 09:11:42.882] [Render thread/INFO] [net.minecraft.client.Minecraft/]: Waiting 47 ticks before testing...
[27Sep2026 09:11:42.885] [Render thread/INFO] [net.minecraft.client.Minecraft/]: Waiting 46 ticks before testing...
[27Sep2026 09:11:42.894] [Render thread/INFO] [net.minecraft.client.Minecraft/]: Waiting 45 ticks before testing...
[27Sep2026 09:11:42.895] [Render thread/INFO] [net.minecraft.client.Minecraft/]: Waiting 44 ticks before testing...
[27Sep2026 09:11:42.980] [Render thread/INFO] [net.minecraft.client.Minecraft/]: Waiting 43 ticks before testing...
[27Sep2026 09:11:42.988] [Render thread/INFO] [net.minecraft.client.Minecraft/]: Waiting 42 ticks before testing...
[27Sep2026 09:11:43.026] [Render thread/INFO] [net.minecraft.client.Minecraft/]: Waiting 41 ticks before testing...
[27Sep2026 09:11:43.076] [Render thread/INFO] [net.minecraft.client.Minecraft/]: Waiting 40 ticks before testing...
[27Sep2026 09:11:43.136] [Render thread/INFO] [net.minecraft.client.Minecraft/]: Waiting 39 ticks before testing...
[27Sep2026 09:11:43.183] [Render thread/INFO] [net.minecraft.client.Minecraft/]: Waiting 38 ticks before testing...
[27Sep2026 09:11:43.244] [Render thread/INFO] [net.minecraft.client.Minecraft/]: Waiting 37 ticks before testing...
[27Sep2026 09:11:43.293] [Render thread/INFO] [net.minecraft.client.Minecraft/]: Waiting 36 ticks before testing...
[27Sep2026 09:11:43.344] [Render thread/INFO] [net.minecraft.client.Minecraft/]: Waiting 35 ticks before testing...
[27Sep2026 09:11:43.405] [Render thread/INFO] [net.minecraft.client.Minecraft/]: Waiting 34 ticks before testing...
[27Sep2026 09:11:43.456] [Render thread/INFO] [net.minecraft.client.Minecraft/]: Waiting 33 ticks before testing...
[27Sep2026 09:11:43.459] [Render thread/INFO] [net.minecraft.client.Minecraft/]: Waiting 32 ticks before testing...
[27Sep2026 09:11:43.561] [Render thread/INFO] [net.minecraft.client.Minecraft/]: Waiting 31 ticks before testing...
[27Sep2026 09:11:43.564] [Render thread/INFO] [net.minecraft.client.Minecraft/]: Waiting 30 ticks before testing...
[27Sep2026 09:11:43.639] [Render thread/INFO] [net.minecraft.client.Minecraft/]: Waiting 29 ticks before testing...
[27Sep2026 09:11:43.703] [Render thread/INFO] [net.minecraft.client.Minecraft/]: Waiting 28 ticks before testing...
[27Sep2026 09:11:43.754] [Render thread/INFO] [net.minecraft.client.Minecraft/]: Waiting 27 ticks before testing...
[27Sep2026 09:11:43.809] [Render thread/INFO] [net.minecraft.client.Minecraft/]: Waiting 26 ticks before testing...
[27Sep2026 09:11:43.811] [Render thread/INFO] [net.minecraft.client.Minecraft/]: Waiting 25 ticks before testing...
[27Sep2026 09:11:43.859] [Render thread/INFO] [net.minecraft.client.Minecraft/]: Waiting 24 ticks before testing...
[27Sep2026 09:11:43.946] [Render thread/INFO] [net.minecraft.client.Minecraft/]: Waiting 23 ticks before testing...
[27Sep2026 09:11:44.041] [Render thread/INFO] [net.minecraft.client.Minecraft/]: Waiting 22 ticks before testing...
[27Sep2026 09:11:44.043] [Render thread/INFO] [net.minecraft.client.Minecraft/]: Waiting 21 ticks before testing...
[27Sep2026 09:11:44.128] [Render thread/INFO] [net.minecraft.client.Minecraft/]: Waiting 20 ticks before testing...
[27Sep2026 09:11:44.132] [Render thread/INFO] [net.minecraft.client.Minecraft/]: Waiting 19 ticks before testing...
[27Sep2026 09:11:44.134] [Render thread/INFO] [net.minecraft.client.renderer.DynamicUniformStorage/]: Resizing Chunk Sections UBO, capacity limit of 16 reached during a single frame. New capacity will be 32.
[27Sep2026 09:11:44.176] [Render thread/INFO] [net.minecraft.client.Minecraft/]: Waiting 18 ticks before testing...
[27Sep2026 09:11:44.233] [Render thread/INFO] [net.minecraft.client.Minecraft/]: Waiting 17 ticks before testing...
[27Sep2026 09:11:44.488] [Render thread/INFO] [net.minecraft.client.Minecraft/]: Waiting 16 ticks before testing...
[27Sep2026 09:11:44.492] [Render thread/INFO] [net.minecraft.client.Minecraft/]: Waiting 15 ticks before testing...
[27Sep2026 09:11:44.494] [Render thread/INFO] [net.minecraft.client.Minecraft/]: Waiting 14 ticks before testing...
[27Sep2026 09:11:44.495] [Render thread/INFO] [net.minecraft.client.Minecraft/]: Waiting 13 ticks before testing...
[27Sep2026 09:11:44.500] [Render thread/INFO] [net.minecraft.client.Minecraft/]: Waiting 12 ticks before testing...
[27Sep2026 09:11:44.567] [Render thread/INFO] [net.minecraft.client.Minecraft/]: Waiting 11 ticks before testing...
[27Sep2026 09:11:44.573] [Render thread/INFO] [net.minecraft.client.Minecraft/]: Waiting 10 ticks before testing...
[27Sep2026 09:11:44.653] [Render thread/INFO] [net.minecraft.client.Minecraft/]: Waiting 9 ticks before testing...
[27Sep2026 09:11:44.737] [Render thread/INFO] [net.minecraft.client.Minecraft/]: Waiting 8 ticks before testing...
[27Sep2026 09:11:44.739] [Render thread/INFO] [net.minecraft.client.Minecraft/]: Waiting 7 ticks before testing...
[27Sep2026 09:11:44.800] [Render thread/INFO] [net.minecraft.client.Minecraft/]: Waiting 6 ticks before testing...
[27Sep2026 09:11:44.865] [Render thread/INFO] [net.minecraft.client.Minecraft/]: Waiting 5 ticks before testing...
[27Sep2026 09:11:44.868] [Render thread/INFO] [net.minecraft.client.Minecraft/]: Waiting 4 ticks before testing...
[27Sep2026 09:11:44.936] [Render thread/INFO] [net.minecraft.client.Minecraft/]: Waiting 3 ticks before testing...
[27Sep2026 09:11:44.999] [Render thread/INFO] [net.minecraft.client.Minecraft/]: Waiting 2 ticks before testing...
[27Sep2026 09:11:45.053] [Render thread/INFO] [net.minecraft.client.Minecraft/]: Waiting 1 ticks before testing...
[27Sep2026 09:11:45.118] [Render thread/INFO] [net.minecraft.client.Minecraft/]: Running game tests...
[27Sep2026 09:11:45.123] [Server thread/INFO] [me.earth.mc_runtime_test.McGameTestRunner/]: TestFunctions: []
[27Sep2026 09:11:45.127] [Render thread/INFO] [net.minecraft.client.Minecraft/]: No tests found, Successfully finished.
[27Sep2026 09:11:45.159] [Server thread/INFO] [net.minecraft.server.MinecraftServer/]: Stopping server
[27Sep2026 09:11:45.162] [Server thread/INFO] [net.minecraft.server.MinecraftServer/]: Saving players
[27Sep2026 09:11:45.181] [Server thread/INFO] [net.minecraft.server.network.ServerGamePacketListenerImpl/]: Offline lost connection: Server closed
[27Sep2026 09:11:45.181] [Server thread/INFO] [net.minecraft.server.MinecraftServer/]: Offline left the game
[27Sep2026 09:11:45.188] [Server thread/INFO] [net.minecraft.server.network.ServerCommonPacketListenerImpl/]: Stopping singleplayer server as player logged out
[27Sep2026 09:11:45.188] [Server thread/INFO] [net.minecraft.server.MinecraftServer/]: Saving worlds
[27Sep2026 09:11:45.815] [Server thread/INFO] [net.minecraft.server.MinecraftServer/]: Saving chunks for level 'ServerLevel[New World]'/minecraft:overworld
[27Sep2026 09:11:46.331] [Server thread/INFO] [net.minecraft.server.MinecraftServer/]: Saving chunks for level 'ServerLevel[New World]'/minecraft:the_end
[27Sep2026 09:11:46.334] [Server thread/INFO] [net.minecraft.server.MinecraftServer/]: Saving chunks for level 'ServerLevel[New World]'/minecraft:the_nether
[27Sep2026 09:11:46.361] [Server thread/INFO] [net.minecraft.server.MinecraftServer/]: ThreadedAnvilChunkStorage (world): All chunks are saved
[27Sep2026 09:11:46.361] [Server thread/INFO] [net.minecraft.server.MinecraftServer/]: ThreadedAnvilChunkStorage (DIM1): All chunks are saved
[27Sep2026 09:11:46.361] [Server thread/INFO] [net.minecraft.server.MinecraftServer/]: ThreadedAnvilChunkStorage (DIM-1): All chunks are saved
[27Sep2026 09:11:46.361] [Server thread/INFO] [net.minecraft.server.MinecraftServer/]: ThreadedAnvilChunkStorage: All dimensions are saved
[27Sep2026 09:11:46.904] [Render thread/INFO] [MCVoice/]: [WORLD] left world (disconnect), epoch 3
[27Sep2026 09:11:46.905] [Render thread/INFO] [net.minecraft.client.Minecraft/]: Waiting for player to load...
[27Sep2026 09:11:46.974] [Render thread/INFO] [net.minecraft.client.Minecraft/]: Stopping!
