es.ForgeRegistry/REGISTRIES]: Registry minecraft:sound_event add: minecraft:item.armor.equip_iron 40 net.minecraft.util.SoundEvent@1417c585 (req. id 40)
[27Sep2026 09:11:46.102] [Server thread/TRACE] [net.minecraftforge.registries.ForgeRegistry/REGISTRIES]: Registry minecraft:sound_event add: minecraft:item.armor.equip_leather 41 net.minecraft.util.SoundEvent@30604399 (req. id 41)
[27Sep2026 09:11:46.102] [Server thread/TRACE] [net.minecraftforge.registries.ForgeRegistry/REGISTRIES]: Registry minecraft:sound_event add: minecraft:item.armor.equip_netherite 42 net.minecraft.util.SoundEvent@2b3afef2 (req. id 42)
[27Sep2026 09:11:46.102] [Server thread/TRACE] [net.minecraftforge.registries.ForgeRegistry/REGISTRIES]: Registry minecraft:sound_event add: minecraft:item.armor.equip_turtle 43 net.minecraft.util.SoundEvent@4c5aeef4 (req. id 43)
[27Sep2026 09:11:46.102] [Server thread/TRACE] [net.minecraftforge.registries.ForgeRegistry/REGISTRIES]: Registry minecraft:sound_event add: minecraft:entity.armor_stand.break 44 net.minecraft.util.SoundEvent@62f4c8b8 (req. id 44)
[27Sep2026 09:11:46.102] [Server thread/TRACE] [net.minecraftforge.registries.ForgeRegistry/REGISTRIES]: Registry minecraft:sound_event add: minecraft:entity.armor_stand.fall 45 net.minecraft.util.SoundEvent@d0ad4f4 (req. id 45)
[27Sep2026 09:11:46.102] [Server thread/TRACE] [net.minecraftforge.registries.ForgeRegistry/REGISTRIES]: Registry minecraft:sound_event add: minecraft:entity.armor_stand.hit 46 net.minecraft.util.SoundEvent@17fb8cd7 (req. id 46)
[27Sep2026 09:11:46.102] [Server thread/TRACE] [net.minecraftforge.registries.ForgeRegistry/REGISTRIES]: Registry minecraft:sound_event add: minecraft:entity.armor_stand.place 47 net.minecraft.util.SoundEvent@1e5f24f (req. id 47)
[27Sep2026 09:11:46.102] [Server thread/TRACE] [net.minecraftforge.registries.ForgeRegistry/REGISTRIES]: Registry minecraft:sound_event add: minecraft:entity.arrow.hit 48 net.minecraft.util.SoundEvent@2ed409b7 (req. id 48)
[27Sep2026 09:11:46.102] [Server thread/TRACE] [net.minecraftforge.registries.ForgeRegistry/REGISTRIES]: Registry minecraft:sound_event add: minecraft:entity.arrow.hit_player 49 net.minecraft.util.SoundEvent@17fb7c20 (req. id 49)
[27Sep2026 09:11:46.102] [Server thread/TRACE] [net.minecraftforge.registries.ForgeRegistry/REGISTRIES]: Registry minecraft:sound_event add: minecraft:entity.arrow.shoot 50 net.minecraft.util.SoundEvent@3058b29a (req. id 50)
[27Sep2026 09:11:46.102] [Server thread/TRACE] [net.minecraftforge.registries.ForgeRegistry/REGISTRIES]: Registry minecraft:sound_event add: minecraft:item.axe.strip 51 net.minecraft.util.SoundEvent@6ee2211f (req. id 51)
[27Sep2026 09:11:46.102] [Server thread/TRACE] [net.minecraftforge.registries.ForgeRegistry/REGISTRIES]: Registry minecraft:sound_event add: minecraft:block.bamboo.break 52 net.minecraft.util.SoundEvent@6ad51754 (req. id 52)
[27Sep2026 09:11:46.102] [Server thread/TRACE] [net.minecraftforge.registries.ForgeRegistry/REGISTRIES]: Registry minecraft:sound_event add: minecraft:block.bamboo.fall 53 net.minecraft.util.SoundEvent@a456af4 (req. id 53)
[27Sep2026 09:11:46.102] [Server thread/TRACE] [net.minecraftforge.registries.ForgeRegistry/REGISTRIES]: Registry minecraft:sound_event add: minecraft:block.bamboo.hit 54 net.minecraft.util.SoundEvent@675cf04f (req. id 54)
[27Sep2026 09:11:46.102] [Server thread/TRACE] [net.minecraftforge.registries.ForgeRegistry/REGISTRIES]: Registry minecraft:sound_event add: minecraft:block.bamboo.place 55 net.minecraft.util.SoundEvent@5c35497 (req. id 55)
[27Sep2026 09:11:46.102] [Server thread/TRACE] [net.minecraftforge.registries.ForgeRegistry/REGISTRIES]: Registry minecraft:sound_event add: minecraft:block.bamboo.step 56 net.minecraft.util.SoundEvent@751c9db6 (req. id 56)
[27Sep2026 09:11:46.102] [Server thread/TRACE] [net.minecraftforge.registries.ForgeRegistry/REGISTRIES]: Registry minecraft:sound_event add: minecraft:block.bamboo_sapling.break 57 net.minecraft.util.SoundEvent@70f45848 (req. id 57)
[27Sep2026 09:11:46.102] [Server thread/TRACE] [net.minecraftforge.registries.ForgeRegistry/REGISTRIES]: Registry minecraft:sound_event add: minecraft:block.bamboo_sapling.hit 58 net.minecraft.util.SoundEvent@368bbe13 (req. id 58)
[27Sep2026 09:11:46.102] [Server thread/TRACE] [net.minecraftforge.registries.ForgeRegistry/REGISTRIES]: Registry minecraft:sound_event add: minecraft:block.bamboo_sapling.place 59 net.minecraft.util.SoundEvent@44bb19e5 (req. id 59)
[27Sep2026 09:11:46.102] [Server thread/TRACE] [net.minecraftforge.registries.ForgeRegistry/REGISTRIES]: Registry minecraft:sound_event add: minecraft:block.barrel.close 60 net.minecraft.util.SoundEvent@57310151 (req. id 60)
[27Sep2026 09:11:46.102] [Server thread/TRACE] [net.minecraftforge.registries.ForgeRegistry/REGISTRIES]: Registry minecraft:sound_event add: minecraft:block.barrel.open 61 net.minecraft.util.SoundEvent@495b10f5 (req. id 61)
[27Sep2026 09:11:46.102] [Server thread/TRACE] [net.minecraftforge.registries.ForgeRegistry/REGISTRIES]: Registry minecraft:sound_event add: minecraft:block.basalt.break 62 net.minecraft.util.SoundEvent@6b1518f (req. id 62)
[27Sep2026 09:11:46.102] [Server thread/TRACE] [net.minecraftforge.registries.ForgeRegistry/REGISTRIES]: Registry minecraft:sound_event add: minecraft:block.basalt.step 63 net.minecraft.util.SoundEvent@497e8a69 (req. id 63)
[27Sep2026 09:11:46.102] [Server thread/TRACE] [net.minecraftforge.registries.ForgeRegistry/REGISTRIES]: Registry minecraft:sound_event add: minecraft:block.basalt.place 64 net.minecraft.util.SoundEvent@4d380838 (req. id 64)
[27Sep2026 09:11:46.102] [Server thread/TRACE] [net.minecraftforge.registries.ForgeRegistry/REGISTRIES]: Registry minecraft:sound_event add: minecraft:block.basalt.hit 65 net.minecraft.util.SoundEvent@14a79bac (req. id 65)
[27Sep2026 09:11:46.102] [Server thread/TRACE] [net.minecraftforge.registries.ForgeRegistry/REGISTRIES]: Registry minecraft:sound_event add: minecraft:block.basalt.fall 66 net.minecraft.util.SoundEvent@6fa745be (req. id 66)
[27Sep2026 09:11:46.102] [Server thread/TRACE] [net.minecraftforge.registries.ForgeRegistry/REGISTRIES]: Registry minecraft:sound_event add: minecraft:entity.bat.ambient 67 net.minecraft.util.SoundEvent@fe91db (req. id 67)
[27Sep2026 09:11:46.102] [Server thread/TRACE] [net.minecraftforge.registries.ForgeRegistry/REGISTRIES]: Registry minecraft:sound_event add: minecraft:entity.bat.death 68 net.minecraft.util.SoundEvent@7e35893e (req. id 68)
[27Sep2026 09:11:46.102] [Server thread/TRACE] [net.minecraftforge.registries.ForgeRegistry/REGISTRIES]: Registry minecraft:sound_event add: minecraft:entity.bat.hurt 69 net.minecraft.util.SoundEvent@43980235 (req. id 69)
[27Sep2026 09:11:46.102] [Server thread/TRACE] [net.minecraftforge.registries.ForgeRegistry/REGISTRIES]: Registry minecraft:sound_event add: minecraft:entity.bat.loop 70 net.minecraft.util.SoundEvent@311beacf (req. id 70)
[27Sep2026 09:11:46.102] [Server thread/TRACE] [net.minecraftforge.registries.ForgeRegistry/REGISTRIES]: Registry minecraft:sound_event add: minecraft:entity.bat.takeoff 71 net.minecraft.util.SoundEvent@5c0f84c2 (req. id 71)
[27Sep2026 09:11:46.102] [Server thread/TRACE] [net.minecraftforge.registries.ForgeRegistry/REGISTRIES]: Registry minecraft:sound_event add: minecraft:block.beacon.activate 72 net.minecraft.util.SoundEvent@6de6ad3f (req. id 72)
[27Sep2026 09:11:46.102] [Server thread/TRACE] [net.minecraftforge.registries.ForgeRegistry/REGISTRIES]: Registry minecraft:sound_event add: minecraft:block.beacon.ambient 73 net.minecraft.util.SoundEvent@406fa918 (req. id 73)
[27Sep2026 09:11:46.102] [Server thread/TRACE] [net.minecraftforge.registries.ForgeRegistry/REGISTRIES]: Registry minecraft:sound_event add: minecraft:block.beacon.deactivate 74 net.minecraft.util.SoundEvent@28dc34d7 (req. id 74)
[27Sep2026 09:11:46.102] [Server thread/TRACE] [net.minecraftforge.registries.ForgeRegistry/REGISTRIES]: Registry minecraft:sound_event add: minecraft:block.beacon.power_select 75 net.minecraft.util.SoundEvent@15d7432 (req. id 75)
[27Sep2026 09:11:46.102] [Server thread/TRACE] [net.minecraftforge.registries.ForgeRegistry/REGISTRIES]: Registry minecraft:sound_event add: minecraft:entity.bee.death 76 net.minecraft.util.SoundEvent@50dc6e87 (req. id 76)
[27Sep2026 09:11:46.102] [Server thread/TRACE] [net.minecraftforge.registries.ForgeRegistry/REGISTRIES]: Registry minecraft:sound_event add: minecraft:entity.bee.hurt 77 net.minecraft.util.SoundEvent@71b5d2f8 (req. id 77)
[27Sep2026 09:11:46.102] [Server thread/TRACE] [net.minecraftforge.registries.ForgeRegistry/REGISTRIES]: Registry minecraft:sound_event add: minecraft:entity.bee.loop_aggressive 78 net.minecraft.util.SoundEvent@7d9d829f (req. id 78)
[27Sep2026 09:11:46.102] [Server thread/TRACE] [net.minecraftforge.registries.ForgeRegistry/REGISTRIES]: Registry minecraft:sound_event add: minecraft:entity.bee.loop 79 net.minecraft.util.SoundEvent@43a10f10 (req. id 79)
[27Sep2026 09:11:46.102] [Server thread/TRACE] [net.minecraftforge.registries.ForgeRegistry/REGISTRIES]: Registry minecraft:sound_event add: minecraft:entity.bee.sting 80 net.minecraft.util.SoundEvent@ae851d5 (req. id 80)
[27Sep2026 09:11:46.102] [Server thread/TRACE] [net.minecraftforge.registries.ForgeRegistry/REGISTRIES]: Registry minecraft:sound_event add: minecraft:entity.bee.pollinate 81 net.minecraft.util.SoundEvent@2e741d52 (req. id 81)
[27Sep2026 09:11:46.102] [Server thread/TRACE] [net.minecraftforge.registries.ForgeRegistry/REGISTRIES]: Registry minecraft:sound_event add: minecraft:block.beehive.drip 82 net.minecraft.util.SoundEvent@7c0ab6a0 (req. id 82)
[27Sep2026 09:11:46.102] [Server thread/TRACE] [net.minecraftforge.registries.ForgeRegistry/REGISTRIES]: Registry minecraft:sound_event add: minecraft:block.beehive.enter 83 net.minecraft.util.SoundEvent@3c4cdc3e (req. id 83)
[27Sep2026 09:11:46.102] [Server thread/TRACE] [net.minecraftforge.registries.ForgeRegistry/REGISTRIES]: Registry minecraft:sound_event add: minecraft:block.beehive.exit 84 net.minecraft.util.SoundEvent@8652af6 (req. id 84)
[27Sep2026 09:11:46.102] [Server thread/TRACE] [net.minecraftforge.registries.ForgeRegistry/REGISTRIES]: Registry minecraft:sound_event add: minecraft:block.beehive.shear 85 net.minecraft.util.SoundEvent@25271d7b (req. id 85)
[27Sep2026 09:11:46.103] [Server thread/TRACE] [net.minecraftforge.registries.ForgeRegistry/REGISTRIES]: Registry minecraft:sound_event add: minecraft:block.beehive.work 86 net.minecraft.util.SoundEvent@23e69bbd (req. id 86)
[27Sep2026 09:11:46.103] [Server thread/TRACE] [net.minecraftforge.registries.ForgeRegistry/REGISTRIES]: Registry minecraft:sound_event add: minecraft:block.bell.use 87 net.minecraft.util.SoundEvent@689fe3d7 (req. id 87)
[27Sep2026 09:11:46.103] [Server thread/TRACE] [net.minecraftforge.registries.ForgeRegistry/REGISTRIES]: Registry minecraft:sound_event add: minecraft:block.bell.resonate 88 net.minecraft.util.SoundEvent@1ef0f3e1 (req. id 88)
[27Sep2026 09:11:46.103] [Server thread/TRACE] [net.minecraftforge.registries.ForgeRegistry/REGISTRIES]: Registry minecraft:sound_event add: minecraft:entity.blaze.ambient 89 net.minecraft.util.SoundEvent@3c7a42d5 (req. id 89)
[27Sep2026 09:11:46.103] [Server thread/TRACE] [net.minecraftforge.registries.ForgeRegistry/REGISTRIES]: Registry minecraft:sound_event add: minecraft:entity.blaze.burn 90 net.minecraft.util.SoundEvent@48a66565 (req. id 90)
[27Sep2026 09:11:46.103] [Server thread/TRACE] [net.minecraftforge.registries.ForgeRegistry/REGISTRIES]: Registry minecraft:sound_event add: minecraft:entity.blaze.death 91 net.minecraft.util.SoundEvent@42e6c183 (req. id 91)
[27Sep2026 09:11:46.103] [Server thread/TRACE] [net.minecraftforge.registries.ForgeRegistry/REGISTRIES]: Registry minecraft:sound_event add: minecraft:entity.blaze.hurt 92 net.minecraft.util.SoundEvent@50a63d77 (req. id 92)
[27Sep2026 09:11:46.103] [Server thread/TRACE] [net.minecraftforge.registries.ForgeRegistry/REGISTRIES]: Registry minecraft:sound_event add: minecraft:entity.blaze.shoot 93 net.minecraft.util.SoundEvent@1e2a6028 (req. id 93)
[27Sep2026 09:11:46.104] [Server thread/TRACE] [net.minecraftforge.registries.ForgeRegistry/REGISTRIES]: Registry minecraft:sound_event add: minecraft:entity.boat.paddle_land 94 net.minecraft.util.SoundEvent@7138f5a3 (req. id 94)
[27Sep2026 09:11:46.104] [Server thread/TRACE] [net.minecraftforge.registries.ForgeRegistry/REGISTRIES]: Registry minecraft:sound_event add: minecraft:entity.boat.paddle_water 95 net.minecraft.util.SoundEvent@367926b9 (req. id 95)
[27Sep2026 09:11:46.104] [Server thread/TRACE] [net.minecraftforge.registries.ForgeRegistry/REGISTRIES]: Registry minecraft:sound_event add: minecraft:block.bone_block.break 96 net.minecraft.util.SoundEvent@6e76b12f (req. id 96)
[27Sep2026 09:11:46.104] [Server thread/TRACE] [net.minecraftforge.registries.ForgeRegistry/REGISTRIES]: Registry minecraft:sound_event add: minecraft:block.bone_block.fall 97 net.minecraft.util.SoundEvent@54c1378a (req. id 97)
[27Sep2026 09:11:46.104] [Server thread/TRACE] [net.minecraftforge.registries.ForgeRegistry/REGISTRIES]: Registry minecraft:sound_event add: minecraft:block.bone_block.hit 98 net.minecraft.util.SoundEvent@113e080c (req. id 98)
[27Sep2026 09:11:46.104] [Server thread/TRACE] [net.minecraftforge.registries.ForgeRegistry/REGISTRIES]: Registry minecraft:sound_event add: minecraft:block.bone_block.place 99 net.minecraft.util.SoundEvent@3d994dfe (req. id 99)
[27Sep2026 09:11:46.104] [Server thread/TRACE] [net.minecraftforge.registries.ForgeRegistry/REGISTRIES]: Registry minecraft:sound_event add: minecraft:block.bone_block.step 100 net.minecraft.util.SoundEvent@17167819 (req. id 100)
[27Sep2026 09:11:46.104] [Server thread/TRACE] [net.minecraftforge.registries.ForgeRegistry/REGISTRIES]: Registry minecraft:sound_event add: minecraft:item.book.page_turn 101 net.minecraft.util.SoundEvent@79b1808c (req. id 101)
[27Sep2026 09:11:46.104] [Server thread/TRACE] [net.minecraftforge.registries.ForgeRegistry/REGISTRIES]: Registry minecraft:sound_event add: minecraft:item.book.put 102 net.minecraft.util.SoundEvent@78969593 (req. id 102)
[27Sep2026 09:11:46.104] [Server thread/TRACE] [net.minecraftforge.registries.ForgeRegistry/REGISTRIES]: Registry minecraft:sound_event add: minecraft:block.blastfurnace.fire_crackle 103 net.minecraft.util.SoundEvent@4b546b3d (req. id 103)
[27Sep2026 09:11:46.104] [Server thread/TRACE] [net.minecraftforge.registries.ForgeRegistry/REGISTRIES]: Registry minecraft:sound_event add: minecraft:item.bottle.empty 104 net.minecraft.util.SoundEvent@a38fe58 (req. id 104)
[27Sep2026 09:11:46.106] [Server thread/TRACE] [net.minecraftforge.registries.ForgeRegistry/REGISTRIES]: Registry minecraft:sound_event add: minecraft:item.bottle.fill 105 net.minecraft.util.SoundEvent@4911ea42 (req. id 105)
[27Sep2026 09:11:46.106] [Server thread/TRACE] [net.minecraftforge.registries.ForgeRegistry/REGISTRIES]: Registry minecraft:sound_event add: minecraft:item.bottle.fill_dragonbreath 106 net.minecraft.util.SoundEvent@5d3a8647 (req. id 106)
[27Sep2026 09:11:46.106] [Server thread/TRACE] [net.minecraftforge.registries.ForgeRegistry/REGISTRIES]: Registry minecraft:sound_event add: minecraft:block.brewing_stand.brew 107 net.minecraft.util.SoundEvent@5f6858e8 (req. id 107)
[27Sep2026 09:11:46.106] [Server thread/TRACE] [net.minecraftforge.registries.ForgeRegistry/REGISTRIES]: Registry minecraft:sound_event add: minecraft:block.bubble_column.bubble_pop 108 net.minecraft.util.SoundEvent@36419bcf (req. id 108)
[27Sep2026 09:11:46.106] [Server thread/TRACE] [net.minecraftforge.registries.ForgeRegistry/REGISTRIES]: Registry minecraft:sound_event add: minecraft:block.bubble_column.upwards_ambient 109 net.minecraft.util.SoundEvent@320e2656 (req. id 109)
[27Sep2026 09:11:46.106] [Server thread/TRACE] [net.minecraftforge.registries.ForgeRegistry/REGISTRIES]: Registry minecraft:sound_event add: minecraft:block.bubble_column.upwards_inside 110 net.minecraft.util.SoundEvent@6fa7df00 (req. id 110)
[27Sep2026 09:11:46.106] [Server thread/TRACE] [net.minecraftforge.registries.ForgeRegistry/REGISTRIES]: Registry minecraft:sound_event add: minecraft:block.bubble_column.whirlpool_ambient 111 net.minecraft.util.SoundEvent@2f7668b0 (req. id 111)
[27Sep2026 09:11:46.106] [Server thread/TRACE] [net.minecraftforge.registries.ForgeRegistry/REGISTRIES]: Registry minecraft:sound_event add: minecraft:block.bubble_column.whirlpool_inside 112 net.minecraft.util.SoundEvent@6aad5ab0 (req. id 112)
[27Sep2026 09:11:46.106] [Server thread/TRACE] [net.minecraftforge.registries.ForgeRegistry/REGISTRIES]: Registry minecraft:sound_event add: minecraft:item.bucket.empty 113 net.minecraft.util.SoundEvent@2fdcda7d (req. id 113)
[27Sep2026 09:11:46.106] [Server thread/TRACE] [net.minecraftforge.registries.ForgeRegistry/REGISTRIES]: Registry minecraft:sound_event add: minecraft:item.bucket.empty_fish 114 net.minecraft.util.SoundEvent@79a2fec7 (req. id 114)
[27Sep2026 09:11:46.106] [Server thread/TRACE] [net.minecraftforge.registries.ForgeRegistry/REGISTRIES]: Registry minecraft:sound_event add: minecraft:item.bucket.empty_lava 115 net.minecraft.util.SoundEvent@7e9e87f7 (req. id 115)
[27Sep2026 09:11:46.106] [Server thread/TRACE] [net.minecraftforge.registries.ForgeRegistry/REGISTRIES]: Registry minecraft:sound_event add: minecraft:item.bucket.fill 116 net.minecraft.util.SoundEvent@22567022 (req. id 116)
[27Sep2026 09:11:46.106] [Server thread/TRACE] [net.minecraftforge.registries.ForgeRegistry/REGISTRIES]: Registry minecraft:sound_event add: minecraft:item.bucket.fill_fish 117 net.minecraft.util.SoundEvent@7b98833 (req. id 117)
[27Sep2026 09:11:46.106] [Server thread/TRACE] [net.minecraftforge.registries.ForgeRegistry/REGISTRIES]: Registry minecraft:sound_event add: minecraft:item.bucket.fill_lava 118 net.minecraft.util.SoundEvent@8b4e061 (req. id 118)
[27Sep2026 09:11:46.106] [Server thread/TRACE] [net.minecraftforge.registries.ForgeRegistry/REGISTRIES]: Registry minecraft:sound_event add: minecraft:block.campfire.crackle 119 net.minecraft.util.SoundEvent@7ed117d4 (req. id 119)
[27Sep2026 09:11:46.106] [Server thread/TRACE] [net.minecraftforge.registries.ForgeRegistry/REGISTRIES]: Registry minecraft:sound_event add: minecraft:entity.cat.ambient 120 net.minecraft.util.SoundEvent@5e0d4fc4 (req. id 120)
[27Sep2026 09:11:46.106] [Server thread/TRACE] [net.minecraftforge.registries.ForgeRegistry/REGISTRIES]: Registry minecraft:sound_event add: minecraft:entity.cat.stray_ambient 121 net.minecraft.util.SoundEvent@601c0191 (req. id 121)
[27Sep2026 09:11:46.106] [Server thread/TRACE] [net.minecraftforge.registries.ForgeRegistry/REGISTRIES]: Registry minecraft:sound_event add: minecraft:entity.cat.death 122 net.minecraft.util.SoundEvent@3b25ce83 (req. id 122)
[27Sep2026 09:11:46.106] [Server thread/TRACE] [net.minecraftforge.registries.ForgeRegistry/REGISTRIES]: Registry minecraft:sound_event add: minecraft:entity.cat.eat 123 net.minecraft.util.SoundEvent@6d12f96c (req. id 123)
[27Sep2026 09:11:46.106] [Server thread/TRACE] [net.minecraftforge.registries.ForgeRegistry/REGISTRIES]: Registry minecraft:sound_event add: minecraft:entity.cat.hiss 124 net.minecraft.util.SoundEvent@14f705 (req. id 124)
[27Sep2026 09:11:46.106] [Server thread/TRACE] [net.minecraftforge.registries.ForgeRegistry/REGISTRIES]: Registry minecraft:sound_event add: minecraft:entity.cat.beg_for_food 125 net.minecraft.util.SoundEvent@77b3daa2 (req. id 125)
[27Sep2026 09:11:46.106] [Server thread/TRACE] [net.minecraftforge.registries.ForgeRegistry/REGISTRIES]: Registry minecraft:sound_event add: minecraft:entity.cat.hurt 126 net.minecraft.util.SoundEvent@140e034f (req. id 126)
[27Sep2026 09:11:46.106] [Server thread/TRACE] [net.minecraftforge.registries.ForgeRegistry/REGISTRIES]: Registry minecraft:sound_event add: minecraft:entity.cat.purr 127 net.minecraft.util.SoundEvent@435efbf3 (req. id 127)
[27Sep2026 09:11:46.106] [Server thread/TRACE] [net.minecraftforge.registries.ForgeRegistry/REGISTRIES]: Registry minecraft:sound_event add: minecraft:entity.cat.purreow 128 net.minecraft.util.SoundEvent@3847e052 (req. id 128)
[27Sep2026 09:11:46.106] [Server thread/TRACE] [net.minecraftforge.registries.ForgeRegistry/REGISTRIES]: Registry minecraft:sound_event add: minecraft:block.chain.break 129 net.minecraft.util.SoundEvent@1b573872 (req. id 129)
[27Sep2026 09:11:46.106] [Server thread/TRACE] [net.minecraftforge.registries.ForgeRegistry/REGISTRIES]: Registry minecraft:sound_event add: minecraft:block.chain.fall 130 net.minecraft.util.SoundEvent@e29e5aa (req. id 130)
[27Sep2026 09:11:46.106] [Server thread/TRACE] [net.minecraftforge.registries.ForgeRegistry/REGISTRIES]: Registry minecraft:sound_event add: minecraft:block.chain.hit 131 net.minecraft.util.SoundEvent@30132cd0 (req. id 131)
[27Sep2026 09:11:46.106] [Server thread/TRACE] [net.minecraftforge.registries.ForgeRegistry/REGISTRIES]: Registry minecraft:sound_event add: minecraft:block.chain.place 132 net.minecraft.util.SoundEvent@44483dec (req. id 132)
[27Sep2026 09:11:46.106] [Server thread/TRACE] [net.minecraftforge.registries.ForgeRegistry/REGISTRIES]: Registry minecraft:sound_event add: minecraft:block.chain.step 133 net.minecraft.util.SoundEvent@7a2c0793 (req. id 133)
[27Sep2026 09:11:46.106] [Server thread/TRACE] [net.minecraftforge.registries.ForgeRegistry/REGISTRIES]: Registry minecraft:sound_event add: minecraft:block.chest.close 134 net.minecraft.util.SoundEvent@55dd143a (req. id 134)
[27Sep2026 09:11:46.106] [Server thread/TRACE] [net.minecraftforge.registries.ForgeRegistry/REGISTRIES]: Registry minecraft:sound_event add: minecraft:block.chest.locked 135 net.minecraft.util.SoundEvent@77afef7c (req. id 135)
[27Sep2026 09:11:46.106] [Server thread/TRACE] [net.minecraftforge.registries.ForgeRegistry/REGISTRIES]: Registry minecraft:sound_event add: minecraft:block.chest.open 136 net.minecraft.util.SoundEvent@6c2fc633 (req. id 136)
[27Sep2026 09:11:46.106] [Server thread/TRACE] [net.minecraftforge.registries.ForgeRegistry/REGISTRIES]: Registry minecraft:sound_event add: minecraft:entity.chicken.ambient 137 net.minecraft.util.SoundEvent@5234058c (req. id 137)
[27Sep2026 09:11:46.106] [Server thread/TRACE] [net.minecraftforge.registries.ForgeRegistry/REGISTRIES]: Registry minecraft:sound_event add: minecraft:entity.chicken.death 138 net.minecraft.util.SoundEvent@12371536 (req. id 138)
[27Sep2026 09:11:46.106] [Server thread/TRACE] [net.minecraftforge.registries.ForgeRegistry/REGISTRIES]: Registry minecraft:sound_event add: minecraft:entity.chicken.egg 139 net.minecraft.util.SoundEvent@56cdd9be (req. id 139)
[27Sep2026 09:11:46.106] [Server thread/TRACE] [net.minecraftforge.registries.ForgeRegistry/REGISTRIES]: Registry minecraft:sound_event add: minecraft:entity.chicken.hurt 140 net.minecraft.util.SoundEvent@43773ea9 (req. id 140)
[27Sep2026 09:11:46.106] [Server thread/TRACE] [net.minecraftforge.registries.ForgeRegistry/REGISTRIES]: Registry minecraft:sound_event add: minecraft:entity.chicken.step 141 net.minecraft.util.SoundEvent@61723a91 (req. id 141)
[27Sep2026 09:11:46.106] [Server thread/TRACE] [net.minecraftforge.registries.ForgeRegistry/REGISTRIES]: Registry minecraft:sound_event add: minecraft:block.chorus_flower.death 142 net.minecraft.util.SoundEvent@43915012 (req. id 142)
[27Sep2026 09:11:46.106] [Server thread/TRACE] [net.minecraftforge.registries.ForgeRegistry/REGISTRIES]: Registry minecraft:sound_event add: minecraft:block.chorus_flower.grow 143 net.minecraft.util.SoundEvent@10e671e (req. id 143)
[27Sep2026 09:11:46.107] [Server thread/TRACE] [net.minecraftforge.registries.ForgeRegistry/REGISTRIES]: Registry minecraft:sound_event add: minecraft:item.chorus_fruit.teleport 144 net.minecraft.util.SoundEvent@2307000f (req. id 144)
[27Sep2026 09:11:46.107] [Server thread/TRACE] [net.minecraftforge.registries.ForgeRegistry/REGISTRIES]: Registry minecraft:sound_event add: minecraft:entity.cod.ambient 145 net.minecraft.util.SoundEvent@3fc156c8 (req. id 145)
[27Sep2026 09:11:46.107] [Server thread/TRACE] [net.minecraftforge.registries.ForgeRegistry/REGISTRIES]: Registry minecraft:sound_event add: minecraft:entity.cod.death 146 net.minecraft.util.SoundEvent@3cf17ea5 (req. id 146)
[27Sep2026 09:11:46.107] [Server thread/TRACE] [net.minecraftforge.registries.ForgeRegistry/REGISTRIES]: Registry minecraft:sound_event add: minecraft:entity.cod.flop 147 net.minecraft.util.SoundEvent@46b3e39c (req. id 147)
[27Sep2026 09:11:46.107] [Server thread/TRACE] [net.minecraftforge.registries.ForgeRegistry/REGISTRIES]: Registry minecraft:sound_event add: minecraft:entity.cod.hurt 148 net.minecraft.util.SoundEvent@2dfd1ae2 (req. id 148)
[27Sep2026 09:11:46.107] [Server thread/TRACE] [net.minecraftforge.registries.ForgeRegistry/REGISTRIES]: Registry minecraft:sound_event add: minecraft:block.comparator.click 149 net.minecraft.util.SoundEvent@4f02ed52 (req. id 149)
[27Sep2026 09:11:46.107] [Server thread/TRACE] [net.minecraftforge.registries.ForgeRegistry/REGISTRIES]: Registry minecraft:sound_event add: minecraft:block.composter.empty 150 net.minecraft.util.SoundEvent@377b10de (req. id 150)
[27Sep2026 09:11:46.107] [Server thread/TRACE] [net.minecraftforge.registries.ForgeRegistry/REGISTRIES]: Registry minecraft:sound_event add: minecraft:block.composter.fill 151 net.minecraft.util.SoundEvent@2706cd70 (req. id 151)
[27Sep2026 09:11:46.107] [Server thread/TRACE] [net.minecraftforge.registries.ForgeRegistry/REGISTRIES]: Registry minecraft:sound_event add: minecraft:block.composter.fill_success 152 net.minecraft.util.SoundEvent@76b4a29b (req. id 152)
[27Sep2026 09:11:46.107] [Server thread/TRACE] [net.minecraftforge.registries.ForgeRegistry/REGISTRIES]: Registry minecraft:sound_event add: minecraft:block.composter.ready 153 net.minecraft.util.SoundEvent@75716b95 (req. id 153)
[27Sep2026 09:11:46.107] [Server thread/TRACE] [net.minecraftforge.registries.ForgeRegistry/REGISTRIES]: Registry minecraft:sound_event add: minecraft:block.conduit.activate 154 net.minecraft.util.SoundEvent@3084bac9 (req. id 154)
[27Sep2026 09:11:46.107] [Server thread/TRACE] [net.minecraftforge.registries.ForgeRegistry/REGISTRIES]: Registry minecraft:sound_event add: minecraft:block.conduit.ambient 155 net.minecraft.util.SoundEvent@28240209 (req. id 155)
[27Sep2026 09:11:46.107] [Server thread/TRACE] [net.minecraftforge.registries.ForgeRegistry/REGISTRIES]: Registry minecraft:sound_event add: minecraft:block.conduit.ambient.short 156 net.minecraft.util.SoundEvent@7634c73d (req. id 156)
[27Sep2026 09:11:46.107] [Server thread/TRACE] [net.minecraftforge.registries.ForgeRegistry/REGISTRIES]: Registry minecraft:sound_event add: minecraft:block.conduit.attack.target 157 net.minecraft.util.SoundEvent@31805298 (req. id 157)
[27Sep2026 09:11:46.107] [Server thread/TRACE] [net.minecraftforge.registries.ForgeRegistry/REGISTRIES]: Registry minecraft:sound_event add: minecraft:block.conduit.deactivate 158 net.minecraft.util.SoundEvent@17464ef9 (req. id 158)
[27Sep2026 09:11:46.107] [Server thread/TRACE] [net.minecraftforge.registries.ForgeRegistry/REGISTRIES]: Registry minecraft:sound_event add: minecraft:block.coral_block.break 159 net.minecraft.util.SoundEvent@6dd14ccd (req. id 159)
[27Sep2026 09:11:46.107] [Server thread/TRACE] [net.minecraftforge.registries.ForgeRegistry/REGISTRIES]: Registry minecraft:sound_event add: minecraft:block.coral_block.fall 160 net.minecraft.util.SoundEvent@506b0f01 (req. id 160)
[27Sep2026 09:11:46.107] [Server thread/TRACE] [net.minecraftforge.registries.ForgeRegistry/REGISTRIES]: Registry minecraft:sound_event add: minecraft:block.coral_block.hit 161 net.minecraft.util.SoundEvent@4483e3a4 (req. id 161)
[27Sep2026 09:11:46.107] [Server thread/TRACE] [net.minecraftforge.registries.ForgeRegistry/REGISTRIES]: Registry minecraft:sound_event add: minecraft:block.coral_block.place 162 net.minecraft.util.SoundEvent@3dd1570a (req. id 162)
[27Sep2026 09:11:46.107] [Server thread/TRACE] [net.minecraftforge.registries.ForgeRegistry/REGISTRIES]: Registry minecraft:sound_event add: minecraft:block.coral_block.step 163 net.minecraft.util.SoundEvent@30fb5e89 (req. id 163)
[27Sep2026 09:11:46.107] [Server thread/TRACE] [net.minecraftforge.registries.ForgeRegistry/REGISTRIES]: Registry minecraft:sound_event add: minecraft:entity.cow.ambient 164 net.minecraft.util.SoundEvent@5884baa9 (req. id 164)
[27Sep2026 09:11:46.107] [Server thread/TRACE] [net.minecraftforge.registries.ForgeRegistry/REGISTRIES]: Registry minecraft:sound_event add: minecraft:entity.cow.death 165 net.minecraft.util.SoundEvent@16858208 (req. id 165)
[27Sep2026 09:11:46.107] [Server thread/TRACE] [net.minecraftforge.registries.ForgeRegistry/REGISTRIES]: Registry minecraft:sound_event add: minecraft:entity.cow.hurt 166 net.minecraft.util.SoundEvent@3e8a73f8 (req. id 166)
[27Sep2026 09:11:46.107] [Server thread/TRACE] [net.minecraftforge.registries.ForgeRegistry/REGISTRIES]: Registry minecraft:sound_event add: minecraft:entity.cow.milk 167 net.minecraft.util.SoundEvent@42d2eb07 (req. id 167)
[27Sep2026 09:11:46.107] [Server thread/TRACE] [net.minecraftforge.registries.ForgeRegistry/REGISTRIES]: Registry minecraft:sound_event add: minecraft:entity.cow.step 168 net.minecraft.util.SoundEvent@31d2d8e6 (req. id 168)
[27Sep2026 09:11:46.107] [Server thread/TRACE] [net.minecraftforge.registries.ForgeRegistry/REGISTRIES]: Registry minecraft:sound_event add: minecraft:entity.creeper.death 169 net.minecraft.util.SoundEvent@75aa4276 (req. id 169)
[27Sep2026 09:11:46.107] [Server thread/TRACE] [net.minecraftforge.registries.ForgeRegistry/REGISTRIES]: Registry minecraft:sound_event add: minecraft:entity.creeper.hurt 170 net.minecraft.util.SoundEvent@543a7f53 (req. id 170)
[27Sep2026 09:11:46.107] [Server thread/TRACE] [net.minecraftforge.registries.ForgeRegistry/REGISTRIES]: Registry minecraft:sound_event add: minecraft:entity.creeper.primed 171 net.minecraft.util.SoundEvent@143acda4 (req. id 171)
[27Sep2026 09:11:46.107] [Server thread/TRACE] [net.minecraftforge.registries.ForgeRegistry/REGISTRIES]: Registry minecraft:sound_event add: minecraft:block.crop.break 172 net.minecraft.util.SoundEvent@a6e2966 (req. id 172)
[27Sep2026 09:11:46.107] [Server thread/TRACE] [net.minecraftforge.registries.ForgeRegistry/REGISTRIES]: Registry minecraft:sound_event add: minecraft:item.crop.plant 173 net.minecraft.util.SoundEvent@39da3f19 (req. id 173)
[27Sep2026 09:11:46.107] [Server thread/TRACE] [net.minecraftforge.registries.ForgeRegistry/REGISTRIES]: Registry minecraft:sound_event add: minecraft:item.crossbow.hit 174 net.minecraft.util.SoundEvent@1194652a (req. id 174)
[27Sep2026 09:11:46.107] [Server thread/TRACE] [net.minecraftforge.registries.ForgeRegistry/REGISTRIES]: Registry minecraft:sound_event add: minecraft:item.crossbow.loading_end 175 net.minecraft.util.SoundEvent@e40b5ec (req. id 175)
[27Sep2026 09:11:46.108] [Server thread/TRACE] [net.minecraftforge.registries.ForgeRegistry/REGISTRIES]: Registry minecraft:sound_event add: minecraft:item.crossbow.loading_middle 176 net.minecraft.util.SoundEvent@7c6750ac (req. id 176)
[27Sep2026 09:11:46.108] [Server thread/TRACE] [net.minecraftforge.registries.ForgeRegistry/REGISTRIES]: Registry minecraft:sound_event add: minecraft:item.crossbow.loading_start 177 net.minecraft.util.SoundEvent@5587efed (req. id 177)
[27Sep2026 09:11:46.108] [Server thread/TRACE] [net.minecraftforge.registries.ForgeRegistry/REGISTRIES]: Registry minecraft:sound_event add: minecraft:item.crossbow.quick_charge_1 178 net.minecraft.util.SoundEvent@cf6dc5a (req. id 178)
[27Sep2026 09:11:46.108] [Server thread/TRACE] [net.minecraftforge.registries.ForgeRegistry/REGISTRIES]: Registry minecraft:sound_event add: minecraft:item.crossbow.quick_charge_2 179 net.minecraft.util.SoundEvent@32d1d6a8 (req. id 179)
[27Sep2026 09:11:46.108] [Server thread/TRACE] [net.minecraftforge.registries.ForgeRegistry/REGISTRIES]: Registry minecraft:sound_event add: minecraft:item.crossbow.quick_charge_3 180 net.minecraft.util.SoundEvent@3baa984e (req. id 180)
[27Sep2026 09:11:46.108] [Server thread/TRACE] [net.minecraftforge.registries.ForgeRegistry/REGISTRIES]: Registry minecraft:sound_event add: minecraft:item.crossbow.shoot 181 net.minecraft.util.SoundEvent@5105f895 (req. id 181)
[27Sep2026 09:11:46.108] [Server thread/TRACE] [net.minecraftforge.registries.ForgeRegistry/REGISTRIES]: Registry minecraft:sound_event add: minecraft:block.dispenser.dispense 182 net.minecraft.util.SoundEvent@2e4b6bf2 (req. id 182)
[27Sep2026 09:11:46.108] [Server thread/TRACE] [net.minecraftforge.registries.ForgeRegistry/REGISTRIES]: Registry minecraft:sound_event add: minecraft:block.dispenser.fail 183 net.minecraft.util.SoundEvent@32dc7801 (req. id 183)
[27Sep2026 09:11:46.108] [Server thread/TRACE] [net.minecraftforge.registries.ForgeRegistry/REGISTRIES]: Registry minecraft:sound_event add: minecraft:block.dispenser.launch 184 net.minecraft.util.SoundEvent@1143fd01 (req. id 184)
[27Sep2026 09:11:46.108] [Server thread/TRACE] [net.minecraftforge.registries.ForgeRegistry/REGISTRIES]: Registry minecraft:sound_event add: minecraft:entity.dolphin.ambient 185 net.minecraft.util.SoundEvent@5381b691 (req. id 185)
[27Sep2026 09:11:46.108] [Server thread/TRACE] [net.minecraftforge.registries.ForgeRegistry/REGISTRIES]: Registry minecraft:sound_event add: minecraft:entity.dolphin.ambient_water 186 net.minecraft.util.SoundEvent@17c0b4a4 (req. id 186)
[27Sep2026 09:11:46.108] [Server thread/TRACE] [net.minecraftforge.registries.ForgeRegistry/REGISTRIES]: Registry minecraft:sound_event add: minecraft:entity.dolphin.attack 187 net.minecraft.util.SoundEvent@7b5c53b1 (req. id 187)
[27Sep2026 09:11:46.108] [Server thread/TRACE] [net.minecraftforge.registries.ForgeRegistry/REGISTRIES]: Registry minecraft:sound_event add: minecraft:entity.dolphin.death 188 net.minecraft.util.SoundEvent@60d77d2d (req. id 188)
[27Sep2026 09:11:46.108] [Server thread/TRACE] [net.minecraftforge.registries.ForgeRegistry/REGISTRIES]: Registry minecraft:sound_event add: minecraft:entity.dolphin.eat 189 net.minecraft.util.SoundEvent@6aabbe44 (req. id 189)
[27Sep2026 09:11:46.108] [Server thread/TRACE] [net.minecraftforge.registries.ForgeRegistry/REGISTRIES]: Registry minecraft:sound_event add: minecraft:entity.dolphin.hurt 190 net.minecraft.util.SoundEvent@43a5f43 (req. id 190)
[27Sep2026 09:11:46.108] [Server thread/TRACE] [net.minecraftforge.registries.ForgeRegistry/REGISTRIES]: Registry minecraft:sound_event add: minecraft:entity.dolphin.jump 191 net.minecraft.util.SoundEvent@b3ca8a8 (req. id 191)
[27Sep2026 09:11:46.108] [Server thread/TRACE] [net.minecraftforge.registries.ForgeRegistry/REGISTRIES]: Registry minecraft:sound_event add: minecraft:entity.dolphin.play 192 net.minecraft.util.SoundEvent@4a3beb69 (req. id 192)
[27Sep2026 09:11:46.108] [Server thread/TRACE] [net.minecraftforge.registries.ForgeRegistry/REGISTRIES]: Registry minecraft:sound_event add: minecraft:entity.dolphin.splash 193 net.minecraft.util.SoundEvent@2c192058 (req. id 193)
[27Sep2026 09:11:46.108] [Server thread/TRACE] [net.minecraftforge.registries.ForgeRegistry/REGISTRIES]: Registry minecraft:sound_event add: minecraft:entity.dolphin.swim 194 net.minecraft.util.SoundEvent@3044b129 (req. id 194)
[27Sep2026 09:11:46.108] [Server thread/TRACE] [net.minecraftforge.registries.ForgeRegistry/REGISTRIES]: Registry minecraft:sound_event add: minecraft:entity.donkey.ambient 195 net.minecraft.util.SoundEvent@17920e3a (req. id 195)
[27Sep2026 09:11:46.108] [Server thread/TRACE] [net.minecraftforge.registries.ForgeRegistry/REGISTRIES]: Registry minecraft:sound_event add: minecraft:entity.donkey.angry 196 net.minecraft.util.SoundEvent@49c594c3 (req. id 196)
[27Sep2026 09:11:46.108] [Server thread/TRACE] [net.minecraftforge.registries.ForgeRegistry/REGISTRIES]: Registry minecraft:sound_event add: minecraft:entity.donkey.chest 197 net.minecraft.util.SoundEvent@7e35b5a (req. id 197)
[27Sep2026 09:11:46.108] [Server thread/TRACE] [net.minecraftforge.registries.ForgeRegistry/REGISTRIES]: Registry minecraft:sound_event add: minecraft:entity.donkey.death 198 net.minecraft.util.SoundEvent@7e7977fa (req. id 198)
[27Sep2026 09:11:46.108] [Server thread/TRACE] [net.minecraftforge.registries.ForgeRegistry/REGISTRIES]: Registry minecraft:sound_event add: minecraft:entity.donkey.eat 199 net.minecraft.util.SoundEvent@33c7a4b3 (req. id 199)
[27Sep2026 09:11:46.108] [Server thread/TRACE] [net.minecraftforge.registries.ForgeRegistry/REGISTRIES]: Registry minecraft:sound_event add: minecraft:entity.donkey.hurt 200 net.minecraft.util.SoundEvent@24080e1a (req. id 200)
[27Sep2026 09:11:46.108] [Server thread/TRACE] [net.minecraftforge.registries.ForgeRegistry/REGISTRIES]: Registry minecraft:sound_event add: minecraft:entity.drowned.ambient 201 net.minecraft.util.SoundEvent@1857f1ed (req. id 201)
[27Sep2026 09:11:46.108] [Server thread/TRACE] [net.minecraftforge.registries.ForgeRegistry/REGISTRIES]: Registry minecraft:sound_event add: minecraft:entity.drowned.ambient_water 202 net.minecraft.util.SoundEvent@1a50be15 (req. id 202)
[27Sep2026 09:11:46.108] [Server thread/TRACE] [net.minecraftforge.registries.ForgeRegistry/REGISTRIES]: Registry minecraft:sound_event add: minecraft:entity.drowned.death 203 net.minecraft.util.SoundEvent@7451b8ec (req. id 203)
[27Sep2026 09:11:46.108] [Server thread/TRACE] [net.minecraftforge.registries.ForgeRegistry/REGISTRIES]: Registry minecraft:sound_event add: minecraft:entity.drowned.death_water 204 net.minecraft.util.SoundEvent@2cebab9f (req. id 204)
[27Sep2026 09:11:46.108] [Server thread/TRACE] [net.minecraftforge.registries.ForgeRegistry/REGISTRIES]: Registry minecraft:sound_event add: minecraft:entity.drowned.hurt 205 net.minecraft.util.SoundEvent@7012375d (req. id 205)
[27Sep2026 09:11:46.108] [Server thread/TRACE] [net.minecraftforge.registries.ForgeRegistry/REGISTRIES]: Registry minecraft:sound_event add: minecraft:entity.drowned.hurt_water 206 net.minecraft.util.SoundEvent@28f46d97 (req. id 206)
[27Sep2026 09:11:46.108] [Server thread/TRACE] [net.minecraftforge.registries.ForgeRegistry/REGISTRIES]: Registry minecraft:sound_event add: minecraft:entity.drowned.shoot 207 net.minecraft.util.SoundEvent@1a86311 (req. id 207)
[27Sep2026 09:11:46.108] [Server thread/TRACE] [net.minecraftforge.registries.ForgeRegistry/REGISTRIES]: Registry minecraft:sound_event add: minecraft:entity.drowned.step 208 net.minecraft.util.SoundEvent@565ffec7 (req. id 208)
[27Sep2026 09:11:46.108] [Server thread/TRACE] [net.minecraftforge.registries.ForgeRegistry/REGISTRIES]: Registry minecraft:sound_event add: minecraft:entity.drowned.swim 209 net.minecraft.util.SoundEvent@15508255 (req. id 209)
[27Sep2026 09:11:46.108] [Server thread/TRACE] [net.minecraftforge.registries.ForgeRegistry/REGISTRIES]: Registry minecraft:sound_event add: minecraft:entity.egg.throw 210 net.minecraft.util.SoundEvent@31e1f08a (req. id 210)
[27Sep2026 09:11:46.108] [Server thread/TRACE] [net.minecraftforge.registries.ForgeRegistry/REGISTRIES]: Registry minecraft:sound_event add: minecraft:entity.elder_guardian.ambient 211 net.minecraft.util.SoundEvent@3e9339a (req. id 211)
[27Sep2026 09:11:46.108] [Server thread/TRACE] [net.minecraftforge.registries.ForgeRegistry/REGISTRIES]: Registry minecraft:sound_event add: minecraft:entity.elder_guardian.ambient_land 212 net.minecraft.util.SoundEvent@271bdfa8 (req. id 212)
[27Sep2026 09:11:46.108] [Server thread/TRACE] [net.minecraftforge.registries.ForgeRegistry/REGISTRIES]: Registry minecraft:sound_event add: minecraft:entity.elder_guardian.curse 213 net.minecraft.util.SoundEvent@5d495803 (req. id 213)
[27Sep2026 09:11:46.108] [Server thread/TRACE] [net.minecraftforge.registries.ForgeRegistry/REGISTRIES]: Registry minecraft:sound_event add: minecraft:entity.elder_guardian.death 214 net.minecraft.util.SoundEvent@7e1d9d25 (req. id 214)
[27Sep2026 09:11:46.108] [Server thread/TRACE] [net.minecraftforge.registries.ForgeRegistry/REGISTRIES]: Registry minecraft:sound_event add: minecraft:entity.elder_guardian.death_land 215 net.minecraft.util.SoundEvent@367dd45e (req. id 215)
[27Sep2026 09:11:46.108] [Server thread/TRACE] [net.minecraftforge.registries.ForgeRegistry/REGISTRIES]: Registry minecraft:sound_event add: minecraft:entity.elder_guardian.flop 216 net.minecraft.util.SoundEvent@b48c43e (req. id 216)
[27Sep2026 09:11:46.108] [Server thread/TRACE] [net.minecraftforge.registries.ForgeRegistry/REGISTRIES]: Registry minecraft:sound_event add: minecraft:entity.elder_guardian.hurt 217 net.minecraft.util.SoundEvent@4d36d776 (req. id 217)
[27Sep2026 09:11:46.108] [Server thread/TRACE] [net.minecraftforge.registries.ForgeRegistry/REGISTRIES]: Registry minecraft:sound_event add: minecraft:entity.elder_guardian.hurt_land 218 net.minecraft.util.SoundEvent@205e70e1 (req. id 218)
[27Sep2026 09:11:46.108] [Server thread/TRACE] [net.minecraftforge.registries.ForgeRegistry/REGISTRIES]: Registry minecraft:sound_event add: minecraft:item.elytra.flying 219 net.minecraft.util.SoundEvent@52f6fba1 (req. id 219)
[27Sep2026 09:11:46.109] [Server thread/TRACE] [net.minecraftforge.registries.ForgeRegistry/REGISTRIES]: Registry minecraft:sound_event add: minecraft:block.enchantment_table.use 220 net.minecraft.util.SoundEvent@57154856 (req. id 220)
[27Sep2026 09:11:46.109] [Server thread/TRACE] [net.minecraftforge.registries.ForgeRegistry/REGISTRIES]: Registry minecraft:sound_event add: minecraft:block.ender_chest.close 221 net.minecraft.util.SoundEvent@294c139e (req. id 221)
[27Sep2026 09:11:46.109] [Server thread/TRACE] [net.minecraftforge.registries.ForgeRegistry/REGISTRIES]: Registry minecraft:sound_event add: minecraft:block.ender_chest.open 222 net.minecraft.util.SoundEvent@53b783e9 (req. id 222)
[27Sep2026 09:11:46.109] [Server thread/TRACE] [net.minecraftforge.registries.ForgeRegistry/REGISTRIES]: Registry minecraft:sound_event add: minecraft:entity.ender_dragon.ambient 223 net.minecraft.util.SoundEvent@61d10e37 (req. id 223)
[27Sep2026 09:11:46.109] [Server thread/TRACE] [net.minecraftforge.registries.ForgeRegistry/REGISTRIES]: Registry minecraft:sound_event add: minecraft:entity.ender_dragon.death 224 net.minecraft.util.SoundEvent@1523e6d4 (req. id 224)
[27Sep2026 09:11:46.109] [Server thread/TRACE] [net.minecraftforge.registries.ForgeRegistry/REGISTRIES]: Registry minecraft:sound_event add: minecraft:entity.dragon_fireball.explode 225 net.minecraft.util.SoundEvent@25b1f5dd (req. id 225)
[27Sep2026 09:11:46.109] [Server thread/TRACE] [net.minecraftforge.registries.ForgeRegistry/REGISTRIES]: Registry minecraft:sound_event add: minecraft:entity.ender_dragon.flap 226 net.minecraft.util.SoundEvent@6e88969 (req. id 226)
[27Sep2026 09:11:46.109] [Server thread/TRACE] [net.minecraftforge.registries.ForgeRegistry/REGISTRIES]: Registry minecraft:sound_event add: minecraft:entity.ender_dragon.growl 227 net.minecraft.util.SoundEvent@378337a4 (req. id 227)
[27Sep2026 09:11:46.109] [Server thread/TRACE] [net.minecraftforge.registries.ForgeRegistry/REGISTRIES]: Registry minecraft:sound_event add: minecraft:entity.ender_dragon.hurt 228 net.minecraft.util.SoundEvent@31f58eea (req. id 228)
[27Sep2026 09:11:46.109] [Server thread/TRACE] [net.minecraftforge.registries.ForgeRegistry/REGISTRIES]: Registry minecraft:sound_event add: minecraft:entity.ender_dragon.shoot 229 net.minecraft.util.SoundEvent@6ecd4fdc (req. id 229)
[27Sep2026 09:11:46.109] [Server thread/TRACE] [net.minecraftforge.registries.ForgeRegistry/REGISTRIES]: Registry minecraft:sound_event add: minecraft:entity.ender_eye.death 230 net.minecraft.util.SoundEvent@46903a0c (req. id 230)
[27Sep2026 09:11:46.109] [Server thread/TRACE] [net.minecraftforge.registries.ForgeRegistry/REGISTRIES]: Registry minecraft:sound_event add: minecraft:entity.ender_eye.launch 231 net.minecraft.util.SoundEvent@1366fb08 (req. id 231)
[27Sep2026 09:11:46.109] [Server thread/TRACE] [net.minecraftforge.registries.ForgeRegistry/REGISTRIES]: Registry minecraft:sound_event add: minecraft:entity.enderman.ambient 232 net.minecraft.util.SoundEvent@3228f611 (req. id 232)
[27Sep2026 09:11:46.109] [Server thread/TRACE] [net.minecraftforge.registries.ForgeRegistry/REGISTRIES]: Registry minecraft:sound_event add: minecraft:entity.enderman.death 233 net.minecraft.util.SoundEvent@25db8252 (req. id 233)
[27Sep2026 09:11:46.109] [Server thread/TRACE] [net.minecraftforge.registries.ForgeRegistry/REGISTRIES]: Registry minecraft:sound_event add: minecraft:entity.enderman.hurt 234 net.minecraft.util.SoundEvent@131aae93 (req. id 234)
[27Sep2026 09:11:46.109] [Server thread/TRACE] [net.minecraftforge.registries.ForgeRegistry/REGISTRIES]: Registry minecraft:sound_event add: minecraft:entity.enderman.scream 235 net.minecraft.util.SoundEvent@9848ccc (req. id 235)
[27Sep2026 09:11:46.109] [Server thread/TRACE] [net.minecraftforge.registries.ForgeRegistry/REGISTRIES]: Registry minecraft:sound_event add: minecraft:entity.enderman.stare 236 net.minecraft.util.SoundEvent@23ed1898 (req. id 236)
[27Sep2026 09:11:46.109] [Server thread/TRACE] [net.minecraftforge.registries.ForgeRegistry/REGISTRIES]: Registry minecraft:sound_event add: minecraft:entity.enderman.teleport 237 net.minecraft.util.SoundEvent@440b8d2b (req. id 237)
[27Sep2026 09:11:46.109] [Server thread/TRACE] [net.minecraftforge.registries.ForgeRegistry/REGISTRIES]: Registry minecraft:sound_event add: minecraft:entity.endermite.ambient 238 net.minecraft.util.SoundEvent@5ec316b5 (req. id 238)
[27Sep2026 09:11:46.109] [Server thread/TRACE] [net.minecraftforge.registries.ForgeRegistry/REGISTRIES]: Registry minecraft:sound_event add: minecraft:entity.endermite.death 239 net.minecraft.util.SoundEvent@8a5ef8f (req. id 239)
[27Sep2026 09:11:46.109] [Server thread/TRACE] [net.minecraftforge.registries.ForgeRegistry/REGISTRIES]: Registry minecraft:sound_event add: minecraft:entity.endermite.hurt 240 net.minecraft.util.SoundEvent@5998875f (req. id 240)
[27Sep2026 09:11:46.109] [Server thread/TRACE] [net.minecraftforge.registries.ForgeRegistry/REGISTRIES]: Registry minecraft:sound_event add: minecraft:entity.endermite.step 241 net.minecraft.util.SoundEvent@478ad521 (req. id 241)
[27Sep2026 09:11:46.109] [Server thread/TRACE] [net.minecraftforge.registries.ForgeRegistry/REGISTRIES]: Registry minecraft:sound_event add: minecraft:entity.ender_pearl.throw 242 net.minecraft.util.SoundEvent@9e75055 (req. id 242)
[27Sep2026 09:11:46.109] [Server thread/TRACE] [net.minecraftforge.registries.ForgeRegistry/REGISTRIES]: Registry minecraft:sound_event add: minecraft:block.end_gateway.spawn 243 net.minecraft.util.SoundEvent@382ae281 (req. id 243)
[27Sep2026 09:11:46.109] [Server thread/TRACE] [net.minecraftforge.registries.ForgeRegistry/REGISTRIES]: Registry minecraft:sound_event add: minecraft:block.end_portal_frame.fill 244 net.minecraft.util.SoundEvent@7844c491 (req. id 244)
[27Sep2026 09:11:46.109] [Server thread/TRACE] [net.minecraftforge.registries.ForgeRegistry/REGISTRIES]: Registry minecraft:sound_event add: minecraft:block.end_portal.spawn 245 net.minecraft.util.SoundEvent@43a2a6c2 (req. id 245)
[27Sep2026 09:11:46.109] [Server thread/TRACE] [net.minecraftforge.registries.ForgeRegistry/REGISTRIES]: Registry minecraft:sound_event add: minecraft:entity.evoker.ambient 246 net.minecraft.util.SoundEvent@5d76e8bd (req. id 246)
[27Sep2026 09:11:46.109] [Server thread/TRACE] [net.minecraftforge.registries.ForgeRegistry/REGISTRIES]: Registry minecraft:sound_event add: minecraft:entity.evoker.cast_spell 247 net.minecraft.util.SoundEvent@1b473b11 (req. id 247)
[27Sep2026 09:11:46.109] [Server thread/TRACE] [net.minecraftforge.registries.ForgeRegistry/REGISTRIES]: Registry minecraft:sound_event add: minecraft:entity.evoker.celebrate 248 net.minecraft.util.SoundEvent@3e81324d (req. id 248)
[27Sep2026 09:11:46.109] [Server thread/TRACE] [net.minecraftforge.registries.ForgeRegistry/REGISTRIES]: Registry minecraft:sound_event add: minecraft:entity.evoker.death 249 net.minecraft.util.SoundEvent@23d46e8a (req. id 249)
[27Sep2026 09:11:46.109] [Server thread/TRACE] [net.minecraftforge.registries.ForgeRegistry/REGISTRIES]: Registry minecraft:sound_event add: minecraft:entity.evoker_fangs.attack 250 net.minecraft.util.SoundEvent@1ef80636 (req. id 250)
[27Sep2026 09:11:46.109] [Server thread/TRACE] [net.minecraftforge.registries.ForgeRegistry/REGISTRIES]: Registry minecraft:sound_event add: minecraft:entity.evoker.hurt 251 net.minecraft.util.SoundEvent@2ad734a4 (req. id 251)
[27Sep2026 09:11:46.109] [Server thread/TRACE] [net.minecraftforge.registries.ForgeRegistry/REGISTRIES]: Registry minecraft:sound_event add: minecraft:entity.evoker.prepare_attack 252 net.minecraft.util.SoundEvent@3245594d (req. id 252)
[27Sep2026 09:11:46.109] [Server thread/TRACE] [net.minecraftforge.registries.ForgeRegistry/REGISTRIES]: Registry minecraft:sound_event add: minecraft:entity.evoker.prepare_summon 253 net.minecraft.util.SoundEvent@3818dd14 (req. id 253)
[27Sep2026 09:11:46.109] [Server thread/TRACE] [net.minecraftforge.registries.ForgeRegistry/REGISTRIES]: Registry minecraft:sound_event add: minecraft:entity.evoker.prepare_wololo 254 net.minecraft.util.SoundEvent@7edb473b (req. id 254)
[27Sep2026 09:11:46.109] [Server thread/TRACE] [net.minecraftforge.registries.ForgeRegistry/REGISTRIES]: Registry minecraft:sound_event add: minecraft:entity.experience_bottle.throw 255 net.minecraft.util.SoundEvent@4f128296 (req. id 255)
[27Sep2026 09:11:46.109] [Server thread/TRACE] [net.minecraftforge.registries.ForgeRegistry/REGISTRIES]: Registry minecraft:sound_event add: minecraft:entity.experience_orb.pickup 256 net.minecraft.util.SoundEvent@c467ebf (req. id 256)
[27Sep2026 09:11:46.109] [Server thread/TRACE] [net.minecraftforge.registries.ForgeRegistry/REGISTRIES]: Registry minecraft:sound_event add: minecraft:block.fence_gate.close 257 net.minecraft.util.SoundEvent@4616d7e1 (req. id 257)
[27Sep2026 09:11:46.109] [Server thread/TRACE] [net.minecraftforge.registries.ForgeRegistry/REGISTRIES]: Registry minecraft:sound_event add: minecraft:block.fence_gate.open 258 net.minecraft.util.SoundEvent@417e01d0 (req. id 258)
[27Sep2026 09:11:46.109] [Server thread/TRACE] [net.minecraftforge.registries.ForgeRegistry/REGISTRIES]: Registry minecraft:sound_event add: minecraft:item.firecharge.use 259 net.minecraft.util.SoundEvent@68ef787d (req. id 259)
[27Sep2026 09:11:46.109] [Server thread/TRACE] [net.minecraftforge.registries.ForgeRegistry/REGISTRIES]: Registry minecraft:sound_event add: minecraft:entity.firework_rocket.blast 260 net.minecraft.util.SoundEvent@50f307b9 (req. id 260)
[27Sep2026 09:11:46.109] [Server thread/TRACE] [net.minecraftforge.registries.ForgeRegistry/REGISTRIES]: Registry minecraft:sound_event add: minecraft:entity.firework_rocket.blast_far 261 net.minecraft.util.SoundEvent@54247640 (req. id 261)
[27Sep2026 09:11:46.109] [Server thread/TRACE] [net.minecraftforge.registries.ForgeRegistry/REGISTRIES]: Registry minecraft:sound_event add: minecraft:entity.firework_rocket.large_blast 262 net.minecraft.util.SoundEvent@2167aa11 (req. id 262)
[27Sep2026 09:11:46.109] [Server thread/TRACE] [net.minecraftforge.registries.ForgeRegistry/REGISTRIES]: Registry minecraft:sound_event add: minecraft:entity.firework_rocket.large_blast_far 263 net.minecraft.util.SoundEvent@75645200 (req. id 263)
[27Sep2026 09:11:46.109] [Server thread/TRACE] [net.minecraftforge.registries.ForgeRegistry/REGISTRIES]: Registry minecraft:sound_event add: minecraft:entity.firework_rocket.launch 264 net.minecraft.util.SoundEvent@67c511d2 (req. id 264)
[27Sep2026 09:11:46.109] [Server thread/TRACE] [net.minecraftforge.registries.ForgeRegistry/REGISTRIES]: Registry minecraft:sound_event add: minecraft:entity.firework_rocket.shoot 265 net.minecraft.util.SoundEvent@436e1f63 (req. id 265)
[27Sep2026 09:11:46.109] [Server thread/TRACE] [net.minecraftforge.registries.ForgeRegistry/REGISTRIES]: Registry minecraft:sound_event add: minecraft:entity.firework_rocket.twinkle 266 net.minecraft.util.SoundEvent@1a4d487c (req. id 266)
[27Sep2026 09:11:46.109] [Server thread/TRACE] [net.minecraftforge.registries.ForgeRegistry/REGISTRIES]: Registry minecraft:sound_event add: minecraft:entity.firework_rocket.twinkle_far 267 net.minecraft.util.SoundEvent@6e2871b3 (req. id 267)
[27Sep2026 09:11:46.109] [Server thread/TRACE] [net.minecraftforge.registries.ForgeRegistry/REGISTRIES]: Registry minecraft:sound_event add: minecraft:block.fire.ambient 268 net.minecraft.util.SoundEvent@15051485 (req. id 268)
[27Sep2026 09:11:46.109] [Server thread/TRACE] [net.minecraftforge.registries.ForgeRegistry/REGISTRIES]: Registry minecraft:sound_event add: minecraft:block.fire.extinguish 269 net.minecraft.util.SoundEvent@7c81a493 (req. id 269)
[27Sep2026 09:11:46.109] [Server thread/TRACE] [net.minecraftforge.registries.ForgeRegistry/REGISTRIES]: Registry minecraft:sound_event add: minecraft:entity.fish.swim 270 net.minecraft.util.SoundEvent@33b7f204 (req. id 270)
[27Sep2026 09:11:46.109] [Server thread/TRACE] [net.minecraftforge.registries.ForgeRegistry/REGISTRIES]: Registry minecraft:sound_event add: minecraft:entity.fishing_bobber.retrieve 271 net.minecraft.util.SoundEvent@77fd5737 (req. id 271)
[27Sep2026 09:11:46.109] [Server thread/TRACE] [net.minecraftforge.registries.ForgeRegistry/REGISTRIES]: Registry minecraft:sound_event add: minecraft:entity.fishing_bobber.splash 272 net.minecraft.util.SoundEvent@5548d162 (req. id 272)
[27Sep2026 09:11:46.109] [Server thread/TRACE] [net.minecraftforge.registries.ForgeRegistry/REGISTRIES]: Registry minecraft:sound_event add: minecraft:entity.fishing_bobber.throw 273 net.minecraft.util.SoundEvent@31059379 (req. id 273)
[27Sep2026 09:11:46.109] [Server thread/TRACE] [net.minecraftforge.registries.ForgeRegistry/REGISTRIES]: Registry minecraft:sound_event add: minecraft:item.flintandsteel.use 274 net.minecraft.util.SoundEvent@2b3e1eb3 (req. id 274)
[27Sep2026 09:11:46.109] [Server thread/TRACE] [net.minecraftforge.registries.ForgeRegistry/REGISTRIES]: Registry minecraft:sound_event add: minecraft:entity.fox.aggro 275 net.minecraft.util.SoundEvent@665205fe (req. id 275)
[27Sep2026 09:11:46.109] [Server thread/TRACE] [net.minecraftforge.registries.ForgeRegistry/REGISTRIES]: Registry minecraft:sound_event add: minecraft:entity.fox.ambient 276 net.minecraft.util.SoundEvent@12529b02 (req. id 276)
[27Sep2026 09:11:46.109] [Server thread/TRACE] [net.minecraftforge.registries.ForgeRegistry/REGISTRIES]: Registry minecraft:sound_event add: minecraft:entity.fox.bite 277 net.minecraft.util.SoundEvent@2d9bbc39 (req. id 277)
[27Sep2026 09:11:46.110] [Server thread/TRACE] [net.minecraftforge.registries.ForgeRegistry/REGISTRIES]: Registry minecraft:sound_event add: minecraft:entity.fox.death 278 net.minecraft.util.SoundEvent@6d0a74d8 (req. id 278)
[27Sep2026 09:11:46.110] [Server thread/TRACE] [net.minecraftforge.registries.ForgeRegistry/REGISTRIES]: Registry minecraft:sound_event add: minecraft:entity.fox.eat 279 net.minecraft.util.SoundEvent@4b506c5b (req. id 279)
[27Sep2026 09:11:46.110] [Server thread/TRACE] [net.minecraftforge.registries.ForgeRegistry/REGISTRIES]: Registry minecraft:sound_event add: minecraft:entity.fox.hurt 280 net.minecraft.util.SoundEvent@683e6376 (req. id 280)
[27Sep2026 09:11:46.110] [Server thread/TRACE] [net.minecraftforge.registries.ForgeRegistry/REGISTRIES]: Registry minecraft:sound_event add: minecraft:entity.fox.screech 281 net.minecraft.util.SoundEvent@1c06934 (req. id 281)
[27Sep2026 09:11:46.110] [Server thread/TRACE] [net.minecraftforge.registries.ForgeRegistry/REGISTRIES]: Registry minecraft:sound_event add: minecraft:entity.fox.sleep 282 net.minecraft.util.SoundEvent@de92630 (req. id 282)
[27Sep2026 09:11:46.110] [Server thread/TRACE] [net.minecraftforge.registries.ForgeRegistry/REGISTRIES]: Registry minecraft:sound_event add: minecraft:entity.fox.sniff 283 net.minecraft.util.SoundEvent@3480f0a7 (req. id 283)
[27Sep2026 09:11:46.110] [Server thread/TRACE] [net.minecraftforge.registries.ForgeRegistry/REGISTRIES]: Registry minecraft:sound_event add: minecraft:entity.fox.spit 284 net.minecraft.util.SoundEvent@74591f7e (req. id 284)
[27Sep2026 09:11:46.110] [Server thread/TRACE] [net.minecraftforge.registries.ForgeRegistry/REGISTRIES]: Registry minecraft:sound_event add: minecraft:entity.fox.teleport 285 net.minecraft.util.SoundEvent@769f8f97 (req. id 285)
[27Sep2026 09:11:46.110] [Server thread/TRACE] [net.minecraftforge.registries.ForgeRegistry/REGISTRIES]: Registry minecraft:sound_event add: minecraft:block.roots.break 286 net.minecraft.util.SoundEvent@34bc290e (req. id 286)
[27Sep2026 09:11:46.110] [Server thread/TRACE] [net.minecraftforge.registries.ForgeRegistry/REGISTRIES]: Registry minecraft:sound_event add: minecraft:block.roots.step 287 net.minecraft.util.SoundEvent@133c19d5 (req. id 287)
[27Sep2026 09:11:46.110] [Server thread/TRACE] [net.minecraftforge.registries.ForgeRegistry/REGISTRIES]: Registry minecraft:sound_event add: minecraft:block.roots.place 288 net.minecraft.util.SoundEvent@1ac178e1 (req. id 288)
[27Sep2026 09:11:46.110] [Server thread/TRACE] [net.minecraftforge.registries.ForgeRegistry/REGISTRIES]: Registry minecraft:sound_event add: minecraft:block.roots.hit 289 net.minecraft.util.SoundEvent@111b610b (req. id 289)
[27Sep2026 09:11:46.110] [Server thread/TRACE] [net.minecraftforge.registries.ForgeRegistry/REGISTRIES]: Registry minecraft:sound_event add: minecraft:block.roots.fall 290 net.minecraft.util.SoundEvent@22e562c6 (req. id 290)
[27Sep2026 09:11:46.110] [Server thread/TRACE] [net.minecraftforge.registries.ForgeRegistry/REGISTRIES]: Registry minecraft:sound_event add: minecraft:block.furnace.fire_crackle 291 net.minecraft.util.SoundEvent@7278b89a (req. id 291)
[27Sep2026 09:11:46.110] [Server thread/TRACE] [net.minecraftforge.registries.ForgeRegistry/REGISTRIES]: Registry minecraft:sound_event add: minecraft:entity.generic.big_fall 292 net.minecraft.util.SoundEvent@1023b511 (req. id 292)
[27Sep2026 09:11:46.110] [Server thread/TRACE] [net.minecraftforge.registries.ForgeRegistry/REGISTRIES]: Registry minecraft:sound_event add: minecraft:entity.generic.burn 293 net.minecraft.util.SoundEvent@33b99123 (req. id 293)
[27Sep2026 09:11:46.110] [Server thread/TRACE] [net.minecraftforge.registries.ForgeRegistry/REGISTRIES]: Registry minecraft:sound_event add: minecraft:entity.generic.death 294 net.minecraft.util.SoundEvent@4c0308b2 (req. id 294)
[27Sep2026 09:11:46.110] [Server thread/TRACE] [net.minecraftforge.registries.ForgeRegistry/REGISTRIES]: Registry minecraft:sound_event add: minecraft:entity.generic.drink 295 net.minecraft.util.SoundEvent@4c3b1bbe (req. id 295)
[27Sep2026 09:11:46.110] [Server thread/TRACE] [net.minecraftforge.registries.ForgeRegistry/REGISTRIES]: Registry minecraft:sound_event add: minecraft:entity.generic.eat 296 net.minecraft.util.SoundEvent@4518696b (req. id 296)
[27Sep2026 09:11:46.110] [Server thread/TRACE] [net.minecraftforge.registries.ForgeRegistry/REGISTRIES]: Registry minecraft:sound_event add: minecraft:entity.generic.explode 297 net.minecraft.util.SoundEvent@708aec60 (req. id 297)
[27Sep2026 09:11:46.110] [Server thread/TRACE] [net.minecraftforge.registries.ForgeRegistry/REGISTRIES]: Registry minecraft:sound_event add: minecraft:entity.generic.extinguish_fire 298 net.minecraft.util.SoundEvent@58d57357 (req. id 298)
[27Sep2026 09:11:46.110] [Server thread/TRACE] [net.minecraftforge.registries.ForgeRegistry/REGISTRIES]: Registry minecraft:sound_event add: minecraft:entity.generic.hurt 299 net.minecraft.util.SoundEvent@1d5342cd (req. id 299)
[27Sep2026 09:11:46.110] [Server thread/TRACE] [net.minecraftforge.registries.ForgeRegistry/REGISTRIES]: Registry minecraft:sound_event add: minecraft:entity.generic.small_fall 300 net.minecraft.util.SoundEvent@405dc468 (req. id 300)
[27Sep2026 09:11:46.110] [Server thread/TRACE] [net.minecraftforge.registries.ForgeRegistry/REGISTRIES]: Registry minecraft:sound_event add: minecraft:entity.generic.splash 301 net.minecraft.util.SoundEvent@6b89cea2 (req. id 301)
[27Sep2026 09:11:46.110] [Server thread/TRACE] [net.minecraftforge.registries.ForgeRegistry/REGISTRIES]: Registry minecraft:sound_event add: minecraft:entity.generic.swim 302 net.minecraft.util.SoundEvent@57b33b80 (req. id 302)
[27Sep2026 09:11:46.110] [Server thread/TRACE] [net.minecraftforge.registries.ForgeRegistry/REGISTRIES]: Registry minecraft:sound_event add: minecraft:entity.ghast.ambient 303 net.minecraft.util.SoundEvent@e4164d (req. id 303)
[27Sep2026 09:11:46.110] [Server thread/TRACE] [net.minecraftforge.registries.ForgeRegistry/REGISTRIES]: Registry minecraft:sound_event add: minecraft:entity.ghast.death 304 net.minecraft.util.SoundEvent@244ee054 (req. id 304)
[27Sep2026 09:11:46.110] [Server thread/TRACE] [net.minecraftforge.registries.ForgeRegistry/REGISTRIES]: Registry minecraft:sound_event add: minecraft:entity.ghast.hurt 305 net.minecraft.util.SoundEvent@278f74d9 (req. id 305)
[27Sep2026 09:11:46.110] [Server thread/TRACE] [net.minecraftforge.registries.ForgeRegistry/REGISTRIES]: Registry minecraft:sound_event add: minecraft:entity.ghast.scream 306 net.minecraft.util.SoundEvent@26f7e928 (req. id 306)
[27Sep2026 09:11:46.110] [Server thread/TRACE] [net.minecraftforge.registries.ForgeRegistry/REGISTRIES]: Registry minecraft:sound_event add: minecraft:entity.ghast.shoot 307 net.minecraft.util.SoundEvent@575c684e (req. id 307)
[27Sep2026 09:11:46.110] [Server thread/TRACE] [net.minecraftforge.registries.ForgeRegistry/REGISTRIES]: Registry minecraft:sound_event add: minecraft:entity.ghast.warn 308 net.minecraft.util.SoundEvent@e2a1b83 (req. id 308)
[27Sep2026 09:11:46.110] [Server thread/TRACE] [net.minecraftforge.registries.ForgeRegistry/REGISTRIES]: Registry minecraft:sound_event add: minecraft:block.gilded_blackstone.break 309 net.minecraft.util.SoundEvent@2ac283db (req. id 309)
[27Sep2026 09:11:46.110] [Server thread/TRACE] [net.minecraftforge.registries.ForgeRegistry/REGISTRIES]: Registry minecraft:sound_event add: minecraft:block.gilded_blackstone.fall 310 net.minecraft.util.SoundEvent@5d05bae1 (req. id 310)
[27Sep2026 09:11:46.110] [Server thread/TRACE] [net.minecraftforge.registries.ForgeRegistry/REGISTRIES]: Registry minecraft:sound_event add: minecraft:block.gilded_blackstone.hit 311 net.minecraft.util.SoundEvent@a449250 (req. id 311)
[27Sep2026 09:11:46.110] [Server thread/TRACE] [net.minecraftforge.registries.ForgeRegistry/REGISTRIES]: Registry minecraft:sound_event add: minecraft:block.gilded_blackstone.place 312 net.minecraft.util.SoundEvent@7594b0bb (req. id 312)
[27Sep2026 09:11:46.110] [Server thread/TRACE] [net.minecraftforge.registries.ForgeRegistry/REGISTRIES]: Registry minecraft:sound_event add: minecraft:block.gilded_blackstone.step 313 net.minecraft.util.SoundEvent@5a639526 (req. id 313)
[27Sep2026 09:11:46.110] [Server thread/TRACE] [net.minecraftforge.registries.ForgeRegistry/REGISTRIES]: Registry minecraft:sound_event add: minecraft:block.glass.break 314 net.minecraft.util.SoundEvent@49b48190 (req. id 314)
[27Sep2026 09:11:46.110] [Server thread/TRACE] [net.minecraftforge.registries.ForgeRegistry/REGISTRIES]: Registry minecraft:sound_event add: minecraft:block.glass.fall 315 net.minecraft.util.SoundEvent@75f6e4d (req. id 315)
[27Sep2026 09:11:46.110] [Server thread/TRACE] [net.minecraftforge.registries.ForgeRegistry/REGISTRIES]: Registry minecraft:sound_event add: minecraft:block.glass.hit 316 net.minecraft.util.SoundEvent@668f7ef6 (req. id 316)
[27Sep2026 09:11:46.110] [Server thread/TRACE] [net.minecraftforge.registries.ForgeRegistry/REGISTRIES]: Registry minecraft:sound_event add: minecraft:block.glass.place 317 net.minecraft.util.SoundEvent@1c8c11dd (req. id 317)
[27Sep2026 09:11:46.110] [Server thread/TRACE] [net.minecraftforge.registries.ForgeRegistry/REGISTRIES]: Registry minecraft:sound_event add: minecraft:block.glass.step 318 net.minecraft.util.SoundEvent@435c193f (req. id 318)
[27Sep2026 09:11:46.110] [Server thread/TRACE] [net.minecraftforge.registries.ForgeRegistry/REGISTRIES]: Registry minecraft:sound_event add: minecraft:block.grass.break 319 net.minecraft.util.SoundEvent@3a398164 (req. id 319)
[27Sep2026 09:11:46.110] [Server thread/TRACE] [net.minecraftforge.registries.ForgeRegistry/REGISTRIES]: Registry minecraft:sound_event add: minecraft:block.grass.fall 320 net.minecraft.util.SoundEvent@673bc48b (req. id 320)
[27Sep2026 09:11:46.110] [Server thread/TRACE] [net.minecraftforge.registries.ForgeRegistry/REGISTRIES]: Registry minecraft:sound_event add: minecraft:block.grass.hit 321 net.minecraft.util.SoundEvent@71071f9d (req. id 321)
[27Sep2026 09:11:46.110] [Server thread/TRACE] [net.minecraftforge.registries.ForgeRegistry/REGISTRIES]: Registry minecraft:sound_event add: minecraft:block.grass.place 322 net.minecraft.util.SoundEvent@5ecf27db (req. id 322)
[27Sep2026 09:11:46.110] [Server thread/TRACE] [net.minecraftforge.registries.ForgeRegistry/REGISTRIES]: Registry minecraft:sound_event add: minecraft:block.grass.step 323 net.minecraft.util.SoundEvent@35536c00 (req. id 323)
[27Sep2026 09:11:46.110] [Server thread/TRACE] [net.minecraftforge.registries.ForgeRegistry/REGISTRIES]: Registry minecraft:sound_event add: minecraft:block.gravel.break 324 net.minecraft.util.SoundEvent@5516f385 (req. id 324)
[27Sep2026 09:11:46.110] [Server thread/TRACE] [net.minecraftforge.registries.ForgeRegistry/REGISTRIES]: Registry minecraft:sound_event add: minecraft:block.gravel.fall 325 net.minecraft.util.SoundEvent@1931f6c (req. id 325)
[27Sep2026 09:11:46.110] [Server thread/TRACE] [net.minecraftforge.registries.ForgeRegistry/REGISTRIES]: Registry minecraft:sound_event add: minecraft:block.gravel.hit 326 net.minecraft.util.SoundEvent@1fc8e7ca (req. id 326)
[27Sep2026 09:11:46.110] [Server thread/TRACE] [net.minecraftforge.registries.ForgeRegistry/REGISTRIES]: Registry minecraft:sound_event add: minecraft:block.gravel.place 327 net.minecraft.util.SoundEvent@5aa4aec7 (req. id 327)
[27Sep2026 09:11:46.110] [Server thread/TRACE] [net.minecraftforge.registries.ForgeRegistry/REGISTRIES]: Registry minecraft:sound_event add: minecraft:block.gravel.step 328 net.minecraft.util.SoundEvent@2dbb7ec7 (req. id 328)
[27Sep2026 09:11:46.110] [Server thread/TRACE] [net.minecraftforge.registries.ForgeRegistry/REGISTRIES]: Registry minecraft:sound_event add: minecraft:block.grindstone.use 329 net.minecraft.util.SoundEvent@55e4135f (req. id 329)
[27Sep2026 09:11:46.110] [Server thread/TRACE] [net.minecraftforge.registries.ForgeRegistry/REGISTRIES]: Registry minecraft:sound_event add: minecraft:entity.guardian.ambient 330 net.minecraft.util.SoundEvent@332e1c58 (req. id 330)
[27Sep2026 09:11:46.110] [Server thread/TRACE] [net.minecraftforge.registries.ForgeRegistry/REGISTRIES]: Registry minecraft:sound_event add: minecraft:entity.guardian.ambient_land 331 net.minecraft.util.SoundEvent@474b4f22 (req. id 331)
[27Sep2026 09:11:46.110] [Server thread/TRACE] [net.minecraftforge.registries.ForgeRegistry/REGISTRIES]: Registry minecraft:sound_event add: minecraft:entity.guardian.attack 332 net.minecraft.util.SoundEvent@65070edb (req. id 332)
[27Sep2026 09:11:46.110] [Server thread/TRACE] [net.minecraftforge.registries.ForgeRegistry/REGISTRIES]: Registry minecraft:sound_event add: minecraft:entity.guardian.death 333 net.minecraft.util.SoundEvent@a9f90a5 (req. id 333)
[27Sep2026 09:11:46.110] [Server thread/TRACE] [net.minecraftforge.registries.ForgeRegistry/REGISTRIES]: Registry minecraft:sound_event add: minecraft:entity.guardian.death_land 334 net.minecraft.util.SoundEvent@33fcec85 (req. id 334)
[27Sep2026 09:11:46.110] [Server thread/TRACE] [net.minecraftforge.registries.ForgeRegistry/REGISTRIES]: Registry minecraft:sound_event add: minecraft:entity.guardian.flop 335 net.minecraft.util.SoundEvent@22b16a7c (req. id 335)
[27Sep2026 09:11:46.110] [Server thread/TRACE] [net.minecraftforge.registries.ForgeRegistry/REGISTRIES]: Registry minecraft:sound_event add: minecraft:entity.guardian.hurt 336 net.minecraft.util.SoundEvent@6bbfaff4 (req. id 336)
[27Sep2026 09:11:46.111] [Server thread/TRACE] [net.minecraftforge.registries.ForgeRegistry/REGISTRIES]: Registry minecraft:sound_event add: minecraft:entity.guardian.hurt_land 337 net.minecraft.util.SoundEvent@6c6a3a (req. id 337)
[27Sep2026 09:11:46.111] [Server thread/TRACE] [net.minecraftforge.registries.ForgeRegistry/REGISTRIES]: Registry minecraft:sound_event add: minecraft:item.hoe.till 338 net.minecraft.util.SoundEvent@5ba4e6f (req. id 338)
[27Sep2026 09:11:46.111] [Server thread/TRACE] [net.minecraftforge.registries.ForgeRegistry/REGISTRIES]: Registry minecraft:sound_event add: minecraft:entity.hoglin.ambient 339 net.minecraft.util.SoundEvent@18677b35 (req. id 339)
[27Sep2026 09:11:46.111] [Server thread/TRACE] [net.minecraftforge.registries.ForgeRegistry/REGISTRIES]: Registry minecraft:sound_event add: minecraft:entity.hoglin.angry 340 net.minecraft.util.SoundEvent@323dc3cd (req. id 340)
[27Sep2026 09:11:46.111] [Server thread/TRACE] [net.minecraftforge.registries.ForgeRegistry/REGISTRIES]: Registry minecraft:sound_event add: minecraft:entity.hoglin.attack 341 net.minecraft.util.SoundEvent@200a7d74 (req. id 341)
[27Sep2026 09:11:46.111] [Server thread/TRACE] [net.minecraftforge.registries.ForgeRegistry/REGISTRIES]: Registry minecraft:sound_event add: minecraft:entity.hoglin.converted_to_zombified 342 net.minecraft.util.SoundEvent@7503d391 (req. id 342)
[27Sep2026 09:11:46.111] [Server thread/TRACE] [net.minecraftforge.registries.ForgeRegistry/REGISTRIES]: Registry minecraft:sound_event add: minecraft:entity.hoglin.death 343 net.minecraft.util.SoundEvent@2feed9a3 (req. id 343)
[27Sep2026 09:11:46.111] [Server thread/TRACE] [net.minecraftforge.registries.ForgeRegistry/REGISTRIES]: Registry minecraft:sound_event add: minecraft:entity.hoglin.hurt 344 net.minecraft.util.SoundEvent@6336c6da (req. id 344)
[27Sep2026 09:11:46.111] [Server thread/TRACE] [net.minecraftforge.registries.ForgeRegistry/REGISTRIES]: Registry minecraft:sound_event add: minecraft:entity.hoglin.retreat 345 net.minecraft.util.SoundEvent@1251eb99 (req. id 345)
[27Sep2026 09:11:46.111] [Server thread/TRACE] [net.minecraftforge.registries.ForgeRegistry/REGISTRIES]: Registry minecraft:sound_event add: minecraft:entity.hoglin.step 346 net.minecraft.util.SoundEvent@27c49 (req. id 346)
[27Sep2026 09:11:46.111] [Server thread/TRACE] [net.minecraftforge.registries.ForgeRegistry/REGISTRIES]: Registry minecraft:sound_event add: minecraft:block.honey_block.break 347 net.minecraft.util.SoundEvent@4841a27c (req. id 347)
[27Sep2026 09:11:46.111] [Server thread/TRACE] [net.minecraftforge.registries.ForgeRegistry/REGISTRIES]: Registry minecraft:sound_event add: minecraft:block.honey_block.fall 348 net.minecraft.util.SoundEvent@58689f7a (req. id 348)
[27Sep2026 09:11:46.111] [Server thread/TRACE] [net.minecraftforge.registries.ForgeRegistry/REGISTRIES]: Registry minecraft:sound_event add: minecraft:block.honey_block.hit 349 net.minecraft.util.SoundEvent@408a193a (req. id 349)
[27Sep2026 09:11:46.111] [Server thread/TRACE] [net.minecraftforge.registries.ForgeRegistry/REGISTRIES]: Registry minecraft:sound_event add: minecraft:block.honey_block.place 350 net.minecraft.util.SoundEvent@32c51de (req. id 350)
[27Sep2026 09:11:46.111] [Server thread/TRACE] [net.minecraftforge.registries.ForgeRegistry/REGISTRIES]: Registry minecraft:sound_event add: minecraft:block.honey_block.slide 351 net.minecraft.util.SoundEvent@16169bac (req. id 351)
[27Sep2026 09:11:46.111] [Server thread/TRACE] [net.minecraftforge.registries.ForgeRegistry/REGISTRIES]: Registry minecraft:sound_event add: minecraft:block.honey_block.step 352 net.minecraft.util.SoundEvent@7fd038c6 (req. id 352)
[27Sep2026 09:11:46.111] [Server thread/TRACE] [net.minecraftforge.registries.ForgeRegistry/REGISTRIES]: Registry minecraft:sound_event add: minecraft:item.honey_bottle.drink 353 net.minecraft.util.SoundEvent@7558add1 (req. id 353)
[27Sep2026 09:11:46.111] [Server thread/TRACE] [net.minecraftforge.registries.ForgeRegistry/REGISTRIES]: Registry minecraft:sound_event add: minecraft:entity.horse.ambient 354 net.minecraft.util.SoundEvent@24a4389e (req. id 354)
[27Sep2026 09:11:46.111] [Server thread/TRACE] [net.minecraftforge.registries.ForgeRegistry/REGISTRIES]: Registry minecraft:sound_event add: minecraft:entity.horse.angry 355 net.minecraft.util.SoundEvent@3bf8872a (req. id 355)
[27Sep2026 09:11:46.111] [Server thread/TRACE] [net.minecraftforge.registries.ForgeRegistry/REGISTRIES]: Registry minecraft:sound_event add: minecraft:entity.horse.armor 356 net.minecraft.util.SoundEvent@2acbd0af (req. id 356)
[27Sep2026 09:11:46.111] [Server thread/TRACE] [net.minecraftforge.registries.ForgeRegistry/REGISTRIES]: Registry minecraft:sound_event add: minecraft:entity.horse.breathe 357 net.minecraft.util.SoundEvent@1443bb1d (req. id 357)
[27Sep2026 09:11:46.111] [Server thread/TRACE] [net.minecraftforge.registries.ForgeRegistry/REGISTRIES]: Registry minecraft:sound_event add: minecraft:entity.horse.death 358 net.minecraft.util.SoundEvent@64cbe972 (req. id 358)
[27Sep2026 09:11:46.111] [Server thread/TRACE] [net.minecraftforge.registries.ForgeRegistry/REGISTRIES]: Registry minecraft:sound_event add: minecraft:entity.horse.eat 359 net.minecraft.util.SoundEvent@2157787d (req. id 359)
[27Sep2026 09:11:46.111] [Server thread/TRACE] [net.minecraftforge.registries.ForgeRegistry/REGISTRIES]: Registry minecraft:sound_event add: minecraft:entity.horse.gallop 360 net.minecraft.util.SoundEvent@4a2c76cf (req. id 360)
[27Sep2026 09:11:46.111] [Server thread/TRACE] [net.minecraftforge.registries.ForgeRegistry/REGISTRIES]: Registry minecraft:sound_event add: minecraft:entity.horse.hurt 361 net.minecraft.util.SoundEvent@7500b997 (req. id 361)
[27Sep2026 09:11:46.111] [Server thread/TRACE] [net.minecraftforge.registries.ForgeRegistry/REGISTRIES]: Registry minecraft:sound_event add: minecraft:entity.horse.jump 362 net.minecraft.util.SoundEvent@67799bed (req. id 362)
[27Sep2026 09:11:46.111] [Server thread/TRACE] [net.minecraftforge.registries.ForgeRegistry/REGISTRIES]: Registry minecraft:sound_event add: minecraft:entity.horse.land 363 net.minecraft.util.SoundEvent@5e0442a (req. id 363)
[27Sep2026 09:11:46.111] [Server thread/TRACE] [net.minecraftforge.registries.ForgeRegistry/REGISTRIES]: Registry minecraft:sound_event add: minecraft:entity.horse.saddle 364 net.minecraft.util.SoundEvent@2660d6e5 (req. id 364)
[27Sep2026 09:11:46.111] [Server thread/TRACE] [net.minecraftforge.registries.ForgeRegistry/REGISTRIES]: Registry minecraft:sound_event add: minecraft:entity.horse.step 365 net.minecraft.util.SoundEvent@7b252006 (req. id 365)
[27Sep2026 09:11:46.111] [Server thread/TRACE] [net.minecraftforge.registries.ForgeRegistry/REGISTRIES]: Registry minecraft:sound_event add: minecraft:entity.horse.step_wood 366 net.minecraft.util.SoundEvent@20a9d879 (req. id 366)
[27Sep2026 09:11:46.111] [Server thread/TRACE] [net.minecraftforge.registries.ForgeRegistry/REGISTRIES]: Registry minecraft:sound_event add: minecraft:entity.hostile.big_fall 367 net.minecraft.util.SoundEvent@1eeb83e7 (req. id 367)
[27Sep2026 09:11:46.112] [Server thread/TRACE] [net.minecraftforge.registries.ForgeRegistry/REGISTRIES]: Registry minecraft:sound_event add: minecraft:entity.hostile.death 368 net.minecraft.util.SoundEvent@6ed48ecc (req. id 368)
[27Sep2026 09:11:46.112] [Server thread/TRACE] [net.minecraftforge.registries.ForgeRegistry/REGISTRIES]: Registry minecraft:sound_event add: minecraft:entity.hostile.hurt 369 net.minecraft.util.SoundEvent@2c600db0 (req. id 369)
[27Sep2026 09:11:46.112] [Server thread/TRACE] [net.minecraftforge.registries.ForgeRegistry/REGISTRIES]: Registry minecraft:sound_event add: minecraft:entity.hostile.small_fall 370 net.minecraft.util.SoundEvent@7b721656 (req. id 370)
[27Sep2026 09:11:46.112] [Server thread/TRACE] [net.minecraftforge.registries.ForgeRegistry/REGISTRIES]: Registry minecraft:sound_event add: minecraft:entity.hostile.splash 371 net.minecraft.util.SoundEvent@3d039f2b (req. id 371)
[27Sep2026 09:11:46.113] [Server thread/TRACE] [net.minecraftforge.registries.ForgeRegistry/REGISTRIES]: Registry minecraft:sound_event add: minecraft:entity.hostile.swim 372 net.minecraft.util.SoundEvent@12525f57 (req. id 372)
[27Sep2026 09:11:46.113] [Server thread/TRACE] [net.minecraftforge.registries.ForgeRegistry/REGISTRIES]: Registry minecraft:sound_event add: minecraft:entity.husk.ambient 373 net.minecraft.util.SoundEvent@79100911 (req. id 373)
[27Sep2026 09:11:46.113] [Server thread/TRACE] [net.minecraftforge.registries.ForgeRegistry/REGISTRIES]: Registry minecraft:sound_event add: minecraft:entity.husk.converted_to_zombie 374 net.minecraft.util.SoundEvent@3be9ceaa (req. id 374)
[27Sep2026 09:11:46.113] [Server thread/TRACE] [net.minecraftforge.registries.ForgeRegistry/REGISTRIES]: Registry minecraft:sound_event add: minecraft:entity.husk.death 375 net.minecraft.util.SoundEvent@9bcb199 (req. id 375)
[27Sep2026 09:11:46.113] [Server thread/TRACE] [net.minecraftforge.registries.ForgeRegistry/REGISTRIES]: Registry minecraft:sound_event add: minecraft:entity.husk.hurt 376 net.minecraft.util.SoundEvent@3eb474bd (req. id 376)
[27Sep2026 09:11:46.113] [Server thread/TRACE] [net.minecraftforge.registries.ForgeRegistry/REGISTRIES]: Registry minecraft:sound_event add: minecraft:entity.husk.step 377 net.minecraft.util.SoundEvent@130ed219 (req. id 377)
[27Sep2026 09:11:46.113] [Server thread/TRACE] [net.minecraftforge.registries.ForgeRegistry/REGISTRIES]: Registry minecraft:sound_event add: minecraft:entity.illusioner.ambient 378 net.minecraft.util.SoundEvent@5a0b9398 (req. id 378)
[27Sep2026 09:11:46.113] [Server thread/TRACE] [net.minecraftforge.registries.ForgeRegistry/REGISTRIES]: Registry minecraft:sound_event add: minecraft:entity.illusioner.cast_spell 379 net.minecraft.util.SoundEvent@56cfcefa (req. id 379)
[27Sep2026 09:11:46.113] [Server thread/TRACE] [net.minecraftforge.registries.ForgeRegistry/REGISTRIES]: Registry minecraft:sound_event add: minecraft:entity.illusioner.death 380 net.minecraft.util.SoundEvent@6b40c855 (req. id 380)
[27Sep2026 09:11:46.113] [Server thread/TRACE] [net.minecraftforge.registries.ForgeRegistry/REGISTRIES]: Registry minecraft:sound_event add: minecraft:entity.illusioner.hurt 381 net.minecraft.util.SoundEvent@368c7673 (req. id 381)
[27Sep2026 09:11:46.113] [Server thread/TRACE] [net.minecraftforge.registries.ForgeRegistry/REGISTRIES]: Registry minecraft:sound_event add: minecraft:entity.illusioner.mirror_move 382 net.minecraft.util.SoundEvent@33fcfcc5 (req. id 382)
[27Sep2026 09:11:46.113] [Server thread/TRACE] [net.minecraftforge.registries.ForgeRegistry/REGISTRIES]: Registry minecraft:sound_event add: minecraft:entity.illusioner.prepare_blindness 383 net.minecraft.util.SoundEvent@51df53c1 (req. id 383)
[27Sep2026 09:11:46.113] [Server thread/TRACE] [net.minecraftforge.registries.ForgeRegistry/REGISTRIES]: Registry minecraft:sound_event add: minecraft:entity.illusioner.prepare_mirror 384 net.minecraft.util.SoundEvent@64cb8fde (req. id 384)
[27Sep2026 09:11:46.113] [Server thread/TRACE] [net.minecraftforge.registries.ForgeRegistry/REGISTRIES]: Registry minecraft:sound_event add: minecraft:block.iron_door.close 385 net.minecraft.util.SoundEvent@5e4c8803 (req. id 385)
[27Sep2026 09:11:46.113] [Server thread/TRACE] [net.minecraftforge.registries.ForgeRegistry/REGISTRIES]: Registry minecraft:sound_event add: minecraft:block.iron_door.open 386 net.minecraft.util.SoundEvent@5016d836 (req. id 386)
[27Sep2026 09:11:46.113] [Server thread/TRACE] [net.minecraftforge.registries.ForgeRegistry/REGISTRIES]: Registry minecraft:sound_event add: minecraft:entity.iron_golem.attack 387 net.minecraft.util.SoundEvent@4d384e6d (req. id 387)
[27Sep2026 09:11:46.113] [Server thread/TRACE] [net.minecraftforge.registries.ForgeRegistry/REGISTRIES]: Registry minecraft:sound_event add: minecraft:entity.iron_golem.damage 388 net.minecraft.util.SoundEvent@7782544b (req. id 388)
[27Sep2026 09:11:46.113] [Server thread/TRACE] [net.minecraftforge.registries.ForgeRegistry/REGISTRIES]: Registry minecraft:sound_event add: minecraft:entity.iron_golem.death 389 net.minecraft.util.SoundEvent@7dcb95f3 (req. id 389)
[27Sep2026 09:11:46.113] [Server thread/TRACE] [net.minecraftforge.registries.ForgeRegistry/REGISTRIES]: Registry minecraft:sound_event add: minecraft:entity.iron_golem.hurt 390 net.minecraft.util.SoundEvent@30596a45 (req. id 390)
[27Sep2026 09:11:46.113] [Server thread/TRACE] [net.minecraftforge.registries.ForgeRegistry/REGISTRIES]: Registry minecraft:sound_event add: minecraft:entity.iron_golem.repair 391 net.minecraft.util.SoundEvent@5a0d2fa1 (req. id 391)
[27Sep2026 09:11:46.113] [Server thread/TRACE] [net.minecraftforge.registries.ForgeRegistry/REGISTRIES]: Registry minecraft:sound_event add: minecraft:entity.iron_golem.step 392 net.minecraft.util.SoundEvent@57cfd5cd (req. id 392)
[27Sep2026 09:11:46.113] [Server thread/TRACE] [net.minecraftforge.registries.ForgeRegistry/REGISTRIES]: Registry minecraft:sound_event add: minecraft:block.iron_trapdoor.close 393 net.minecraft.util.SoundEvent@143cb183 (req. id 393)
[27Sep2026 09:11:46.113] [Server thread/TRACE] [net.minecraftforge.registries.ForgeRegistry/REGISTRIES]: Registry minecraft:sound_event add: minecraft:block.iron_trapdoor.open 394 net.minecraft.util.SoundEvent@35fdbd1d (req. id 394)
[27Sep2026 09:11:46.113] [Server thread/TRACE] [net.minecraftforge.registries.ForgeRegistry/REGISTRIES]: Registry minecraft:sound_event add: minecraft:entity.item_frame.add_item 395 net.minecraft.util.SoundEvent@e0f2e38 (req. id 395)
[27Sep2026 09:11:46.113] [Server thread/TRACE] [net.minecraftforge.registries.ForgeRegistry/REGISTRIES]: Registry minecraft:sound_event add: minecraft:entity.item_frame.break 396 net.minecraft.util.SoundEvent@42069384 (req. id 396)
[27Sep2026 09:11:46.113] [Server thread/TRACE] [net.minecraftforge.registries.ForgeRegistry/REGISTRIES]: Registry minecraft:sound_event add: minecraft:entity.item_frame.place 397 net.minecraft.util.SoundEvent@5e68dfcf (req. id 397)
[27Sep2026 09:11:46.113] [Server thread/TRACE] [net.minecraftforge.registries.ForgeRegistry/REGISTRIES]: Registry minecraft:sound_event add: minecraft:entity.item_frame.remove_item 398 net.minecraft.util.SoundEvent@3b9a8f17 (req. id 398)
[27Sep2026 09:11:46.113] [Server thread/TRACE] [net.minecraftforge.registries.ForgeRegistry/REGISTRIES]: Registry minecraft:sound_event add: minecraft:entity.item_frame.rotate_item 399 net.minecraft.util.SoundEvent@3c5defe8 (req. id 399)
[27Sep2026 09:11:46.113] [Server thread/TRACE] [net.minecraftforge.registries.ForgeRegistry/REGISTRIES]: Registry minecraft:sound_event add: minecraft:entity.item.break 400 net.minecraft.util.SoundEvent@4dcc13b6 (req. id 400)
[27Sep2026 09:11:46.113] [Server thread/TRACE] [net.minecraftforge.registries.ForgeRegistry/REGISTRIES]: Registry minecraft:sound_event add: minecraft:entity.item.pickup 401 net.minecraft.util.SoundEvent@48cccd4d (req. id 401)
[27Sep2026 09:11:46.113] [Server thread/TRACE] [net.minecraftforge.registries.ForgeRegistry/REGISTRIES]: Registry minecraft:sound_event add: minecraft:block.ladder.break 402 net.minecraft.util.SoundEvent@77afa1ba (req. id 402)
[27Sep2026 09:11:46.113] [Server thread/TRACE] [net.minecraftforge.registries.ForgeRegistry/REGISTRIES]: Registry minecraft:sound_event add: minecraft:block.ladder.fall 403 net.minecraft.util.SoundEvent@1eb3016 (req. id 403)
[27Sep2026 09:11:46.113] [Server thread/TRACE] [net.minecraftforge.registries.ForgeRegistry/REGISTRIES]: Registry minecraft:sound_event add: minecraft:block.ladder.hit 404 net.minecraft.util.SoundEvent@5a4ecc50 (req. id 404)
[27Sep2026 09:11:46.113] [Server thread/TRACE] [net.minecraftforge.registries.ForgeRegistry/REGISTRIES]: Registry minecraft:sound_event add: minecraft:block.ladder.place 405 net.minecraft.util.SoundEvent@54373dd2 (req. id 405)
[27Sep2026 09:11:46.113] [Server thread/TRACE] [net.minecraftforge.registries.ForgeRegistry/REGISTRIES]: Registry minecraft:sound_event add: minecraft:block.ladder.step 406 net.minecraft.util.SoundEvent@29d437a5 (req. id 406)
[27Sep2026 09:11:46.113] [Server thread/TRACE] [net.minecraftforge.registries.ForgeRegistry/REGISTRIES]: Registry minecraft:sound_event add: minecraft:block.lantern.break 407 net.minecraft.util.SoundEvent@3d7d80ce (req. id 407)
[27Sep2026 09:11:46.113] [Server thread/TRACE] [net.minecraftforge.registries.ForgeRegistry/REGISTRIES]: Registry minecraft:sound_event add: minecraft:block.lantern.fall 408 net.minecraft.util.SoundEvent@fff2ad0 (req. id 408)
[27Sep2026 09:11:46.113] [Server thread/TRACE] [net.minecraftforge.registries.ForgeRegistry/REGISTRIES]: Registry minecraft:sound_event add: minecraft:block.lantern.hit 409 net.minecraft.util.SoundEvent@14362c73 (req. id 409)
[27Sep2026 09:11:46.113] [Server thread/TRACE] [net.minecraftforge.registries.ForgeRegistry/REGISTRIES]: Registry minecraft:sound_event add: minecraft:block.lantern.place 410 net.minecraft.util.SoundEvent@317b0223 (req. id 410)
[27Sep2026 09:11:46.113] [Server thread/TRACE] [net.minecraftforge.registries.ForgeRegistry/REGISTRIES]: Registry minecraft:sound_event add: minecraft:block.lantern.step 411 net.minecraft.util.SoundEvent@54e69c1b (req. id 411)
[27Sep2026 09:11:46.113] [Server thread/TRACE] [net.minecraftforge.registries.ForgeRegistry/REGISTRIES]: Registry minecraft:sound_event add: minecraft:block.lava.ambient 412 net.minecraft.util.SoundEvent@6400d992 (req. id 412)
[27Sep2026 09:11:46.113] [Server thread/TRACE] [net.minecraftforge.registries.ForgeRegistry/REGISTRIES]: Registry minecraft:sound_event add: minecraft:block.lava.extinguish 413 net.minecraft.util.SoundEvent@3fcdda00 (req. id 413)
[27Sep2026 09:11:46.113] [Server thread/TRACE] [net.minecraftforge.registries.ForgeRegistry/REGISTRIES]: Registry minecraft:sound_event add: minecraft:block.lava.pop 414 net.minecraft.util.SoundEvent@5d10db7d (req. id 414)
[27Sep2026 09:11:46.113] [Server thread/TRACE] [net.minecraftforge.registries.ForgeRegistry/REGISTRIES]: Registry minecraft:sound_event add: minecraft:entity.leash_knot.break 415 net.minecraft.util.SoundEvent@5925fbbf (req. id 415)
[27Sep2026 09:11:46.114] [Server thread/TRACE] [net.minecraftforge.registries.ForgeRegistry/REGISTRIES]: Registry minecraft:sound_event add: minecraft:entity.leash_knot.place 416 net.minecraft.util.SoundEvent@6ae7cc46 (req. id 416)
[27Sep2026 09:11:46.114] [Server thread/TRACE] [net.minecraftforge.registries.ForgeRegistry/REGISTRIES]: Registry minecraft:sound_event add: minecraft:block.lever.click 417 net.minecraft.util.SoundEvent@3214d73a (req. id 417)
[27Sep2026 09:11:46.114] [Server thread/TRACE] [net.minecraftforge.registries.ForgeRegistry/REGISTRIES]: Registry minecraft:sound_event add: minecraft:entity.lightning_bolt.impact 418 net.minecraft.util.SoundEvent@67bec17 (req. id 418)
[27Sep2026 09:11:46.114] [Server thread/TRACE] [net.minecraftforge.registries.ForgeRegistry/REGISTRIES]: Registry minecraft:sound_event add: minecraft:entity.lightning_bolt.thunder 419 net.minecraft.util.SoundEvent@a606ff2 (req. id 419)
[27Sep2026 09:11:46.114] [Server thread/TRACE] [net.minecraftforge.registries.ForgeRegistry/REGISTRIES]: Registry minecraft:sound_event add: minecraft:entity.lingering_potion.throw 420 net.minecraft.util.SoundEvent@59291968 (req. id 420)
[27Sep2026 09:11:46.114] [Server thread/TRACE] [net.minecraftforge.registries.ForgeRegistry/REGISTRIES]: Registry minecraft:sound_event add: minecraft:entity.llama.ambient 421 net.minecraft.util.SoundEvent@78ed691b (req. id 421)
[27Sep2026 09:11:46.114] [Server thread/TRACE] [net.minecraftforge.registries.ForgeRegistry/REGISTRIES]: Registry minecraft:sound_event add: minecraft:entity.llama.angry 422 net.minecraft.util.SoundEvent@543da092 (req. id 422)
[27Sep2026 09:11:46.114] [Server thread/TRACE] [net.minecraftforge.registries.ForgeRegistry/REGISTRIES]: Registry minecraft:sound_event add: minecraft:entity.llama.chest 423 net.minecraft.util.SoundEvent@7e24f189 (req. id 423)
[27Sep2026 09:11:46.114] [Server thread/TRACE] [net.minecraftforge.registries.ForgeRegistry/REGISTRIES]: Registry minecraft:sound_event add: minecraft:entity.llama.death 424 net.minecraft.util.SoundEvent@1846db12 (req. id 424)
[27Sep2026 09:11:46.114] [Server thread/TRACE] [net.minecraftforge.registries.ForgeRegistry/REGISTRIES]: Registry minecraft:sound_event add: minecraft:entity.llama.eat 425 net.minecraft.util.SoundEvent@7ae8e970 (req. id 425)
[27Sep2026 09:11:46.114] [Server thread/TRACE] [net.minecraftforge.registries.ForgeRegistry/REGISTRIES]: Registry minecraft:sound_event add: minecraft:entity.llama.hurt 426 net.minecraft.util.SoundEvent@6cf9996e (req. id 426)
[27Sep2026 09:11:46.114] [Server thread/TRACE] [net.minecraftforge.registries.ForgeRegistry/REGISTRIES]: Registry minecraft:sound_event add: minecraft:entity.llama.spit 427 net.minecraft.util.SoundEvent@25fb99d7 (req. id 427)
[27Sep2026 09:11:46.114] [Server thread/TRACE] [net.minecraftforge.registries.ForgeRegistry/REGISTRIES]: Registry minecraft:sound_event add: minecraft:entity.llama.step 428 net.minecraft.util.SoundEvent@22ce4949 (req. id 428)
[27Sep2026 09:11:46.114] [Server thread/TRACE] [net.minecraftforge.registries.ForgeRegistry/REGISTRIES]: Registry minecraft:sound_event add: minecraft:entity.llama.swag 429 net.minecraft.util.SoundEvent@68389f89 (req. id 429)
[27Sep2026 09:11:46.114] [Server thread/TRACE] [net.minecraftforge.registries.ForgeRegistry/REGISTRIES]: Registry minecraft:sound_event add: minecraft:entity.magma_cube.death_small 430 net.minecraft.util.SoundEvent@78602124 (req. id 430)
[27Sep2026 09:11:46.114] [Server thread/TRACE] [net.minecraftforge.registries.ForgeRegistry/REGISTRIES]: Registry minecraft:sound_event add: minecraft:block.lodestone.break 431 net.minecraft.util.SoundEvent@38fc9dc6 (req. id 431)
[27Sep2026 09:11:46.114] [Server thread/TRACE] [net.minecraftforge.registries.ForgeRegistry/REGISTRIES]: Registry minecraft:sound_event add: minecraft:block.lodestone.step 432 net.minecraft.util.SoundEvent@4e127edd (req. id 432)
[27Sep2026 09:11:46.114] [Server thread/TRACE] [net.minecraftforge.registries.ForgeRegistry/REGISTRIES]: Registry minecraft:sound_event add: minecraft:block.lodestone.place 433 net.minecraft.util.SoundEvent@303edabf (req. id 433)
[27Sep2026 09:11:46.114] [Server thread/TRACE] [net.minecraftforge.registries.ForgeRegistry/REGISTRIES]: Registry minecraft:sound_event add: minecraft:block.lodestone.hit 434 net.minecraft.util.SoundEvent@24ce7388 (req. id 434)
[27Sep2026 09:11:46.114] [Server thread/TRACE] [net.minecraftforge.registries.ForgeRegistry/REGISTRIES]: Registry minecraft:sound_event add: minecraft:block.lodestone.fall 435 net.minecraft.util.SoundEvent@4df210be (req. id 435)
[27Sep2026 09:11:46.114] [Server thread/TRACE] [net.minecraftforge.registries.ForgeRegistry/REGISTRIES]: Registry minecraft:sound_event add: minecraft:item.lodestone_compass.lock 436 net.minecraft.util.SoundEvent@4cd501cd (req. id 436)
[27Sep2026 09:11:46.114] [Server thread/TRACE] [net.minecraftforge.registries.ForgeRegistry/REGISTRIES]: Registry minecraft:sound_event add: minecraft:entity.magma_cube.death 437 net.minecraft.util.SoundEvent@2cfa890d (req. id 437)
[27Sep2026 09:11:46.114] [Server thread/TRACE] [net.minecraftforge.registries.ForgeRegistry/REGISTRIES]: Registry minecraft:sound_event add: minecraft:entity.magma_cube.hurt 438 net.minecraft.util.SoundEvent@71ee810f (req. id 438)
[27Sep2026 09:11:46.114] [Server thread/TRACE] [net.minecraftforge.registries.ForgeRegistry/REGISTRIES]: Registry minecraft:sound_event add: minecraft:entity.magma_cube.hurt_small 439 net.minecraft.util.SoundEvent@363f8d4b (req. id 439)
[27Sep2026 09:11:46.114] [Server thread/TRACE] [net.minecraftforge.registries.ForgeRegistry/REGISTRIES]: Registry minecraft:sound_event add: minecraft:entity.magma_cube.jump 440 net.minecraft.util.SoundEvent@7f19d3c0 (req. id 440)
[27Sep2026 09:11:46.114] [Server thread/TRACE] [net.minecraftforge.registries.ForgeRegistry/REGISTRIES]: Registry minecraft:sound_event add: minecraft:entity.magma_cube.squish 441 net.minecraft.util.SoundEvent@756f4f61 (req. id 441)
[27Sep2026 09:11:46.114] [Server thread/TRACE] [net.minecraftforge.registries.ForgeRegistry/REGISTRIES]: Registry minecraft:sound_event add: minecraft:entity.magma_cube.squish_small 442 net.minecraft.util.SoundEvent@520b8cf0 (req. id 442)
[27Sep2026 09:11:46.114] [Server thread/TRACE] [net.minecraftforge.registries.ForgeRegistry/REGISTRIES]: Registry minecraft:sound_event add: minecraft:block.metal.break 443 net.minecraft.util.SoundEvent@7c290345 (req. id 443)
[27Sep2026 09:11:46.114] [Server thread/TRACE] [net.minecraftforge.registries.ForgeRegistry/REGISTRIES]: Registry minecraft:sound_event add: minecraft:block.metal.fall 444 net.minecraft.util.SoundEvent@226c91c1 (req. id 444)
[27Sep2026 09:11:46.114] [Server thread/TRACE] [net.minecraftforge.registries.ForgeRegistry/REGISTRIES]: Registry minecraft:sound_event add: minecraft:block.metal.hit 445 net.minecraft.util.SoundEvent@7314c526 (req. id 445)
[27Sep2026 09:11:46.114] [Server thread/TRACE] [net.minecraftforge.registries.ForgeRegistry/REGISTRIES]: Registry minecraft:sound_event add: minecraft:block.metal.place 446 net.minecraft.util.SoundEvent@1a4c564 (req. id 446)
[27Sep2026 09:11:46.114] [Server thread/TRACE] [net.minecraftforge.registries.ForgeRegistry/REGISTRIES]: Registry minecraft:sound_event add: minecraft:block.metal_pressure_plate.click_off 447 net.minecraft.util.SoundEvent@6e46fc0d (req. id 447)
[27Sep2026 09:11:46.114] [Server thread/TRACE] [net.minecraftforge.registries.ForgeRegistry/REGISTRIES]: Registry minecraft:sound_event add: minecraft:block.metal_pressure_plate.click_on 448 net.minecraft.util.SoundEvent@7a0b8941 (req. id 448)
[27Sep2026 09:11:46.114] [Server thread/TRACE] [net.minecraftforge.registries.ForgeRegistry/REGISTRIES]: Registry minecraft:sound_event add: minecraft:block.metal.step 449 net.minecraft.util.SoundEvent@3690b6f7 (req. id 449)
[27Sep2026 09:11:46.114] [Server thread/TRACE] [net.minecraftforge.registries.ForgeRegistry/REGISTRIES]: Registry minecraft:sound_event add: minecraft:entity.minecart.inside 450 net.minecraft.util.SoundEvent@61d3262d (req. id 450)
[27Sep2026 09:11:46.114] [Server thread/TRACE] [net.minecraftforge.registries.ForgeRegistry/REGISTRIES]: Registry minecraft:sound_event add: minecraft:entity.minecart.riding 451 net.minecraft.util.SoundEvent@61555108 (req. id 451)
[27Sep2026 09:11:46.114] [Server thread/TRACE] [net.minecraftforge.registries.ForgeRegistry/REGISTRIES]: Registry minecraft:sound_event add: minecraft:entity.mooshroom.convert 452 net.minecraft.util.SoundEvent@6b713a78 (req. id 452)
[27Sep2026 09:11:46.114] [Server thread/TRACE] [net.minecraftforge.registries.ForgeRegistry/REGISTRIES]: Registry minecraft:sound_event add: minecraft:entity.mooshroom.eat 453 net.minecraft.util.SoundEvent@5fef0877 (req. id 453)
[27Sep2026 09:11:46.114] [Server thread/TRACE] [net.minecraftforge.registries.ForgeRegistry/REGISTRIES]: Registry minecraft:sound_event add: minecraft:entity.mooshroom.milk 454 net.minecraft.util.SoundEvent@46b22650 (req. id 454)
[27Sep2026 09:11:46.114] [Server thread/TRACE] [net.minecraftforge.registries.ForgeRegistry/REGISTRIES]: Registry minecraft:sound_event add: minecraft:entity.mooshroom.suspicious_milk 455 net.minecraft.util.SoundEvent@7b5ab0fd (req. id 455)
[27Sep2026 09:11:46.114] [Server thread/TRACE] [net.minecraftforge.registries.ForgeRegistry/REGISTRIES]: Registry minecraft:sound_event add: minecraft:entity.mooshroom.shear 456 net.minecraft.util.SoundEvent@6c7c7d14 (req. id 456)
[27Sep2026 09:11:46.114] [Server thread/TRACE] [net.minecraftforge.registries.ForgeRegistry/REGISTRIES]: Registry minecraft:sound_event add: minecraft:entity.mule.ambient 457 net.minecraft.util.SoundEvent@721b8d00 (req. id 457)
[27Sep2026 09:11:46.114] [Server thread/TRACE] [net.minecraftforge.registries.ForgeRegistry/REGISTRIES]: Registry minecraft:sound_event add: minecraft:entity.mule.angry 458 net.minecraft.util.SoundEvent@b4d6186 (req. id 458)
[27Sep2026 09:11:46.114] [Server thread/TRACE] [net.minecraftforge.registries.ForgeRegistry/REGISTRIES]: Registry minecraft:sound_event add: minecraft:entity.mule.chest 459 net.minecraft.util.SoundEvent@450f9af8 (req. id 459)
[27Sep2026 09:11:46.114] [Server thread/TRACE] [net.minecraftforge.registries.ForgeRegistry/REGISTRIES]: Registry minecraft:sound_event add: minecraft:entity.mule.death 460 net.minecraft.util.SoundEvent@20d1b6de (req. id 460)
[27Sep2026 09:11:46.114] [Server thread/TRACE] [net.minecraftforge.registries.ForgeRegistry/REGISTRIES]: Registry minecraft:sound_event add: minecraft:entity.mule.eat 461 net.minecraft.util.SoundEvent@2f0e13b3 (req. id 461)
[27Sep2026 09:11:46.114] [Server thread/TRACE] [net.minecraftforge.registries.ForgeRegistry/REGISTRIES]: Registry minecraft:sound_event add: minecraft:entity.mule.hurt 462 net.minecraft.util.SoundEvent@dfa9e9e (req. id 462)
[27Sep2026 09:11:46.114] [Server thread/TRACE] [net.minecraftforge.registries.ForgeRegistry/REGISTRIES]: Registry minecraft:sound_event add: minecraft:music.creative 463 net.minecraft.util.SoundEvent@17c1e20f (req. id 463)
[27Sep2026 09:11:46.114] [Server thread/TRACE] [net.minecraftforge.registries.ForgeRegistry/REGISTRIES]: Registry minecraft:sound_event add: minecraft:music.credits 464 net.minecraft.util.SoundEvent@219f25fe (req. id 464)
[27Sep2026 09:11:46.114] [Server thread/TRACE] [net.minecraftforge.registries.ForgeRegistry/REGISTRIES]: Registry minecraft:sound_event add: minecraft:music_disc.11 465 net.minecraft.util.SoundEvent@1dde2169 (req. id 465)
[27Sep2026 09:11:46.114] [Server thread/TRACE] [net.minecraftforge.registries.ForgeRegistry/REGISTRIES]: Registry minecraft:sound_event add: minecraft:music_disc.13 466 net.minecraft.util.SoundEvent@5e0d77ac (req. id 466)
[27Sep2026 09:11:46.114] [Server thread/TRACE] [net.minecraftforge.registries.ForgeRegistry/REGISTRIES]: Registry minecraft:sound_event add: minecraft:music_disc.blocks 467 net.minecraft.util.SoundEvent@4df7f450 (req. id 467)
[27Sep2026 09:11:46.114] [Server thread/TRACE] [net.minecraftforge.registries.ForgeRegistry/REGISTRIES]: Registry minecraft:sound_event add: minecraft:music_disc.cat 468 net.minecraft.util.SoundEvent@7f8ab771 (req. id 468)
[27Sep2026 09:11:46.114] [Server thread/TRACE] [net.minecraftforge.registries.ForgeRegistry/REGISTRIES]: Registry minecraft:sound_event add: minecraft:music_disc.chirp 469 net.minecraft.util.SoundEvent@104e97e (req. id 469)
[27Sep2026 09:11:46.114] [Server thread/TRACE] [net.minecraftforge.registries.ForgeRegistry/REGISTRIES]: Registry minecraft:sound_event add: minecraft:music_disc.far 470 net.minecraft.util.SoundEvent@17717ae1 (req. id 470)
[27Sep2026 09:11:46.114] [Server thread/TRACE] [net.minecraftforge.registries.ForgeRegistry/REGISTRIES]: Registry minecraft:sound_event add: minecraft:music_disc.mall 471 net.minecraft.util.SoundEvent@5e956ab4 (req. id 471)
[27Sep2026 09:11:46.115] [Server thread/TRACE] [net.minecraftforge.registries.ForgeRegistry/REGISTRIES]: Registry minecraft:sound_event add: minecraft:music_disc.mellohi 472 net.minecraft.util.SoundEvent@8a49cc4 (req. id 472)
[27Sep2026 09:11:46.115] [Server thread/TRACE] [net.minecraftforge.registries.ForgeRegistry/REGISTRIES]: Registry minecraft:sound_event add: minecraft:music_disc.pigstep 473 net.minecraft.util.SoundEvent@55c8748f (req. id 473)
[27Sep2026 09:11:46.115] [Server thread/TRACE] [net.minecraftforge.registries.ForgeRegistry/REGISTRIES]: Registry minecraft:sound_event add: minecraft:music_disc.stal 474 net.minecraft.util.SoundEvent@3ac8f17d (req. id 474)
[27Sep2026 09:11:46.115] [Server thread/TRACE] [net.minecraftforge.registries.ForgeRegistry/REGISTRIES]: Registry minecraft:sound_event add: minecraft:music_disc.strad 475 net.minecraft.util.SoundEvent@37d75dcb (req. id 475)
[27Sep2026 09:11:46.115] [Server thread/TRACE] [net.minecraftforge.registries.ForgeRegistry/REGISTRIES]: Registry minecraft:sound_event add: minecraft:music_disc.wait 476 net.minecraft.util.SoundEvent@490ae7fb (req. id 476)
[27Sep2026 09:11:46.115] [Server thread/TRACE] [net.minecraftforge.registries.ForgeRegistry/REGISTRIES]: Registry minecraft:sound_event add: minecraft:music_disc.ward 477 net.minecraft.util.SoundEvent@1467f1c (req. id 477)
[27Sep2026 09:11:46.115] [Server thread/TRACE] [net.minecraftforge.registries.ForgeRegistry/REGISTRIES]: Registry minecraft:sound_event add: minecraft:music.dragon 478 net.minecraft.util.SoundEvent@17178bc2 (req. id 478)
[27Sep2026 09:11:46.115] [Server thread/TRACE] [net.minecraftforge.registries.ForgeRegistry/REGISTRIES]: Registry minecraft:sound_event add: minecraft:music.end 479 net.minecraft.util.SoundEvent@712fc139 (req. id 479)
[27Sep2026 09:11:46.115] [Server thread/TRACE] [net.minecraftforge.registries.ForgeRegistry/REGISTRIES]: Registry minecraft:sound_event add: minecraft:music.game 480 net.minecraft.util.SoundEvent@1ba7bae4 (req. id 480)
[27Sep2026 09:11:46.115] [Server thread/TRACE] [net.minecraftforge.registries.ForgeRegistry/REGISTRIES]: Registry minecraft:sound_event add: minecraft:music.menu 481 net.minecraft.util.SoundEvent@5b4d290d (req. id 481)
[27Sep2026 09:11:46.115] [Server thread/TRACE] [net.minecraftforge.registries.ForgeRegistry/REGISTRIES]: Registry minecraft:sound_event add: minecraft:music.nether.basalt_deltas 482 net.minecraft.util.SoundEvent@67135ef8 (req. id 482)
[27Sep2026 09:11:46.115] [Server thread/TRACE] [net.minecraftforge.registries.ForgeRegistry/REGISTRIES]: Registry minecraft:sound_event add: minecraft:music.nether.nether_wastes 483 net.minecraft.util.SoundEvent@68d647b6 (req. id 483)
[27Sep2026 09:11:46.115] [Server thread/TRACE] [net.minecraftforge.registries.ForgeRegistry/REGISTRIES]: Registry minecraft:sound_event add: minecraft:music.nether.soul_sand_valley 484 net.minecraft.util.SoundEvent@709ff239 (req. id 484)
[27Sep2026 09:11:46.115] [Server thread/TRACE] [net.minecraftforge.registries.ForgeRegistry/REGISTRIES]: Registry minecraft:sound_event add: minecraft:music.nether.crimson_forest 485 net.minecraft.util.SoundEvent@42b7e65c (req. id 485)
[27Sep2026 09:11:46.115] [Server thread/TRACE] [net.minecraftforge.registries.ForgeRegistry/REGISTRIES]: Registry minecraft:sound_event add: minecraft:music.nether.warped_forest 486 net.minecraft.util.SoundEvent@c35570c (req. id 486)
[27Sep2026 09:11:46.115] [Server thread/TRACE] [net.minecraftforge.registries.ForgeRegistry/REGISTRIES]: Registry minecraft:sound_event add: minecraft:music.under_water 487 net.minecraft.util.SoundEvent@28876de2 (req. id 487)
[27Sep2026 09:11:46.115] [Server thread/TRACE] [net.minecraftforge.registries.ForgeRegistry/REGISTRIES]: Registry minecraft:sound_event add: minecraft:block.nether_bricks.break 488 net.minecraft.util.SoundEvent@1ef4637e (req. id 488)
[27Sep2026 09:11:46.115] [Server thread/TRACE] [net.minecraftforge.registries.ForgeRegistry/REGISTRIES]: Registry minecraft:sound_event add: minecraft:block.nether_bricks.step 489 net.minecraft.util.SoundEvent@77338952 (req. id 489)
[27Sep2026 09:11:46.115] [Server thread/TRACE] [net.minecraftforge.registries.ForgeRegistry/REGISTRIES]: Registry minecraft:sound_event add: minecraft:block.nether_bricks.place 490 net.minecraft.util.SoundEvent@33450950 (req. id 490)
[27Sep2026 09:11:46.115] [Server thread/TRACE] [net.minecraftforge.registries.ForgeRegistry/REGISTRIES]: Registry minecraft:sound_event add: minecraft:block.nether_bricks.hit 491 net.minecraft.util.SoundEvent@bc36270 (req. id 491)
[27Sep2026 09:11:46.115] [Server thread/TRACE] [net.minecraftforge.registries.ForgeRegistry/REGISTRIES]: Registry minecraft:sound_event add: minecraft:block.nether_bricks.fall 492 net.minecraft.util.SoundEvent@21030fcb (req. id 492)
[27Sep2026 09:11:46.115] [Server thread/TRACE] [net.minecraftforge.registries.ForgeRegistry/REGISTRIES]: Registry minecraft:sound_event add: minecraft:block.nether_wart.break 493 net.minecraft.util.SoundEvent@2c5d0624 (req. id 493)
[27Sep2026 09:11:46.115] [Server thread/TRACE] [net.minecraftforge.registries.ForgeRegistry/REGISTRIES]: Registry minecraft:sound_event add: minecraft:item.nether_wart.plant 494 net.minecraft.util.SoundEvent@ec04c01 (req. id 494)
[27Sep2026 09:11:46.115] [Server thread/TRACE] [net.minecraftforge.registries.ForgeRegistry/REGISTRIES]: Registry minecraft:sound_event add: minecraft:block.stem.break 495 net.minecraft.util.SoundEvent@65bed6d2 (req. id 495)
[27Sep2026 09:11:46.115] [Server thread/TRACE] [net.minecraftforge.registries.ForgeRegistry/REGISTRIES]: Registry minecraft:sound_event add: minecraft:block.stem.step 496 net.minecraft.util.SoundEvent@5667e5a4 (req. id 496)
[27Sep2026 09:11:46.115] [Server thread/TRACE] [net.minecraftforge.registries.ForgeRegistry/REGISTRIES]: Registry minecraft:sound_event add: minecraft:block.stem.place 497 net.minecraft.util.SoundEvent@2b6f677d (req. id 497)
[27Sep2026 09:11:46.115] [Server thread/TRACE] [net.minecraftforge.registries.ForgeRegistry/REGISTRIES]: Registry minecraft:sound_event add: minecraft:block.stem.hit 498 net.minecraft.util.SoundEvent@645c0207 (req. id 498)
[27Sep2026 09:11:46.115] [Server thread/TRACE] [net.minecraftforge.registries.ForgeRegistry/REGISTRIES]: Registry minecraft:sound_event add: minecraft:block.stem.fall 499 net.minecraft.util.SoundEvent@d654fb0 (req. id 499)
[27Sep2026 09:11:46.115] [Server thread/TRACE] [net.minecraftforge.registries.ForgeRegistry/REGISTRIES]: Registry minecraft:sound_event add: minecraft:block.nylium.break 500 net.minecraft.util.SoundEvent@3ebcbc42 (req. id 500)
[27Sep2026 09:11:46.115] [Server thread/TRACE] [net.minecraftforge.registries.ForgeRegistry/REGISTRIES]: Registry minecraft:sound_event add: minecraft:block.nylium.step 501 net.minecraft.util.SoundEvent@6545ed22 (req. id 501)
[27Sep2026 09:11:46.115] [Server thread/TRACE] [net.minecraftforge.registries.ForgeRegistry/REGISTRIES]: Registry minecraft:sound_event add: minecraft:block.nylium.place 502 net.minecraft.util.SoundEvent@3c37b15e (req. id 502)
[27Sep2026 09:11:46.115] [Server thread/TRACE] [net.minecraftforge.registries.ForgeRegistry/REGISTRIES]: Registry minecraft:sound_event add: minecraft:block.nylium.hit 503 net.minecraft.util.SoundEvent@467fd1ea (req. id 503)
[27Sep2026 09:11:46.115] [Server thread/TRACE] [net.minecraftforge.registries.ForgeRegistry/REGISTRIES]: Registry minecraft:sound_event add: minecraft:block.nylium.fall 504 net.minecraft.util.SoundEvent@5683650b (req. id 504)
[27Sep2026 09:11:46.115] [Server thread/TRACE] [net.minecraftforge.registries.ForgeRegistry/REGISTRIES]: Registry minecraft:sound_event add: minecraft:block.nether_sprouts.break 505 net.minecraft.util.SoundEvent@36f2daf8 (req. id 505)
[27Sep2026 09:11:46.115] [Server thread/TRACE] [net.minecraftforge.registries.ForgeRegistry/REGISTRIES]: Registry minecraft:sound_event add: minecraft:block.nether_sprouts.step 506 net.minecraft.util.SoundEvent@54e4a65 (req. id 506)
[27Sep2026 09:11:46.115] [Server thread/TRACE] [net.minecraftforge.registries.ForgeRegistry/REGISTRIES]: Registry minecraft:sound_event add: minecraft:block.nether_sprouts.place 507 net.minecraft.util.SoundEvent@56ca439e (req. id 507)
[27Sep2026 09:11:46.115] [Server thread/TRACE] [net.minecraftforge.registries.ForgeRegistry/REGISTRIES]: Registry minecraft:sound_event add: minecraft:block.nether_sprouts.hit 508 net.minecraft.util.SoundEvent@14db7562 (req. id 508)
[27Sep2026 09:11:46.115] [Server thread/TRACE] [net.minecraftforge.registries.ForgeRegistry/REGISTRIES]: Registry minecraft:sound_event add: minecraft:block.nether_sprouts.fall 509 net.minecraft.util.SoundEvent@91419c6 (req. id 509)
[27Sep2026 09:11:46.115] [Server thread/TRACE] [net.minecraftforge.registries.ForgeRegistry/REGISTRIES]: Registry minecraft:sound_event add: minecraft:block.fungus.break 510 net.minecraft.util.SoundEvent@771b8912 (req. id 510)
[27Sep2026 09:11:46.115] [Server thread/TRACE] [net.minecraftforge.registries.ForgeRegistry/REGISTRIES]: Registry minecraft:sound_event add: minecraft:block.fungus.step 511 net.minecraft.util.SoundEvent@3be7204b (req. id 511)
[27Sep2026 09:11:46.115] [Server thread/TRACE] [net.minecraftforge.registries.ForgeRegistry/REGISTRIES]: Registry minecraft:sound_event add: minecraft:block.fungus.place 512 net.minecraft.util.SoundEvent@585c67bf (req. id 512)
[27Sep2026 09:11:46.115] [Server thread/TRACE] [net.minecraftforge.registries.ForgeRegistry/REGISTRIES]: Registry minecraft:sound_event add: minecraft:block.fungus.hit 513 net.minecraft.util.SoundEvent@6d2ddbeb (req. id 513)
[27Sep2026 09:11:46.115] [Server thread/TRACE] [net.minecraftforge.registries.ForgeRegistry/REGISTRIES]: Registry minecraft:sound_event add: minecraft:block.fungus.fall 514 net.minecraft.util.SoundEvent@52e9f2ee (req. id 514)
[27Sep2026 09:11:46.115] [Server thread/TRACE] [net.minecraftforge.registries.ForgeRegistry/REGISTRIES]: Registry minecraft:sound_event add: minecraft:block.weeping_vines.break 515 net.minecraft.util.SoundEvent@47186644 (req. id 515)
[27Sep2026 09:11:46.115] [Server thread/TRACE] [net.minecraftforge.registries.ForgeRegistry/REGISTRIES]: Registry minecraft:sound_event add: minecraft:block.weeping_vines.step 516 net.minecraft.util.SoundEvent@6a203528 (req. id 516)
[27Sep2026 09:11:46.115] [Server thread/TRACE] [net.minecraftforge.registries.ForgeRegistry/REGISTRIES]: Registry minecraft:sound_event add: minecraft:block.weeping_vines.place 517 net.minecraft.util.SoundEvent@672255c2 (req. id 517)
[27Sep2026 09:11:46.115] [Server thread/TRACE] [net.minecraftforge.registries.ForgeRegistry/REGISTRIES]: Registry minecraft:sound_event add: minecraft:block.weeping_vines.hit 518 net.minecraft.util.SoundEvent@53a23197 (req. id 518)
[27Sep2026 09:11:46.115] [Server thread/TRACE] [net.minecraftforge.registries.ForgeRegistry/REGISTRIES]: Registry minecraft:sound_event add: minecraft:block.weeping_vines.fall 519 net.minecraft.util.SoundEvent@363c0c92 (req. id 519)
[27Sep2026 09:11:46.115] [Server thread/TRACE] [net.minecraftforge.registries.ForgeRegistry/REGISTRIES]: Registry minecraft:sound_event add: minecraft:block.wart_block.break 520 net.minecraft.util.SoundEvent@6dbdacda (req. id 520)
[27Sep2026 09:11:46.115] [Server thread/TRACE] [net.minecraftforge.registries.ForgeRegistry/REGISTRIES]: Registry minecraft:sound_event add: minecraft:block.wart_block.step 521 net.minecraft.util.SoundEvent@4ad29f82 (req. id 521)
[27Sep2026 09:11:46.115] [Server thread/TRACE] [net.minecraftforge.registries.ForgeRegistry/REGISTRIES]: Registry minecraft:sound_event add: minecraft:block.wart_block.place 522 net.minecraft.util.SoundEvent@61afb039 (req. id 522)
[27Sep2026 09:11:46.115] [Server thread/TRACE] [net.minecraftforge.registries.ForgeRegistry/REGISTRIES]: Registry minecraft:sound_event add: minecraft:block.wart_block.hit 523 net.minecraft.util.SoundEvent@58e243ba (req. id 523)
[27Sep2026 09:11:46.115] [Server thread/TRACE] [net.minecraftforge.registries.ForgeRegistry/REGISTRIES]: Registry minecraft:sound_event add: minecraft:block.wart_block.fall 524 net.minecraft.util.SoundEvent@497ec129 (req. id 524)
[27Sep2026 09:11:46.115] [Server thread/TRACE] [net.minecraftforge.registries.ForgeRegistry/REGISTRIES]: Registry minecraft:sound_event add: minecraft:block.netherite_block.break 525 net.minecraft.util.SoundEvent@45295267 (req. id 525)
[27Sep2026 09:11:46.116] [Server thread/TRACE] [net.minecraftforge.registries.ForgeRegistry/REGISTRIES]: Registry minecraft:sound_event add: minecraft:block.netherite_block.step 526 net.minecraft.util.SoundEvent@2257004d (req. id 526)
[27Sep2026 09:11:46.116] [Server thread/TRACE] [net.minecraftforge.registries.ForgeRegistry/REGISTRIES]: Registry minecraft:sound_event add: minecraft:block.netherite_block.place 527 net.minecraft.util.SoundEvent@52e47212 (req. id 527)
[27Sep2026 09:11:46.116] [Server thread/TRACE] [net.minecraftforge.registries.ForgeRegistry/REGISTRIES]: Registry minecraft:sound_event add: minecraft:block.netherite_block.hit 528 net.minecraft.util.SoundEvent@14d94f5d (req. id 528)
[27Sep2026 09:11:46.116] [Server thread/TRACE] [net.minecraftforge.registries.ForgeRegistry/REGISTRIES]: Registry minecraft:sound_event add: minecraft:block.netherite_block.fall 529 net.minecraft.util.SoundEvent@14285be8 (req. id 529)
[27Sep2026 09:11:46.116] [Server thread/TRACE] [net.minecraftforge.registries.ForgeRegistry/REGISTRIES]: Registry minecraft:sound_event add: minecraft:block.netherrack.break 530 net.minecraft.util.SoundEvent@4ccfa8d3 (req. id 530)
[27Sep2026 09:11:46.116] [Server thread/TRACE] [net.minecraftforge.registries.ForgeRegistry/REGISTRIES]: Registry minecraft:sound_event add: minecraft:block.netherrack.step 531 net.minecraft.util.SoundEvent@2ae0b07a (req. id 531)
[27Sep2026 09:11:46.116] [Server thread/TRACE] [net.minecraftforge.registries.ForgeRegistry/REGISTRIES]: Registry minecraft:sound_event add: minecraft:block.netherrack.place 532 net.minecraft.util.SoundEvent@31d29650 (req. id 532)
[27Sep2026 09:11:46.116] [Server thread/TRACE] [net.minecraftforge.registries.ForgeRegistry/REGISTRIES]: Registry minecraft:sound_event add: minecraft:block.netherrack.hit 533 net.minecraft.util.SoundEvent@2aeb7476 (req. id 533)
[27Sep2026 09:11:46.116] [Server thread/TRACE] [net.minecraftforge.registries.ForgeRegistry/REGISTRIES]: Registry minecraft:sound_event add: minecraft:block.netherrack.fall 534 net.minecraft.util.SoundEvent@78753f0b (req. id 534)
[27Sep2026 09:11:46.116] [Server thread/TRACE] [net.minecraftforge.registries.ForgeRegistry/REGISTRIES]: Registry minecraft:sound_event add: minecraft:block.note_block.basedrum 535 net.minecraft.util.SoundEvent@1f89476b (req. id 535)
[27Sep2026 09:11:46.116] [Server thread/TRACE] [net.minecraftforge.registries.ForgeRegistry/REGISTRIES]: Registry minecraft:sound_event add: minecraft:block.note_block.bass 536 net.minecraft.util.SoundEvent@66ce33e6 (req. id 536)
[27Sep2026 09:11:46.116] [Server thread/TRACE] [net.minecraftforge.registries.ForgeRegistry/REGISTRIES]: Registry minecraft:sound_event add: minecraft:block.note_block.bell 537 net.minecraft.util.SoundEvent@768a0436 (req. id 537)
[27Sep2026 09:11:46.116] [Server thread/TRACE] [net.minecraftforge.registries.ForgeRegistry/REGISTRIES]: Registry minecraft:sound_event add: minecraft:block.note_block.chime 538 net.minecraft.util.SoundEvent@b330025 (req. id 538)
[27Sep2026 09:11:46.116] [Server thread/TRACE] [net.minecraftforge.registries.ForgeRegistry/REGISTRIES]: Registry minecraft:sound_event add: minecraft:block.note_block.flute 539 net.minecraft.util.SoundEvent@754f1a25 (req. id 539)
[27Sep2026 09:11:46.116] [Server thread/TRACE] [net.minecraftforge.registries.ForgeRegistry/REGISTRIES]: Registry minecraft:sound_event add: minecraft:block.note_block.guitar 540 net.minecraft.util.SoundEvent@1f973c77 (req. id 540)
[27Sep2026 09:11:46.116] [Server thread/TRACE] [net.minecraftforge.registries.ForgeRegistry/REGISTRIES]: Registry minecraft:sound_event add: minecraft:block.note_block.harp 541 net.minecraft.util.SoundEvent@617286cb (req. id 541)
[27Sep2026 09:11:46.116] [Server thread/TRACE] [net.minecraftforge.registries.ForgeRegistry/REGISTRIES]: Registry minecraft:sound_event add: minecraft:block.note_block.hat 542 net.minecraft.util.SoundEvent@312cb022 (req. id 542)
[27Sep2026 09:11:46.116] [Server thread/TRACE] [net.minecraftforge.registries.ForgeRegistry/REGISTRIES]: Registry minecraft:sound_event add: minecraft:block.note_block.pling 543 net.minecraft.util.SoundEvent@66aaa5a (req. id 543)
[27Sep2026 09:11:46.116] [Server thread/TRACE] [net.minecraftforge.registries.ForgeRegistry/REGISTRIES]: Registry minecraft:sound_event add: minecraft:block.note_block.snare 544 net.minecraft.util.SoundEvent@37d04eba (req. id 544)
[27Sep2026 09:11:46.116] [Server thread/TRACE] [net.minecraftforge.registries.ForgeRegistry/REGISTRIES]: Registry minecraft:sound_event add: minecraft:block.note_block.xylophone 545 net.minecraft.util.SoundEvent@4f1fa75b (req. id 545)
[27Sep2026 09:11:46.116] [Server thread/TRACE] [net.minecraftforge.registries.ForgeRegistry/REGISTRIES]: Registry minecraft:sound_event add: minecraft:block.note_block.iron_xylophone 546 net.minecraft.util.SoundEvent@10c5f24b (req. id 546)
[27Sep2026 09:11:46.116] [Server thread/TRACE] [net.minecraftforge.registries.ForgeRegistry/REGISTRIES]: Registry minecraft:sound_event add: minecraft:block.note_block.cow_bell 547 net.minecraft.util.SoundEvent@3d70b2ad (req. id 547)
[27Sep2026 09:11:46.116] [Server thread/TRACE] [net.minecraftforge.registries.ForgeRegistry/REGISTRIES]: Registry minecraft:sound_event add: minecraft:block.note_block.didgeridoo 548 net.minecraft.util.SoundEvent@2a80a47d (req. id 548)
[27Sep2026 09:11:46.116] [Server thread/TRACE] [net.minecraftforge.registries.ForgeRegistry/REGISTRIES]: Registry minecraft:sound_event add: minecraft:block.note_block.bit 549 net.minecraft.util.SoundEvent@11710adc (req. id 549)
[27Sep2026 09:11:46.116] [Server thread/TRACE] [net.minecraftforge.registries.ForgeRegistry/REGISTRIES]: Registry minecraft:sound_event add: minecraft:block.note_block.banjo 550 net.minecraft.util.SoundEvent@2715575 (req. id 550)
[27Sep2026 09:11:46.116] [Server thread/TRACE] [net.minecraftforge.registries.ForgeRegistry/REGISTRIES]: Registry minecraft:sound_event add: minecraft:entity.ocelot.hurt 551 net.minecraft.util.SoundEvent@6ad94b5a (req. id 551)
[27Sep2026 09:11:46.116] [Server thread/TRACE] [net.minecraftforge.registries.ForgeRegistry/REGISTRIES]: Registry minecraft:sound_event add: minecraft:entity.ocelot.ambient 552 net.minecraft.util.SoundEvent@22a39226 (req. id 552)
[27Sep2026 09:11:46.116] [Server thread/TRACE] [net.minecraftforge.registries.ForgeRegistry/REGISTRIES]: Registry minecraft:sound_event add: minecraft:entity.ocelot.death 553 net.minecraft.util.SoundEvent@26517f3b (req. id 553)
[27Sep2026 09:11:46.116] [Server thread/TRACE] [net.minecraftforge.registries.ForgeRegistry/REGISTRIES]: Registry minecraft:sound_event add: minecraft:entity.painting.break 554 net.minecraft.util.SoundEvent@505c9cf5 (req. id 554)
[27Sep2026 09:11:46.116] [Server thread/TRACE] [net.minecraftforge.registries.ForgeRegistry/REGISTRIES]: Registry minecraft:sound_event add: minecraft:entity.painting.place 555 net.minecraft.util.SoundEvent@6436e1b2 (req. id 555)
[27Sep2026 09:11:46.116] [Server thread/TRACE] [net.minecraftforge.registries.ForgeRegistry/REGISTRIES]: Registry minecraft:sound_event add: minecraft:entity.panda.pre_sneeze 556 net.minecraft.util.SoundEvent@29e5636e (req. id 556)
[27Sep2026 09:11:46.116] [Server thread/TRACE] [net.minecraftforge.registries.ForgeRegistry/REGISTRIES]: Registry minecraft:sound_event add: minecraft:entity.panda.sneeze 557 net.minecraft.util.SoundEvent@570c62fa (req. id 557)
[27Sep2026 09:11:46.116] [Server thread/TRACE] [net.minecraftforge.registries.ForgeRegistry/REGISTRIES]: Registry minecraft:sound_event add: minecraft:entity.panda.ambient 558 net.minecraft.util.SoundEvent@61aa726c (req. id 558)
[27Sep2026 09:11:46.116] [Server thread/TRACE] [net.minecraftforge.registries.ForgeRegistry/REGISTRIES]: Registry minecraft:sound_event add: minecraft:entity.panda.death 559 net.minecraft.util.SoundEvent@10068424 (req. id 559)
[27Sep2026 09:11:46.116] [Server thread/TRACE] [net.minecraftforge.registries.ForgeRegistry/REGISTRIES]: Registry minecraft:sound_event add: minecraft:entity.panda.eat 560 net.minecraft.util.SoundEvent@20a6673d (req. id 560)
[27Sep2026 09:11:46.116] [Server thread/TRACE] [net.minecraftforge.registries.ForgeRegistry/REGISTRIES]: Registry minecraft:sound_event add: minecraft:entity.panda.step 561 net.minecraft.util.SoundEvent@481f81cd (req. id 561)
[27Sep2026 09:11:46.116] [Server thread/TRACE] [net.minecraftforge.registries.ForgeRegistry/REGISTRIES]: Registry minecraft:sound_event add: minecraft:entity.panda.cant_breed 562 net.minecraft.util.SoundEvent@5461622c (req. id 562)
[27Sep2026 09:11:46.116] [Server thread/TRACE] [net.minecraftforge.registries.ForgeRegistry/REGISTRIES]: Registry minecraft:sound_event add: minecraft:entity.panda.aggressive_ambient 563 net.minecraft.util.SoundEvent@1327138e (req. id 563)
[27Sep2026 09:11:46.116] [Server thread/TRACE] [net.minecraftforge.registries.ForgeRegistry/REGISTRIES]: Registry minecraft:sound_event add: minecraft:entity.panda.worried_ambient 564 net.minecraft.util.SoundEvent@3241889c (req. id 564)
[27Sep2026 09:11:46.116] [Server thread/TRACE] [net.minecraftforge.registries.ForgeRegistry/REGISTRIES]: Registry minecraft:sound_event add: minecraft:entity.panda.hurt 565 net.minecraft.util.SoundEvent@7effcfbe (req. id 565)
[27Sep2026 09:11:46.116] [Server thread/TRACE] [net.minecraftforge.registries.ForgeRegistry/REGISTRIES]: Registry minecraft:sound_event add: minecraft:entity.panda.bite 566 net.minecraft.util.SoundEvent@5adade8 (req. id 566)
[27Sep2026 09:11:46.116] [Server thread/TRACE] [net.minecraftforge.registries.ForgeRegistry/REGISTRIES]: Registry minecraft:sound_event add: minecraft:entity.parrot.ambient 567 net.minecraft.util.SoundEvent@9e544d4 (req. id 567)
[27Sep2026 09:11:46.116] [Server thread/TRACE] [net.minecraftforge.registries.ForgeRegistry/REGISTRIES]: Registry minecraft:sound_event add: minecraft:entity.parrot.death 568 net.minecraft.util.SoundEvent@696344f7 (req. id 568)
[27Sep2026 09:11:46.116] [Server thread/TRACE] [net.minecraftforge.registries.ForgeRegistry/REGISTRIES]: Registry minecraft:sound_event add: minecraft:entity.parrot.eat 569 net.minecraft.util.SoundEvent@15206cd3 (req. id 569)
[27Sep2026 09:11:46.116] [Server thread/TRACE] [net.minecraftforge.registries.ForgeRegistry/REGISTRIES]: Registry minecraft:sound_event add: minecraft:entity.parrot.fly 570 net.minecraft.util.SoundEvent@6806a88c (req. id 570)
[27Sep2026 09:11:46.116] [Server thread/TRACE] [net.minecraftforge.registries.ForgeRegistry/REGISTRIES]: Registry minecraft:sound_event add: minecraft:entity.parrot.hurt 571 net.minecraft.util.SoundEvent@5787f0d (req. id 571)
[27Sep2026 09:11:46.116] [Server thread/TRACE] [net.minecraftforge.registries.ForgeRegistry/REGISTRIES]: Registry minecraft:sound_event add: minecraft:entity.parrot.imitate.blaze 572 net.minecraft.util.SoundEvent@604f71bf (req. id 572)
[27Sep2026 09:11:46.116] [Server thread/TRACE] [net.minecraftforge.registries.ForgeRegistry/REGISTRIES]: Registry minecraft:sound_event add: minecraft:entity.parrot.imitate.creeper 573 net.minecraft.util.SoundEvent@45b0d34e (req. id 573)
[27Sep2026 09:11:46.116] [Server thread/TRACE] [net.minecraftforge.registries.ForgeRegistry/REGISTRIES]: Registry minecraft:sound_event add: minecraft:entity.parrot.imitate.drowned 574 net.minecraft.util.SoundEvent@45926493 (req. id 574)
[27Sep2026 09:11:46.116] [Server thread/TRACE] [net.minecraftforge.registries.ForgeRegistry/REGISTRIES]: Registry minecraft:sound_event add: minecraft:entity.parrot.imitate.elder_guardian 575 net.minecraft.util.SoundEvent@45e2386d (req. id 575)
[27Sep2026 09:11:46.116] [Server thread/TRACE] [net.minecraftforge.registries.ForgeRegistry/REGISTRIES]: Registry minecraft:sound_event add: minecraft:entity.parrot.imitate.ender_dragon 576 net.minecraft.util.SoundEvent@6dfee4e9 (req. id 576)
[27Sep2026 09:11:46.116] [Server thread/TRACE] [net.minecraftforge.registries.ForgeRegistry/REGISTRIES]: Registry minecraft:sound_event add: minecraft:entity.parrot.imitate.endermite 577 net.minecraft.util.SoundEvent@22d9fd2 (req. id 577)
[27Sep2026 09:11:46.116] [Server thread/TRACE] [net.minecraftforge.registries.ForgeRegistry/REGISTRIES]: Registry minecraft:sound_event add: minecraft:entity.parrot.imitate.evoker 578 net.minecraft.util.SoundEvent@22d38300 (req. id 578)
[27Sep2026 09:11:46.116] [Server thread/TRACE] [net.minecraftforge.registries.ForgeRegistry/REGISTRIES]: Registry minecraft:sound_event add: minecraft:entity.parrot.imitate.ghast 579 net.minecraft.util.SoundEvent@41139df0 (req. id 579)
[27Sep2026 09:11:46.116] [Server thread/TRACE] [net.minecraftforge.registries.ForgeRegistry/REGISTRIES]: Registry minecraft:sound_event add: minecraft:entity.parrot.imitate.guardian 580 net.minecraft.util.SoundEvent@2abd27c6 (req. id 580)
[27Sep2026 09:11:46.116] [Server thread/TRACE] [net.minecraftforge.registries.ForgeRegistry/REGISTRIES]: Registry minecraft:sound_event add: minecraft:entity.parrot.imitate.hoglin 581 net.minecraft.util.SoundEvent@2f3828c2 (req. id 581)
[27Sep2026 09:11:46.116] [Server thread/TRACE] [net.minecraftforge.registries.ForgeRegistry/REGISTRIES]: Registry minecraft:sound_event add: minecraft:entity.parrot.imitate.husk 582 net.minecraft.util.SoundEvent@f612ece (req. id 582)
[27Sep2026 09:11:46.116] [Server thread/TRACE] [net.minecraftforge.registries.ForgeRegistry/REGISTRIES]: Registry minecraft:sound_event add: minecraft:entity.parrot.imitate.illusioner 583 net.minecraft.util.SoundEvent@41899d82 (req. id 583)
[27Sep2026 09:11:46.117] [Server thread/TRACE] [net.minecraftforge.registries.ForgeRegistry/REGISTRIES]: Registry minecraft:sound_event add: minecraft:entity.parrot.imitate.magma_cube 584 net.minecraft.util.SoundEvent@1b4c7390 (req. id 584)
[27Sep2026 09:11:46.117] [Server thread/TRACE] [net.minecraftforge.registries.ForgeRegistry/REGISTRIES]: Registry minecraft:sound_event add: minecraft:entity.parrot.imitate.phantom 585 net.minecraft.util.SoundEvent@504337c5 (req. id 585)
[27Sep2026 09:11:46.117] [Server thread/TRACE] [net.minecraftforge.registries.ForgeRegistry/REGISTRIES]: Registry minecraft:sound_event add: minecraft:entity.parrot.imitate.piglin 586 net.minecraft.util.SoundEvent@682a3ef0 (req. id 586)
[27Sep2026 09:11:46.117] [Server thread/TRACE] [net.minecraftforge.registries.ForgeRegistry/REGISTRIES]: Registry minecraft:sound_event add: minecraft:entity.parrot.imitate.piglin_brute 587 net.minecraft.util.SoundEvent@1d85be37 (req. id 587)
[27Sep2026 09:11:46.117] [Server thread/TRACE] [net.minecraftforge.registries.ForgeRegistry/REGISTRIES]: Registry minecraft:sound_event add: minecraft:entity.parrot.imitate.pillager 588 net.minecraft.util.SoundEvent@27ab613e (req. id 588)
[27Sep2026 09:11:46.117] [Server thread/TRACE] [net.minecraftforge.registries.ForgeRegistry/REGISTRIES]: Registry minecraft:sound_event add: minecraft:entity.parrot.imitate.ravager 589 net.minecraft.util.SoundEvent@41a968cd (req. id 589)
[27Sep2026 09:11:46.117] [Server thread/TRACE] [net.minecraftforge.registries.ForgeRegistry/REGISTRIES]: Registry minecraft:sound_event add: minecraft:entity.parrot.imitate.shulker 590 net.minecraft.util.SoundEvent@7b91fd91 (req. id 590)
[27Sep2026 09:11:46.117] [Server thread/TRACE] [net.minecraftforge.registries.ForgeRegistry/REGISTRIES]: Registry minecraft:sound_event add: minecraft:entity.parrot.imitate.silverfish 591 net.minecraft.util.SoundEvent@66d8aec8 (req. id 591)
[27Sep2026 09:11:46.117] [Server thread/TRACE] [net.minecraftforge.registries.ForgeRegistry/REGISTRIES]: Registry minecraft:sound_event add: minecraft:entity.parrot.imitate.skeleton 592 net.minecraft.util.SoundEvent@45a806d4 (req. id 592)
[27Sep2026 09:11:46.117] [Server thread/TRACE] [net.minecraftforge.registries.ForgeRegistry/REGISTRIES]: Registry minecraft:sound_event add: minecraft:entity.parrot.imitate.slime 593 net.minecraft.util.SoundEvent@54cbab97 (req. id 593)
[27Sep2026 09:11:46.117] [Server thread/TRACE] [net.minecraftforge.registries.ForgeRegistry/REGISTRIES]: Registry minecraft:sound_event add: minecraft:entity.parrot.imitate.spider 594 net.minecraft.util.SoundEvent@25b58de (req. id 594)
[27Sep2026 09:11:46.117] [Server thread/TRACE] [net.minecraftforge.registries.ForgeRegistry/REGISTRIES]: Registry minecraft:sound_event add: minecraft:entity.parrot.imitate.stray 595 net.minecraft.util.SoundEvent@1a9766c0 (req. id 595)
[27Sep2026 09:11:46.117] [Server thread/TRACE] [net.minecraftforge.registries.ForgeRegistry/REGISTRIES]: Registry minecraft:sound_event add: minecraft:entity.parrot.imitate.vex 596 net.minecraft.util.SoundEvent@60250a32 (req. id 596)
[27Sep2026 09:11:46.117] [Server thread/TRACE] [net.minecraftforge.registries.ForgeRegistry/REGISTRIES]: Registry minecraft:sound_event add: minecraft:entity.parrot.imitate.vindicator 597 net.minecraft.util.SoundEvent@63cf028e (req. id 597)
[27Sep2026 09:11:46.117] [Server thread/TRACE] [net.minecraftforge.registries.ForgeRegistry/REGISTRIES]: Registry minecraft:sound_event add: minecraft:entity.parrot.imitate.witch 598 net.minecraft.util.SoundEvent@56e6b83a (req. id 598)
[27Sep2026 09:11:46.117] [Server thread/TRACE] [net.minecraftforge.registries.ForgeRegistry/REGISTRIES]: Registry minecraft:sound_event add: minecraft:entity.parrot.imitate.wither 599 net.minecraft.util.SoundEvent@1151a328 (req. id 599)
[27Sep2026 09:11:46.117] [Server thread/TRACE] [net.minecraftforge.registries.ForgeRegistry/REGISTRIES]: Registry minecraft:sound_event add: minecraft:entity.parrot.imitate.wither_skeleton 600 net.minecraft.util.SoundEvent@6d48cb7b (req. id 600)
[27Sep2026 09:11:46.117] [Server thread/TRACE] [net.minecraftforge.registries.ForgeRegistry/REGISTRIES]: Registry minecraft:sound_event add: minecraft:entity.parrot.imitate.zoglin 601 net.minecraft.util.SoundEvent@15a71a8e (req. id 601)
[27Sep2026 09:11:46.117] [Server thread/TRACE] [net.minecraftforge.registries.ForgeRegistry/REGISTRIES]: Registry minecraft:sound_event add: minecraft:entity.parrot.imitate.zombie 602 net.minecraft.util.SoundEvent@371467ec (req. id 602)
[27Sep2026 09:11:46.117] [Server thread/TRACE] [net.minecraftforge.registries.ForgeRegistry/REGISTRIES]: Registry minecraft:sound_event add: minecraft:entity.parrot.imitate.zombie_villager 603 net.minecraft.util.SoundEvent@3a3f9b68 (req. id 603)
[27Sep2026 09:11:46.117] [Server thread/TRACE] [net.minecraftforge.registries.ForgeRegistry/REGISTRIES]: Registry minecraft:sound_event add: minecraft:entity.parrot.step 604 net.minecraft.util.SoundEvent@36b74831 (req. id 604)
[27Sep2026 09:11:46.117] [Server thread/TRACE] [net.minecraftforge.registries.ForgeRegistry/REGISTRIES]: Registry minecraft:sound_event add: minecraft:entity.phantom.ambient 605 net.minecraft.util.SoundEvent@1cbd1013 (req. id 605)
[27Sep2026 09:11:46.117] [Server thread/TRACE] [net.minecraftforge.registries.ForgeRegistry/REGISTRIES]: Registry minecraft:sound_event add: minecraft:entity.phantom.bite 606 net.minecraft.util.SoundEvent@536be963 (req. id 606)
[27Sep2026 09:11:46.117] [Server thread/TRACE] [net.minecraftforge.registries.ForgeRegistry/REGISTRIES]: Registry minecraft:sound_event add: minecraft:entity.phantom.death 607 net.minecraft.util.SoundEvent@5a7f5704 (req. id 607)
[27Sep2026 09:11:46.117] [Server thread/TRACE] [net.minecraftforge.registries.ForgeRegistry/REGISTRIES]: Registry minecraft:sound_event add: minecraft:entity.phantom.flap 608 net.minecraft.util.SoundEvent@50b8f3f4 (req. id 608)
[27Sep2026 09:11:46.117] [Server thread/TRACE] [net.minecraftforge.registries.ForgeRegistry/REGISTRIES]: Registry minecraft:sound_event add: minecraft:entity.phantom.hurt 609 net.minecraft.util.SoundEvent@5e478c05 (req. id 609)
[27Sep2026 09:11:46.117] [Server thread/TRACE] [net.minecraftforge.registries.ForgeRegistry/REGISTRIES]: Registry minecraft:sound_event add: minecraft:entity.phantom.swoop 610 net.minecraft.util.SoundEvent@38457fe0 (req. id 610)
[27Sep2026 09:11:46.117] [Server thread/TRACE] [net.minecraftforge.registries.ForgeRegistry/REGISTRIES]: Registry minecraft:sound_event add: minecraft:entity.pig.ambient 611 net.minecraft.util.SoundEvent@1a428c86 (req. id 611)
[27Sep2026 09:11:46.117] [Server thread/TRACE] [net.minecraftforge.registries.ForgeRegistry/REGISTRIES]: Registry minecraft:sound_event add: minecraft:entity.pig.death 612 net.minecraft.util.SoundEvent@2df16364 (req. id 612)
[27Sep2026 09:11:46.117] [Server thread/TRACE] [net.minecraftforge.registries.ForgeRegistry/REGISTRIES]: Registry minecraft:sound_event add: minecraft:entity.pig.hurt 613 net.minecraft.util.SoundEvent@41fae78a (req. id 613)
[27Sep2026 09:11:46.117] [Server thread/TRACE] [net.minecraftforge.registries.ForgeRegistry/REGISTRIES]: Registry minecraft:sound_event add: minecraft:entity.pig.saddle 614 net.minecraft.util.SoundEvent@67a361df (req. id 614)
[27Sep2026 09:11:46.117] [Server thread/TRACE] [net.minecraftforge.registries.ForgeRegistry/REGISTRIES]: Registry minecraft:sound_event add: minecraft:entity.pig.step 615 net.minecraft.util.SoundEvent@bac3dd8 (req. id 615)
[27Sep2026 09:11:46.117] [Server thread/TRACE] [net.minecraftforge.registries.ForgeRegistry/REGISTRIES]: Registry minecraft:sound_event add: minecraft:entity.piglin.admiring_item 616 net.minecraft.util.SoundEvent@1c928ba4 (req. id 616)
[27Sep2026 09:11:46.117] [Server thread/TRACE] [net.minecraftforge.registries.ForgeRegistry/REGISTRIES]: Registry minecraft:sound_event add: minecraft:entity.piglin.ambient 617 net.minecraft.util.SoundEvent@4e724d2b (req. id 617)
[27Sep2026 09:11:46.117] [Server thread/TRACE] [net.minecraftforge.registries.ForgeRegistry/REGISTRIES]: Registry minecraft:sound_event add: minecraft:entity.piglin.angry 618 net.minecraft.util.SoundEvent@7207b676 (req. id 618)
[27Sep2026 09:11:46.117] [Server thread/TRACE] [net.minecraftforge.registries.ForgeRegistry/REGISTRIES]: Registry minecraft:sound_event add: minecraft:entity.piglin.celebrate 619 net.minecraft.util.SoundEvent@2444d0fc (req. id 619)
[27Sep2026 09:11:46.117] [Server thread/TRACE] [net.minecraftforge.registries.ForgeRegistry/REGISTRIES]: Registry minecraft:sound_event add: minecraft:entity.piglin.death 620 net.minecraft.util.SoundEvent@6eddd37a (req. id 620)
[27Sep2026 09:11:46.117] [Server thread/TRACE] [net.minecraftforge.registries.ForgeRegistry/REGISTRIES]: Registry minecraft:sound_event add: minecraft:entity.piglin.jealous 621 net.minecraft.util.SoundEvent@1bec6b24 (req. id 621)
[27Sep2026 09:11:46.117] [Server thread/TRACE] [net.minecraftforge.registries.ForgeRegistry/REGISTRIES]: Registry minecraft:sound_event add: minecraft:entity.piglin.hurt 622 net.minecraft.util.SoundEvent@757d5982 (req. id 622)
[27Sep2026 09:11:46.117] [Server thread/TRACE] [net.minecraftforge.registries.ForgeRegistry/REGISTRIES]: Registry minecraft:sound_event add: minecraft:entity.piglin.retreat 623 net.minecraft.util.SoundEvent@55980987 (req. id 623)
[27Sep2026 09:11:46.117] [Server thread/TRACE] [net.minecraftforge.registries.ForgeRegistry/REGISTRIES]: Registry minecraft:sound_event add: minecraft:entity.piglin.step 624 net.minecraft.util.SoundEvent@4bc329ed (req. id 624)
[27Sep2026 09:11:46.117] [Server thread/TRACE] [net.minecraftforge.registries.ForgeRegistry/REGISTRIES]: Registry minecraft:sound_event add: minecraft:entity.piglin.converted_to_zombified 625 net.minecraft.util.SoundEvent@443fcf0e (req. id 625)
[27Sep2026 09:11:46.117] [Server thread/TRACE] [net.minecraftforge.registries.ForgeRegistry/REGISTRIES]: Registry minecraft:sound_event add: minecraft:entity.piglin_brute.ambient 626 net.minecraft.util.SoundEvent@48a28f14 (req. id 626)
[27Sep2026 09:11:46.117] [Server thread/TRACE] [net.minecraftforge.registries.ForgeRegistry/REGISTRIES]: Registry minecraft:sound_event add: minecraft:entity.piglin_brute.angry 627 net.minecraft.util.SoundEvent@25ca4ba2 (req. id 627)
[27Sep2026 09:11:46.117] [Server thread/TRACE] [net.minecraftforge.registries.ForgeRegistry/REGISTRIES]: Registry minecraft:sound_event add: minecraft:entity.piglin_brute.death 628 net.minecraft.util.SoundEvent@13ea1ba4 (req. id 628)
[27Sep2026 09:11:46.117] [Server thread/TRACE] [net.minecraftforge.registries.ForgeRegistry/REGISTRIES]: Registry minecraft:sound_event add: minecraft:entity.piglin_brute.hurt 629 net.minecraft.util.SoundEvent@73a54d7d (req. id 629)
[27Sep2026 09:11:46.117] [Server thread/TRACE] [net.minecraftforge.registries.ForgeRegistry/REGISTRIES]: Registry minecraft:sound_event add: minecraft:entity.piglin_brute.step 630 net.minecraft.util.SoundEvent@219963bc (req. id 630)
[27Sep2026 09:11:46.117] [Server thread/TRACE] [net.minecraftforge.registries.ForgeRegistry/REGISTRIES]: Registry minecraft:sound_event add: minecraft:entity.piglin_brute.converted_to_zombified 631 net.minecraft.util.SoundEvent@45259572 (req. id 631)
[27Sep2026 09:11:46.117] [Server thread/TRACE] [net.minecraftforge.registries.ForgeRegistry/REGISTRIES]: Registry minecraft:sound_event add: minecraft:entity.pillager.ambient 632 net.minecraft.util.SoundEvent@2b33fa10 (req. id 632)
[27Sep2026 09:11:46.117] [Server thread/TRACE] [net.minecraftforge.registries.ForgeRegistry/REGISTRIES]: Registry minecraft:sound_event add: minecraft:entity.pillager.celebrate 633 net.minecraft.util.SoundEvent@6cf6fbfb (req. id 633)
[27Sep2026 09:11:46.117] [Server thread/TRACE] [net.minecraftforge.registries.ForgeRegistry/REGISTRIES]: Registry minecraft:sound_event add: minecraft:entity.pillager.death 634 net.minecraft.util.SoundEvent@51746112 (req. id 634)
[27Sep2026 09:11:46.117] [Server thread/TRACE] [net.minecraftforge.registries.ForgeRegistry/REGISTRIES]: Registry minecraft:sound_event add: minecraft:entity.pillager.hurt 635 net.minecraft.util.SoundEvent@43c12eb7 (req. id 635)
[27Sep2026 09:11:46.117] [Server thread/TRACE] [net.minecraftforge.registries.ForgeRegistry/REGISTRIES]: Registry minecraft:sound_event add: minecraft:block.piston.contract 636 net.minecraft.util.SoundEvent@343ac3dd (req. id 636)
[27Sep2026 09:11:46.117] [Server thread/TRACE] [net.minecraftforge.registries.ForgeRegistry/REGISTRIES]: Registry minecraft:sound_event add: minecraft:block.piston.extend 637 net.minecraft.util.SoundEvent@413f14c2 (req. id 637)
[27Sep2026 09:11:46.117] [Server thread/TRACE] [net.minecraftforge.registries.ForgeRegistry/REGISTRIES]: Registry minecraft:sound_event add: minecraft:entity.player.attack.crit 638 net.minecraft.util.SoundEvent@3d2c69a2 (req. id 638)
[27Sep2026 09:11:46.117] [Server thread/TRACE] [net.minecraftforge.registries.ForgeRegistry/REGISTRIES]: Registry minecraft:sound_event add: minecraft:entity.player.attack.knockback 639 net.minecraft.util.SoundEvent@6b64f597 (req. id 639)
[27Sep2026 09:11:46.117] [Server thread/TRACE] [net.minecraftforge.registries.ForgeRegistry/REGISTRIES]: Registry minecraft:sound_event add: minecraft:entity.player.attack.nodamage 640 net.minecraft.util.SoundEvent@d3914f5 (req. id 640)
[27Sep2026 09:11:46.118] [Server thread/TRACE] [net.minecraftforge.registries.ForgeRegistry/REGISTRIES]: Registry minecraft:sound_event add: minecraft:entity.player.attack.strong 641 net.minecraft.util.SoundEvent@2d5cf728 (req. id 641)
[27Sep2026 09:11:46.118] [Server thread/TRACE] [net.minecraftforge.registries.ForgeRegistry/REGISTRIES]: Registry minecraft:sound_event add: minecraft:entity.player.attack.sweep 642 net.minecraft.util.SoundEvent@3cb7805 (req. id 642)
[27Sep2026 09:11:46.118] [Server thread/TRACE] [net.minecraftforge.registries.ForgeRegistry/REGISTRIES]: Registry minecraft:sound_event add: minecraft:entity.player.attack.weak 643 net.minecraft.util.SoundEvent@43d8a255 (req. id 643)
[27Sep2026 09:11:46.118] [Server thread/TRACE] [net.minecraftforge.registries.ForgeRegistry/REGISTRIES]: Registry minecraft:sound_event add: minecraft:entity.player.big_fall 644 net.minecraft.util.SoundEvent@71f5d03e (req. id 644)
[27Sep2026 09:11:46.118] [Server thread/TRACE] [net.minecraftforge.registries.ForgeRegistry/REGISTRIES]: Registry minecraft:sound_event add: minecraft:entity.player.breath 645 net.minecraft.util.SoundEvent@43c35ae5 (req. id 645)
[27Sep2026 09:11:46.118] [Server thread/TRACE] [net.minecraftforge.registries.ForgeRegistry/REGISTRIES]: Registry minecraft:sound_event add: minecraft:entity.player.burp 646 net.minecraft.util.SoundEvent@79f467c7 (req. id 646)
[27Sep2026 09:11:46.118] [Server thread/TRACE] [net.minecraftforge.registries.ForgeRegistry/REGISTRIES]: Registry minecraft:sound_event add: minecraft:entity.player.death 647 net.minecraft.util.SoundEvent@3aa60ec4 (req. id 647)
[27Sep2026 09:11:46.118] [Server thread/TRACE] [net.minecraftforge.registries.ForgeRegistry/REGISTRIES]: Registry minecraft:sound_event add: minecraft:entity.player.hurt 648 net.minecraft.util.SoundEvent@3edca380 (req. id 648)
[27Sep2026 09:11:46.118] [Server thread/TRACE] [net.minecraftforge.registries.ForgeRegistry/REGISTRIES]: Registry minecraft:sound_event add: minecraft:entity.player.hurt_drown 649 net.minecraft.util.SoundEvent@49993abf (req. id 649)
[27Sep2026 09:11:46.118] [Server thread/TRACE] [net.minecraftforge.registries.ForgeRegistry/REGISTRIES]: Registry minecraft:sound_event add: minecraft:entity.player.hurt_on_fire 650 net.minecraft.util.SoundEvent@52a20c0d (req. id 650)
[27Sep2026 09:11:46.118] [Server thread/TRACE] [net.minecraftforge.registries.ForgeRegistry/REGISTRIES]: Registry minecraft:sound_event add: minecraft:entity.player.hurt_sweet_berry_bush 651 net.minecraft.util.SoundEvent@7808cf0c (req. id 651)
[27Sep2026 09:11:46.118] [Server thread/TRACE] [net.minecraftforge.registries.ForgeRegistry/REGISTRIES]: Registry minecraft:sound_event add: minecraft:entity.player.levelup 652 net.minecraft.util.SoundEvent@318be0a (req. id 652)
[27Sep2026 09:11:46.118] [Server thread/TRACE] [net.minecraftforge.registries.ForgeRegistry/REGISTRIES]: Registry minecraft:sound_event add: minecraft:entity.player.small_fall 653 net.minecraft.util.SoundEvent@53b719c7 (req. id 653)
[27Sep2026 09:11:46.118] [Server thread/TRACE] [net.minecraftforge.registries.ForgeRegistry/REGISTRIES]: Registry minecraft:sound_event add: minecraft:entity.player.splash 654 net.minecraft.util.SoundEvent@7f65283d (req. id 654)
[27Sep2026 09:11:46.118] [Server thread/TRACE] [net.minecraftforge.registries.ForgeRegistry/REGISTRIES]: Registry minecraft:sound_event add: minecraft:entity.player.splash.high_speed 655 net.minecraft.util.SoundEvent@29c643e9 (req. id 655)
[27Sep2026 09:11:46.118] [Server thread/TRACE] [net.minecraftforge.registries.ForgeRegistry/REGISTRIES]: Registry minecraft:sound_event add: minecraft:entity.player.swim 656 net.minecraft.util.SoundEvent@56101692 (req. id 656)
[27Sep2026 09:11:46.118] [Server thread/TRACE] [net.minecraftforge.registries.ForgeRegistry/REGISTRIES]: Registry minecraft:sound_event add: minecraft:entity.polar_bear.ambient 657 net.minecraft.util.SoundEvent@6ce2a21d (req. id 657)
[27Sep2026 09:11:46.118] [Server thread/TRACE] [net.minecraftforge.registries.ForgeRegistry/REGISTRIES]: Registry minecraft:sound_event add: minecraft:entity.polar_bear.ambient_baby 658 net.minecraft.util.SoundEvent@1f3845f0 (req. id 658)
[27Sep2026 09:11:46.118] [Server thread/TRACE] [net.minecraftforge.registries.ForgeRegistry/REGISTRIES]: Registry minecraft:sound_event add: minecraft:entity.polar_bear.death 659 net.minecraft.util.SoundEvent@5a86ee38 (req. id 659)
[27Sep2026 09:11:46.118] [Server thread/TRACE] [net.minecraftforge.registries.ForgeRegistry/REGISTRIES]: Registry minecraft:sound_event add: minecraft:entity.polar_bear.hurt 660 net.minecraft.util.SoundEvent@2b89b479 (req. id 660)
[27Sep2026 09:11:46.118] [Server thread/TRACE] [net.minecraftforge.registries.ForgeRegistry/REGISTRIES]: Registry minecraft:sound_event add: minecraft:entity.polar_bear.step 661 net.minecraft.util.SoundEvent@7e69b10c (req. id 661)
[27Sep2026 09:11:46.118] [Server thread/TRACE] [net.minecraftforge.registries.ForgeRegistry/REGISTRIES]: Registry minecraft:sound_event add: minecraft:entity.polar_bear.warning 662 net.minecraft.util.SoundEvent@7f58d814 (req. id 662)
[27Sep2026 09:11:46.118] [Server thread/TRACE] [net.minecraftforge.registries.ForgeRegistry/REGISTRIES]: Registry minecraft:sound_event add: minecraft:block.portal.ambient 663 net.minecraft.util.SoundEvent@636f7312 (req. id 663)
[27Sep2026 09:11:46.118] [Server thread/TRACE] [net.minecraftforge.registries.ForgeRegistry/REGISTRIES]: Registry minecraft:sound_event add: minecraft:block.portal.travel 664 net.minecraft.util.SoundEvent@489c96b1 (req. id 664)
[27Sep2026 09:11:46.118] [Server thread/TRACE] [net.minecraftforge.registries.ForgeRegistry/REGISTRIES]: Registry minecraft:sound_event add: minecraft:block.portal.trigger 665 net.minecraft.util.SoundEvent@97e75b3 (req. id 665)
[27Sep2026 09:11:46.118] [Server thread/TRACE] [net.minecraftforge.registries.ForgeRegistry/REGISTRIES]: Registry minecraft:sound_event add: minecraft:entity.puffer_fish.ambient 666 net.minecraft.util.SoundEvent@4e50f1de (req. id 666)
[27Sep2026 09:11:46.118] [Server thread/TRACE] [net.minecraftforge.registries.ForgeRegistry/REGISTRIES]: Registry minecraft:sound_event add: minecraft:entity.puffer_fish.blow_out 667 net.minecraft.util.SoundEvent@510e9d90 (req. id 667)
[27Sep2026 09:11:46.118] [Server thread/TRACE] [net.minecraftforge.registries.ForgeRegistry/REGISTRIES]: Registry minecraft:sound_event add: minecraft:entity.puffer_fish.blow_up 668 net.minecraft.util.SoundEvent@e692648 (req. id 668)
[27Sep2026 09:11:46.118] [Server thread/TRACE] [net.minecraftforge.registries.ForgeRegistry/REGISTRIES]: Registry minecraft:sound_event add: minecraft:entity.puffer_fish.death 669 net.minecraft.util.SoundEvent@5b99b330 (req. id 669)
[27Sep2026 09:11:46.118] [Server thread/TRACE] [net.minecraftforge.registries.ForgeRegistry/REGISTRIES]: Registry minecraft:sound_event add: minecraft:entity.puffer_fish.flop 670 net.minecraft.util.SoundEvent@da5c097 (req. id 670)
[27Sep2026 09:11:46.118] [Server thread/TRACE] [net.minecraftforge.registries.ForgeRegistry/REGISTRIES]: Registry minecraft:sound_event add: minecraft:entity.puffer_fish.hurt 671 net.minecraft.util.SoundEvent@5dee8a56 (req. id 671)
[27Sep2026 09:11:46.118] [Server thread/TRACE] [net.minecraftforge.registries.ForgeRegistry/REGISTRIES]: Registry minecraft:sound_event add: minecraft:entity.puffer_fish.sting 672 net.minecraft.util.SoundEvent@38332186 (req. id 672)
[27Sep2026 09:11:46.118] [Server thread/TRACE] [net.minecraftforge.registries.ForgeRegistry/REGISTRIES]: Registry minecraft:sound_event add: minecraft:block.pumpkin.carve 673 net.minecraft.util.SoundEvent@27cecad2 (req. id 673)
[27Sep2026 09:11:46.118] [Server thread/TRACE] [net.minecraftforge.registries.ForgeRegistry/REGISTRIES]: Registry minecraft:sound_event add: minecraft:entity.rabbit.ambient 674 net.minecraft.util.SoundEvent@1cc870f2 (req. id 674)
[27Sep2026 09:11:46.118] [Server thread/TRACE] [net.minecraftforge.registries.ForgeRegistry/REGISTRIES]: Registry minecraft:sound_event add: minecraft:entity.rabbit.attack 675 net.minecraft.util.SoundEvent@4680eafe (req. id 675)
[27Sep2026 09:11:46.118] [Server thread/TRACE] [net.minecraftforge.registries.ForgeRegistry/REGISTRIES]: Registry minecraft:sound_event add: minecraft:entity.rabbit.death 676 net.minecraft.util.SoundEvent@3e034d15 (req. id 676)
[27Sep2026 09:11:46.118] [Server thread/TRACE] [net.minecraftforge.registries.ForgeRegistry/REGISTRIES]: Registry minecraft:sound_event add: minecraft:entity.rabbit.hurt 677 net.minecraft.util.SoundEvent@4e490dd1 (req. id 677)
[27Sep2026 09:11:46.118] [Server thread/TRACE] [net.minecraftforge.registries.ForgeRegistry/REGISTRIES]: Registry minecraft:sound_event add: minecraft:entity.rabbit.jump 678 net.minecraft.util.SoundEvent@63366aa7 (req. id 678)
[27Sep2026 09:11:46.118] [Server thread/TRACE] [net.minecraftforge.registries.ForgeRegistry/REGISTRIES]: Registry minecraft:sound_event add: minecraft:event.raid.horn 679 net.minecraft.util.SoundEvent@4fb19de4 (req. id 679)
[27Sep2026 09:11:46.118] [Server thread/TRACE] [net.minecraftforge.registries.ForgeRegistry/REGISTRIES]: Registry minecraft:sound_event add: minecraft:entity.ravager.ambient 680 net.minecraft.util.SoundEvent@39170a0d (req. id 680)
[27Sep2026 09:11:46.118] [Server thread/TRACE] [net.minecraftforge.registries.ForgeRegistry/REGISTRIES]: Registry minecraft:sound_event add: minecraft:entity.ravager.attack 681 net.minecraft.util.SoundEvent@671f733f (req. id 681)
[27Sep2026 09:11:46.118] [Server thread/TRACE] [net.minecraftforge.registries.ForgeRegistry/REGISTRIES]: Registry minecraft:sound_event add: minecraft:entity.ravager.celebrate 682 net.minecraft.util.SoundEvent@51b076c5 (req. id 682)
[27Sep2026 09:11:46.118] [Server thread/TRACE] [net.minecraftforge.registries.ForgeRegistry/REGISTRIES]: Registry minecraft:sound_event add: minecraft:entity.ravager.death 683 net.minecraft.util.SoundEvent@45294c03 (req. id 683)
[27Sep2026 09:11:46.118] [Server thread/TRACE] [net.minecraftforge.registries.ForgeRegistry/REGISTRIES]: Registry minecraft:sound_event add: minecraft:entity.ravager.hurt 684 net.minecraft.util.SoundEvent@39cd6649 (req. id 684)
[27Sep2026 09:11:46.118] [Server thread/TRACE] [net.minecraftforge.registries.ForgeRegistry/REGISTRIES]: Registry minecraft:sound_event add: minecraft:entity.ravager.step 685 net.minecraft.util.SoundEvent@5b8771d9 (req. id 685)
[27Sep2026 09:11:46.118] [Server thread/TRACE] [net.minecraftforge.registries.ForgeRegistry/REGISTRIES]: Registry minecraft:sound_event add: minecraft:entity.ravager.stunned 686 net.minecraft.util.SoundEvent@69599b58 (req. id 686)
[27Sep2026 09:11:46.119] [Server thread/TRACE] [net.minecraftforge.registries.ForgeRegistry/REGISTRIES]: Registry minecraft:sound_event add: minecraft:entity.ravager.roar 687 net.minecraft.util.SoundEvent@599d5f5f (req. id 687)
[27Sep2026 09:11:46.119] [Server thread/TRACE] [net.minecraftforge.registries.ForgeRegistry/REGISTRIES]: Registry minecraft:sound_event add: minecraft:block.nether_gold_ore.break 688 net.minecraft.util.SoundEvent@617ff2eb (req. id 688)
[27Sep2026 09:11:46.119] [Server thread/TRACE] [net.minecraftforge.registries.ForgeRegistry/REGISTRIES]: Registry minecraft:sound_event add: minecraft:block.nether_gold_ore.fall 689 net.minecraft.util.SoundEvent@1fe75a78 (req. id 689)
[27Sep2026 09:11:46.119] [Server thread/TRACE] [net.minecraftforge.registries.ForgeRegistry/REGISTRIES]: Registry minecraft:sound_event add: minecraft:block.nether_gold_ore.hit 690 net.minecraft.util.SoundEvent@603e0237 (req. id 690)
[27Sep2026 09:11:46.119] [Server thread/TRACE] [net.minecraftforge.registries.ForgeRegistry/REGISTRIES]: Registry minecraft:sound_event add: minecraft:block.nether_gold_ore.place 691 net.minecraft.util.SoundEvent@46dbd2ae (req. id 691)
[27Sep2026 09:11:46.119] [Server thread/TRACE] [net.minecraftforge.registries.ForgeRegistry/REGISTRIES]: Registry minecraft:sound_event add: minecraft:block.nether_gold_ore.step 692 net.minecraft.util.SoundEvent@683e40d5 (req. id 692)
[27Sep2026 09:11:46.119] [Server thread/TRACE] [net.minecraftforge.registries.ForgeRegistry/REGISTRIES]: Registry minecraft:sound_event add: minecraft:block.nether_ore.break 693 net.minecraft.util.SoundEvent@4050540e (req. id 693)
[27Sep2026 09:11:46.119] [Server thread/TRACE] [net.minecraftforge.registries.ForgeRegistry/REGISTRIES]: Registry minecraft:sound_event add: minecraft:block.nether_ore.fall 694 net.minecraft.util.SoundEvent@52c6fc23 (req. id 694)
[27Sep2026 09:11:46.119] [Server thread/TRACE] [net.minecraftforge.registries.ForgeRegistry/REGISTRIES]: Registry minecraft:sound_event add: minecraft:block.nether_ore.hit 695 net.minecraft.util.SoundEvent@3c6d2aef (req. id 695)
[27Sep2026 09:11:46.119] [Server thread/TRACE] [net.minecraftforge.registries.ForgeRegistry/REGISTRIES]: Registry minecraft:sound_event add: minecraft:block.nether_ore.place 696 net.minecraft.util.SoundEvent@7dfdd3b1 (req. id 696)
[27Sep2026 09:11:46.119] [Server thread/TRACE] [net.minecraftforge.registries.ForgeRegistry/REGISTRIES]: Registry minecraft:sound_event add: minecraft:block.nether_ore.step 697 net.minecraft.util.SoundEvent@23f0ee15 (req. id 697)
[27Sep2026 09:11:46.119] [Server thread/TRACE] [net.minecraftforge.registries.ForgeRegistry/REGISTRIES]: Registry minecraft:sound_event add: minecraft:block.redstone_torch.burnout 698 net.minecraft.util.SoundEvent@76f260c0 (req. id 698)
[27Sep2026 09:11:46.119] [Server thread/TRACE] [net.minecraftforge.registries.ForgeRegistry/REGISTRIES]: Registry minecraft:sound_event add: minecraft:block.respawn_anchor.ambient 699 net.minecraft.util.SoundEvent@3b593e63 (req. id 699)
[27Sep2026 09:11:46.119] [Server thread/TRACE] [net.minecraftforge.registries.ForgeRegistry/REGISTRIES]: Registry minecraft:sound_event add: minecraft:block.respawn_anchor.charge 700 net.minecraft.util.SoundEvent@7e292c88 (req. id 700)
[27Sep2026 09:11:46.119] [Server thread/TRACE] [net.minecraftforge.registries.ForgeRegistry/REGISTRIES]: Registry minecraft:sound_event add: minecraft:block.respawn_anchor.deplete 701 net.minecraft.util.SoundEvent@7105da44 (req. id 701)
[27Sep2026 09:11:46.119] [Server thread/TRACE] [net.minecraftforge.registries.ForgeRegistry/REGISTRIES]: Registry minecraft:sound_event add: minecraft:block.respawn_anchor.set_spawn 702 net.minecraft.util.SoundEvent@2fe6846b (req. id 702)
[27Sep2026 09:11:46.119] [Server thread/TRACE] [net.minecraftforge.registries.ForgeRegistry/REGISTRIES]: Registry minecraft:sound_event add: minecraft:entity.salmon.ambient 703 net.minecraft.util.SoundEvent@32d56c12 (req. id 703)
[27Sep2026 09:11:46.119] [Server thread/TRACE] [net.minecraftforge.registries.ForgeRegistry/REGISTRIES]: Registry minecraft:sound_event add: minecraft:entity.salmon.death 704 net.minecraft.util.SoundEvent@454e224e (req. id 704)
[27Sep2026 09:11:46.119] [Server thread/TRACE] [net.minecraftforge.registries.ForgeRegistry/REGISTRIES]: Registry minecraft:sound_event add: minecraft:entity.salmon.flop 705 net.minecraft.util.SoundEvent@ac91eb7 (req. id 705)
[27Sep2026 09:11:46.119] [Server thread/TRACE] [net.minecraftforge.registries.ForgeRegistry/REGISTRIES]: Registry minecraft:sound_event add: minecraft:entity.salmon.hurt 706 net.minecraft.util.SoundEvent@7c220d38 (req. id 706)
[27Sep2026 09:11:46.119] [Server thread/TRACE] [net.minecraftforge.registries.ForgeRegistry/REGISTRIES]: Registry minecraft:sound_event add: minecraft:block.sand.break 707 net.minecraft.util.SoundEvent@5b3b7a7e (req. id 707)
[27Sep2026 09:11:46.119] [Server thread/TRACE] [net.minecraftforge.registries.ForgeRegistry/REGISTRIES]: Registry minecraft:sound_event add: minecraft:block.sand.fall 708 net.minecraft.util.SoundEvent@44b2d974 (req. id 708)
[27Sep2026 09:11:46.119] [Server thread/TRACE] [net.minecraftforge.registries.ForgeRegistry/REGISTRIES]: Registry minecraft:sound_event add: minecraft:block.sand.hit 709 net.minecraft.util.SoundEvent@5251839 (req. id 709)
[27Sep2026 09:11:46.119] [Server thread/TRACE] [net.minecraftforge.registries.ForgeRegistry/REGISTRIES]: Registry minecraft:sound_event add: minecraft:block.sand.place 710 net.minecraft.util.SoundEvent@1ed3b266 (req. id 710)
[27Sep2026 09:11:46.119] [Server thread/TRACE] [net.minecraftforge.registries.ForgeRegistry/REGISTRIES]: Registry minecraft:sound_event add: minecraft:block.sand.step 711 net.minecraft.util.SoundEvent@3c9966a7 (req. id 711)
[27Sep2026 09:11:46.119] [Server thread/TRACE] [net.minecraftforge.registries.ForgeRegistry/REGISTRIES]: Registry minecraft:sound_event add: minecraft:block.scaffolding.break 712 net.minecraft.util.SoundEvent@76ddeddd (req. id 712)
[27Sep2026 09:11:46.119] [Server thread/TRACE] [net.minecraftforge.registries.ForgeRegistry/REGISTRIES]: Registry minecraft:sound_event add: minecraft:block.scaffolding.fall 713 net.minecraft.util.SoundEvent@5e5a0dbb (req. id 713)
[27Sep2026 09:11:46.119] [Server thread/TRACE] [net.minecraftforge.registries.ForgeRegistry/REGISTRIES]: Registry minecraft:sound_event add: minecraft:block.scaffolding.hit 714 net.minecraft.util.SoundEvent@5a7d59a3 (req. id 714)
[27Sep2026 09:11:46.119] [Server thread/TRACE] [net.minecraftforge.registries.ForgeRegistry/REGISTRIES]: Registry minecraft:sound_event add: minecraft:block.scaffolding.place 715 net.minecraft.util.SoundEvent@26497f94 (req. id 715)
[27Sep2026 09:11:46.119] [Server thread/TRACE] [net.minecraftforge.registries.ForgeRegistry/REGISTRIES]: Registry minecraft:sound_event add: minecraft:block.scaffolding.step 716 net.minecraft.util.SoundEvent@687ed2c6 (req. id 716)
[27Sep2026 09:11:46.119] [Server thread/TRACE] [net.minecraftforge.registries.ForgeRegistry/REGISTRIES]: Registry minecraft:sound_event add: minecraft:entity.sheep.ambient 717 net.minecraft.util.SoundEvent@7f7a220b (req. id 717)
[27Sep2026 09:11:46.119] [Server thread/TRACE] [net.minecraftforge.registries.ForgeRegistry/REGISTRIES]: Registry minecraft:sound_event add: minecraft:entity.sheep.death 718 net.minecraft.util.SoundEvent@850b208 (req. id 718)
[27Sep2026 09:11:46.119] [Server thread/TRACE] [net.minecraftforge.registries.ForgeRegistry/REGISTRIES]: Registry minecraft:sound_event add: minecraft:entity.sheep.hurt 719 net.minecraft.util.SoundEvent@43d302f0 (req. id 719)
[27Sep2026 09:11:46.119] [Server thread/TRACE] [net.minecraftforge.registries.ForgeRegistry/REGISTRIES]: Registry minecraft:sound_event add: minecraft:entity.sheep.shear 720 net.minecraft.util.SoundEvent@5e352a9d (req. id 720)
[27Sep2026 09:11:46.119] [Server thread/TRACE] [net.minecraftforge.registries.ForgeRegistry/REGISTRIES]: Registry minecraft:sound_event add: minecraft:entity.sheep.step 721 net.minecraft.util.SoundEvent@6728f5bb (req. id 721)
[27Sep2026 09:11:46.119] [Server thread/TRACE] [net.minecraftforge.registries.ForgeRegistry/REGISTRIES]: Registry minecraft:sound_event add: minecraft:item.shield.block 722 net.minecraft.util.SoundEvent@3cdb94a9 (req. id 722)
[27Sep2026 09:11:46.119] [Server thread/TRACE] [net.minecraftforge.registries.ForgeRegistry/REGISTRIES]: Registry minecraft:sound_event add: minecraft:item.shield.break 723 net.minecraft.util.SoundEvent@67b034c2 (req. id 723)
[27Sep2026 09:11:46.119] [Server thread/TRACE] [net.minecraftforge.registries.ForgeRegistry/REGISTRIES]: Registry minecraft:sound_event add: minecraft:block.shroomlight.break 724 net.minecraft.util.SoundEvent@5bba7b (req. id 724)
[27Sep2026 09:11:46.119] [Server thread/TRACE] [net.minecraftforge.registries.ForgeRegistry/REGISTRIES]: Registry minecraft:sound_event add: minecraft:block.shroomlight.step 725 net.minecraft.util.SoundEvent@7e3fe2d5 (req. id 725)
[27Sep2026 09:11:46.119] [Server thread/TRACE] [net.minecraftforge.registries.ForgeRegistry/REGISTRIES]: Registry minecraft:sound_event add: minecraft:block.shroomlight.place 726 net.minecraft.util.SoundEvent@2ff9dd95 (req. id 726)
[27Sep2026 09:11:46.119] [Server thread/TRACE] [net.minecraftforge.registries.ForgeRegistry/REGISTRIES]: Registry minecraft:sound_event add: minecraft:block.shroomlight.hit 727 net.minecraft.util.SoundEvent@3e8a3509 (req. id 727)
[27Sep2026 09:11:46.119] [Server thread/TRACE] [net.minecraftforge.registries.ForgeRegistry/REGISTRIES]: Registry minecraft:sound_event add: minecraft:block.shroomlight.fall 728 net.minecraft.util.SoundEvent@24e04b2b (req. id 728)
[27Sep2026 09:11:46.119] [Server thread/TRACE] [net.minecraftforge.registries.ForgeRegistry/REGISTRIES]: Registry minecraft:sound_event add: minecraft:item.shovel.flatten 729 net.minecraft.util.SoundEvent@47f46bc (req. id 729)
[27Sep2026 09:11:46.119] [Server thread/TRACE] [net.minecraftforge.registries.ForgeRegistry/REGISTRIES]: Registry minecraft:sound_event add: minecraft:entity.shulker.ambient 730 net.minecraft.util.SoundEvent@183e10a9 (req. id 730)
[27Sep2026 09:11:46.119] [Server thread/TRACE] [net.minecraftforge.registries.ForgeRegistry/REGISTRIES]: Registry minecraft:sound_event add: minecraft:block.shulker_box.close 731 net.minecraft.util.SoundEvent@585098 (req. id 731)
[27Sep2026 09:11:46.119] [Server thread/TRACE] [net.minecraftforge.registries.ForgeRegistry/REGISTRIES]: Registry minecraft:sound_event add: minecraft:block.shulker_box.open 732 net.minecraft.util.SoundEvent@64e18b7c (req. id 732)
[27Sep2026 09:11:46.119] [Server thread/TRACE] [net.minecraftforge.registries.ForgeRegistry/REGISTRIES]: Registry minecraft:sound_event add: minecraft:entity.shulker_bullet.hit 733 net.minecraft.util.SoundEvent@2616c1c3 (req. id 733)
[27Sep2026 09:11:46.119] [Server thread/TRACE] [net.minecraftforge.registries.ForgeRegistry/REGISTRIES]: Registry minecraft:sound_event add: minecraft:entity.shulker_bullet.hurt 734 net.minecraft.util.SoundEvent@56c15540 (req. id 734)
[27Sep2026 09:11:46.119] [Server thread/TRACE] [net.minecraftforge.registries.ForgeRegistry/REGISTRIES]: Registry minecraft:sound_event add: minecraft:entity.shulker.close 735 net.minecraft.util.SoundEvent@5f3d8402 (req. id 735)
[27Sep2026 09:11:46.119] [Server thread/TRACE] [net.minecraftforge.registries.ForgeRegistry/REGISTRIES]: Registry minecraft:sound_event add: minecraft:entity.shulker.death 736 net.minecraft.util.SoundEvent@3bfb69cd (req. id 736)
[27Sep2026 09:11:46.119] [Server thread/TRACE] [net.minecraftforge.registries.ForgeRegistry/REGISTRIES]: Registry minecraft:sound_event add: minecraft:entity.shulker.hurt 737 net.minecraft.util.SoundEvent@3bca1ac8 (req. id 737)
[27Sep2026 09:11:46.119] [Server thread/TRACE] [net.minecraftforge.registries.ForgeRegistry/REGISTRIES]: Registry minecraft:sound_event add: minecraft:entity.shulker.hurt_closed 738 net.minecraft.util.SoundEvent@10a9bda2 (req. id 738)
[27Sep2026 09:11:46.119] [Server thread/TRACE] [net.minecraftforge.registries.ForgeRegistry/REGISTRIES]: Registry minecraft:sound_event add: minecraft:entity.shulker.open 739 net.minecraft.util.SoundEvent@16b924b (req. id 739)
[27Sep2026 09:11:46.119] [Server thread/TRACE] [net.minecraftforge.registries.ForgeRegistry/REGISTRIES]: Registry minecraft:sound_event add: minecraft:entity.shulker.shoot 740 net.minecraft.util.SoundEvent@6a64f88f (req. id 740)
[27Sep2026 09:11:46.119] [Server thread/TRACE] [net.minecraftforge.registries.ForgeRegistry/REGISTRIES]: Registry minecraft:sound_event add: minecraft:entity.shulker.teleport 741 net.minecraft.util.SoundEvent@656232c9 (req. id 741)
[27Sep2026 09:11:46.119] [Server thread/TRACE] [net.minecraftforge.registries.ForgeRegistry/REGISTRIES]: Registry minecraft:sound_event add: minecraft:entity.silverfish.ambient 742 net.minecraft.util.SoundEvent@577307ec (req. id 742)
[27Sep2026 09:11:46.119] [Server thread/TRACE] [net.minecraftforge.registries.ForgeRegistry/REGISTRIES]: Registry minecraft:sound_event add: minecraft:entity.silverfish.death 743 net.minecraft.util.SoundEvent@f905fa8 (req. id 743)
[27Sep2026 09:11:46.119] [Server thread/TRACE] [net.minecraftforge.registries.ForgeRegistry/REGISTRIES]: Registry minecraft:sound_event add: minecraft:entity.silverfish.hurt 744 net.minecraft.util.SoundEvent@71bc0a87 (req. id 744)
[27Sep2026 09:11:46.119] [Server thread/TRACE] [net.minecraftforge.registries.ForgeRegistry/REGISTRIES]: Registry minecraft:sound_event add: minecraft:entity.silverfish.step 745 net.minecraft.util.SoundEvent@48546c7e (req. id 745)
[27Sep2026 09:11:46.120] [Server thread/TRACE] [net.minecraftforge.registries.ForgeRegistry/REGISTRIES]: Registry minecraft:sound_event add: minecraft:entity.skeleton.ambient 746 net.minecraft.util.SoundEvent@305f50ef (req. id 746)
[27Sep2026 09:11:46.120] [Server thread/TRACE] [net.minecraftforge.registries.ForgeRegistry/REGISTRIES]: Registry minecraft:sound_event add: minecraft:entity.skeleton.death 747 net.minecraft.util.SoundEvent@5dbd0aaf (req. id 747)
[27Sep2026 09:11:46.120] [Server thread/TRACE] [net.minecraftforge.registries.ForgeRegistry/REGISTRIES]: Registry minecraft:sound_event add: minecraft:entity.skeleton_horse.ambient 748 net.minecraft.util.SoundEvent@18bfb913 (req. id 748)
[27Sep2026 09:11:46.120] [Server thread/TRACE] [net.minecraftforge.registries.ForgeRegistry/REGISTRIES]: Registry minecraft:sound_event add: minecraft:entity.skeleton_horse.death 749 net.minecraft.util.SoundEvent@1455e7aa (req. id 749)
[27Sep2026 09:11:46.120] [Server thread/TRACE] [net.minecraftforge.registries.ForgeRegistry/REGISTRIES]: Registry minecraft:sound_event add: minecraft:entity.skeleton_horse.hurt 750 net.minecraft.util.SoundEvent@5044eb9e (req. id 750)
[27Sep2026 09:11:46.120] [Server thread/TRACE] [net.minecraftforge.registries.ForgeRegistry/REGISTRIES]: Registry minecraft:sound_event add: minecraft:entity.skeleton_horse.swim 751 net.minecraft.util.SoundEvent@13a7a5da (req. id 751)
[27Sep2026 09:11:46.120] [Server thread/TRACE] [net.minecraftforge.registries.ForgeRegistry/REGISTRIES]: Registry minecraft:sound_event add: minecraft:entity.skeleton_horse.ambient_water 752 net.minecraft.util.SoundEvent@37825ec7 (req. id 752)
[27Sep2026 09:11:46.120] [Server thread/TRACE] [net.minecraftforge.registries.ForgeRegistry/REGISTRIES]: Registry minecraft:sound_event add: minecraft:entity.skeleton_horse.gallop_water 753 net.minecraft.util.SoundEvent@4385637c (req. id 753)
[27Sep2026 09:11:46.120] [Server thread/TRACE] [net.minecraftforge.registries.ForgeRegistry/REGISTRIES]: Registry minecraft:sound_event add: minecraft:entity.skeleton_horse.jump_water 754 net.minecraft.util.SoundEvent@34e1ed6 (req. id 754)
[27Sep2026 09:11:46.120] [Server thread/TRACE] [net.minecraftforge.registries.ForgeRegistry/REGISTRIES]: Registry minecraft:sound_event add: minecraft:entity.skeleton_horse.step_water 755 net.minecraft.util.SoundEvent@745bbe94 (req. id 755)
[27Sep2026 09:11:46.120] [Server thread/TRACE] [net.minecraftforge.registries.ForgeRegistry/REGISTRIES]: Registry minecraft:sound_event add: minecraft:entity.skeleton.hurt 756 net.minecraft.util.SoundEvent@26c38c10 (req. id 756)
[27Sep2026 09:11:46.120] [Server thread/TRACE] [net.minecraftforge.registries.ForgeRegistry/REGISTRIES]: Registry minecraft:sound_event add: minecraft:entity.skeleton.shoot 757 net.minecraft.util.SoundEvent@6da3941e (req. id 757)
[27Sep2026 09:11:46.120] [Server thread/TRACE] [net.minecraftforge.registries.ForgeRegistry/REGISTRIES]: Registry minecraft:sound_event add: minecraft:entity.skeleton.step 758 net.minecraft.util.SoundEvent@5cf0c756 (req. id 758)
[27Sep2026 09:11:46.120] [Server thread/TRACE] [net.minecraftforge.registries.ForgeRegistry/REGISTRIES]: Registry minecraft:sound_event add: minecraft:entity.slime.attack 759 net.minecraft.util.SoundEvent@4624aa33 (req. id 759)
[27Sep2026 09:11:46.120] [Server thread/TRACE] [net.minecraftforge.registries.ForgeRegistry/REGISTRIES]: Registry minecraft:sound_event add: minecraft:entity.slime.death 760 net.minecraft.util.SoundEvent@5613f9c6 (req. id 760)
[27Sep2026 09:11:46.120] [Server thread/TRACE] [net.minecraftforge.registries.ForgeRegistry/REGISTRIES]: Registry minecraft:sound_event add: minecraft:entity.slime.hurt 761 net.minecraft.util.SoundEvent@325d731b (req. id 761)
[27Sep2026 09:11:46.120] [Server thread/TRACE] [net.minecraftforge.registries.ForgeRegistry/REGISTRIES]: Registry minecraft:sound_event add: minecraft:entity.slime.jump 762 net.minecraft.util.SoundEvent@742eb12a (req. id 762)
[27Sep2026 09:11:46.120] [Server thread/TRACE] [net.minecraftforge.registries.ForgeRegistry/REGISTRIES]: Registry minecraft:sound_event add: minecraft:entity.slime.squish 763 net.minecraft.util.SoundEvent@58cdfbc7 (req. id 763)
[27Sep2026 09:11:46.120] [Server thread/TRACE] [net.minecraftforge.registries.ForgeRegistry/REGISTRIES]: Registry minecraft:sound_event add: minecraft:block.slime_block.break 764 net.minecraft.util.SoundEvent@77cde6ca (req. id 764)
[27Sep2026 09:11:46.120] [Server thread/TRACE] [net.minecraftforge.registries.ForgeRegistry/REGISTRIES]: Registry minecraft:sound_event add: minecraft:block.slime_block.fall 765 net.minecraft.util.SoundEvent@731bb977 (req. id 765)
[27Sep2026 09:11:46.120] [Server thread/TRACE] [net.minecraftforge.registries.ForgeRegistry/REGISTRIES]: Registry minecraft:sound_event add: minecraft:block.slime_block.hit 766 net.minecraft.util.SoundEvent@11b52127 (req. id 766)
[27Sep2026 09:11:46.120] [Server thread/TRACE] [net.minecraftforge.registries.ForgeRegistry/REGISTRIES]: Registry minecraft:sound_event add: minecraft:block.slime_block.place 767 net.minecraft.util.SoundEvent@3bc08dca (req. id 767)
[27Sep2026 09:11:46.120] [Server thread/TRACE] [net.minecraftforge.registries.ForgeRegistry/REGISTRIES]: Registry minecraft:sound_event add: minecraft:block.slime_block.step 768 net.minecraft.util.SoundEvent@1766cbee (req. id 768)
[27Sep2026 09:11:46.120] [Server thread/TRACE] [net.minecraftforge.registries.ForgeRegistry/REGISTRIES]: Registry minecraft:sound_event add: minecraft:block.soul_sand.break 769 net.minecraft.util.SoundEvent@8f9ba29 (req. id 769)
[27Sep2026 09:11:46.120] [Server thread/TRACE] [net.minecraftforge.registries.ForgeRegistry/REGISTRIES]: Registry minecraft:sound_event add: minecraft:block.soul_sand.step 770 net.minecraft.util.SoundEvent@5c183d02 (req. id 770)
[27Sep2026 09:11:46.120] [Server thread/TRACE] [net.minecraftforge.registries.ForgeRegistry/REGISTRIES]: Registry minecraft:sound_event add: minecraft:block.soul_sand.place 771 net.minecraft.util.SoundEvent@1946b308 (req. id 771)
[27Sep2026 09:11:46.120] [Server thread/TRACE] [net.minecraftforge.registries.ForgeRegistry/REGISTRIES]: Registry minecraft:sound_event add: minecraft:block.soul_sand.hit 772 net.minecraft.util.SoundEvent@70164acf (req. id 772)
[27Sep2026 09:11:46.120] [Server thread/TRACE] [net.minecraftforge.registries.ForgeRegistry/REGISTRIES]: Registry minecraft:sound_event add: minecraft:block.soul_sand.fall 773 net.minecraft.util.SoundEvent@6325bf15 (req. id 773)
[27Sep2026 09:11:46.120] [Server thread/TRACE] [net.minecraftforge.registries.ForgeRegistry/REGISTRIES]: Registry minecraft:sound_event add: minecraft:block.soul_soil.break 774 net.minecraft.util.SoundEvent@1ceac39d (req. id 774)
[27Sep2026 09:11:46.120] [Server thread/TRACE] [net.minecraftforge.registries.ForgeRegistry/REGISTRIES]: Registry minecraft:sound_event add: minecraft:block.soul_soil.step 775 net.minecraft.util.SoundEvent@3ac5e507 (req. id 775)
[27Sep2026 09:11:46.120] [Server thread/TRACE] [net.minecraftforge.registries.ForgeRegistry/REGISTRIES]: Registry minecraft:sound_event add: minecraft:block.soul_soil.place 776 net.minecraft.util.SoundEvent@4f719bdd (req. id 776)
[27Sep2026 09:11:46.120] [Server thread/TRACE] [net.minecraftforge.registries.ForgeRegistry/REGISTRIES]: Registry minecraft:sound_event add: minecraft:block.soul_soil.hit 777 net.minecraft.util.SoundEvent@5d557bcc (req. id 777)
[27Sep2026 09:11:46.120] [Server thread/TRACE] [net.minecraftforge.registries.ForgeRegistry/REGISTRIES]: Registry minecraft:sound_event add: minecraft:block.soul_soil.fall 778 net.minecraft.util.SoundEvent@5896d574 (req. id 778)
[27Sep2026 09:11:46.120] [Server thread/TRACE] [net.minecraftforge.registries.ForgeRegistry/REGISTRIES]: Registry minecraft:sound_event add: minecraft:particle.soul_escape 779 net.minecraft.util.SoundEvent@768424d3 (req. id 779)
[27Sep2026 09:11:46.120] [Server thread/TRACE] [net.minecraftforge.registries.ForgeRegistry/REGISTRIES]: Registry minecraft:sound_event add: minecraft:entity.strider.ambient 780 net.minecraft.util.SoundEvent@2e5ab908 (req. id 780)
[27Sep2026 09:11:46.120] [Server thread/TRACE] [net.minecraftforge.registries.ForgeRegistry/REGISTRIES]: Registry minecraft:sound_event add: minecraft:entity.strider.happy 781 net.minecraft.util.SoundEvent@5bbc348e (req. id 781)
[27Sep2026 09:11:46.120] [Server thread/TRACE] [net.minecraftforge.registries.ForgeRegistry/REGISTRIES]: Registry minecraft:sound_event add: minecraft:entity.strider.retreat 782 net.minecraft.util.SoundEvent@226160d8 (req. id 782)
[27Sep2026 09:11:46.120] [Server thread/TRACE] [net.minecraftforge.registries.ForgeRegistry/REGISTRIES]: Registry minecraft:sound_event add: minecraft:entity.strider.death 783 net.minecraft.util.SoundEvent@6fe938a9 (req. id 783)
[27Sep2026 09:11:46.120] [Server thread/TRACE] [net.minecraftforge.registries.ForgeRegistry/REGISTRIES]: Registry minecraft:sound_event add: minecraft:entity.strider.hurt 784 net.minecraft.util.SoundEvent@333ddfca (req. id 784)
[27Sep2026 09:11:46.120] [Server thread/TRACE] [net.minecraftforge.registries.ForgeRegistry/REGISTRIES]: Registry minecraft:sound_event add: minecraft:entity.strider.step 785 net.minecraft.util.SoundEvent@123ad1ce (req. id 785)
[27Sep2026 09:11:46.120] [Server thread/TRACE] [net.minecraftforge.registries.ForgeRegistry/REGISTRIES]: Registry minecraft:sound_event add: minecraft:entity.strider.step_lava 786 net.minecraft.util.SoundEvent@4b5f8384 (req. id 786)
[27Sep2026 09:11:46.120] [Server thread/TRACE] [net.minecraftforge.registries.ForgeRegistry/REGISTRIES]: Registry minecraft:sound_event add: minecraft:entity.strider.eat 787 net.minecraft.util.SoundEvent@f9f3acb (req. id 787)
[27Sep2026 09:11:46.120] [Server thread/TRACE] [net.minecraftforge.registries.ForgeRegistry/REGISTRIES]: Registry minecraft:sound_event add: minecraft:entity.strider.saddle 788 net.minecraft.util.SoundEvent@5e1a46a9 (req. id 788)
[27Sep2026 09:11:46.120] [Server thread/TRACE] [net.minecraftforge.registries.ForgeRegistry/REGISTRIES]: Registry minecraft:sound_event add: minecraft:entity.slime.death_small 789 net.minecraft.util.SoundEvent@5d28c950 (req. id 789)
[27Sep2026 09:11:46.120] [Server thread/TRACE] [net.minecraftforge.registries.ForgeRegistry/REGISTRIES]: Registry minecraft:sound_event add: minecraft:entity.slime.hurt_small 790 net.minecraft.util.SoundEvent@1bbd5add (req. id 790)
[27Sep2026 09:11:46.120] [Server thread/TRACE] [net.minecraftforge.registries.ForgeRegistry/REGISTRIES]: Registry minecraft:sound_event add: minecraft:entity.slime.jump_small 791 net.minecraft.util.SoundEvent@46cd87b (req. id 791)
[27Sep2026 09:11:46.120] [Server thread/TRACE] [net.minecraftforge.registries.ForgeRegistry/REGISTRIES]: Registry minecraft:sound_event add: minecraft:entity.slime.squish_small 792 net.minecraft.util.SoundEvent@da164 (req. id 792)
[27Sep2026 09:11:46.120] [Server thread/TRACE] [net.minecraftforge.registries.ForgeRegistry/REGISTRIES]: Registry minecraft:sound_event add: minecraft:block.smithing_table.use 793 net.minecraft.util.SoundEvent@50afd643 (req. id 793)
[27Sep2026 09:11:46.120] [Server thread/TRACE] [net.minecraftforge.registries.ForgeRegistry/REGISTRIES]: Registry minecraft:sound_event add: minecraft:block.smoker.smoke 794 net.minecraft.util.SoundEvent@5bb7f0e (req. id 794)
[27Sep2026 09:11:46.120] [Server thread/TRACE] [net.minecraftforge.registries.ForgeRegistry/REGISTRIES]: Registry minecraft:sound_event add: minecraft:entity.snowball.throw 795 net.minecraft.util.SoundEvent@5be0be05 (req. id 795)
[27Sep2026 09:11:46.120] [Server thread/TRACE] [net.minecraftforge.registries.ForgeRegistry/REGISTRIES]: Registry minecraft:sound_event add: minecraft:block.snow.break 796 net.minecraft.util.SoundEvent@282eddee (req. id 796)
[27Sep2026 09:11:46.120] [Server thread/TRACE] [net.minecraftforge.registries.ForgeRegistry/REGISTRIES]: Registry minecraft:sound_event add: minecraft:block.snow.fall 797 net.minecraft.util.SoundEvent@239eb579 (req. id 797)
[27Sep2026 09:11:46.120] [Server thread/TRACE] [net.minecraftforge.registries.ForgeRegistry/REGISTRIES]: Registry minecraft:sound_event add: minecraft:entity.snow_golem.ambient 798 net.minecraft.util.SoundEvent@77dbea21 (req. id 798)
[27Sep2026 09:11:46.120] [Server thread/TRACE] [net.minecraftforge.registries.ForgeRegistry/REGISTRIES]: Registry minecraft:sound_event add: minecraft:entity.snow_golem.death 799 net.minecraft.util.SoundEvent@6905e559 (req. id 799)
[27Sep2026 09:11:46.120] [Server thread/TRACE] [net.minecraftforge.registries.ForgeRegistry/REGISTRIES]: Registry minecraft:sound_event add: minecraft:entity.snow_golem.hurt 800 net.minecraft.util.SoundEvent@75dce1e4 (req. id 800)
[27Sep2026 09:11:46.120] [Server thread/TRACE] [net.minecraftforge.registries.ForgeRegistry/REGISTRIES]: Registry minecraft:sound_event add: minecraft:entity.snow_golem.shoot 801 net.minecraft.util.SoundEvent@36a378c (req. id 801)
[27Sep2026 09:11:46.120] [Server thread/TRACE] [net.minecraftforge.registries.ForgeRegistry/REGISTRIES]: Registry minecraft:sound_event add: minecraft:entity.snow_golem.shear 802 net.minecraft.util.SoundEvent@17564954 (req. id 802)
[27Sep2026 09:11:46.120] [Server thread/TRACE] [net.minecraftforge.registries.ForgeRegistry/REGISTRIES]: Registry minecraft:sound_event add: minecraft:block.snow.hit 803 net.minecraft.util.SoundEvent@5ad0fd64 (req. id 803)
[27Sep2026 09:11:46.121] [Server thread/TRACE] [net.minecraftforge.registries.ForgeRegistry/REGISTRIES]: Registry minecraft:sound_event add: minecraft:block.snow.place 804 net.minecraft.util.SoundEvent@5bc3d7c2 (req. id 804)
[27Sep2026 09:11:46.121] [Server thread/TRACE] [net.minecraftforge.registries.ForgeRegistry/REGISTRIES]: Registry minecraft:sound_event add: minecraft:block.snow.step 805 net.minecraft.util.SoundEvent@46d431ad (req. id 805)
[27Sep2026 09:11:46.121] [Server thread/TRACE] [net.minecraftforge.registries.ForgeRegistry/REGISTRIES]: Registry minecraft:sound_event add: minecraft:entity.spider.ambient 806 net.minecraft.util.SoundEvent@23fca8db (req. id 806)
[27Sep2026 09:11:46.121] [Server thread/TRACE] [net.minecraftforge.registries.ForgeRegistry/REGISTRIES]: Registry minecraft:sound_event add: minecraft:entity.spider.death 807 net.minecraft.util.SoundEvent@395ff749 (req. id 807)
[27Sep2026 09:11:46.121] [Server thread/TRACE] [net.minecraftforge.registries.ForgeRegistry/REGISTRIES]: Registry minecraft:sound_event add: minecraft:entity.spider.hurt 808 net.minecraft.util.SoundEvent@1fb4e3aa (req. id 808)
[27Sep2026 09:11:46.121] [Server thread/TRACE] [net.minecraftforge.registries.ForgeRegistry/REGISTRIES]: Registry minecraft:sound_event add: minecraft:entity.spider.step 809 net.minecraft.util.SoundEvent@a31823 (req. id 809)
[27Sep2026 09:11:46.121] [Server thread/TRACE] [net.minecraftforge.registries.ForgeRegistry/REGISTRIES]: Registry minecraft:sound_event add: minecraft:entity.splash_potion.break 810 net.minecraft.util.SoundEvent@423f3df7 (req. id 810)
[27Sep2026 09:11:46.121] [Server thread/TRACE] [net.minecraftforge.registries.ForgeRegistry/REGISTRIES]: Registry minecraft:sound_event add: minecraft:entity.splash_potion.throw 811 net.minecraft.util.SoundEvent@bc801cb (req. id 811)
[27Sep2026 09:11:46.121] [Server thread/TRACE] [net.minecraftforge.registries.ForgeRegistry/REGISTRIES]: Registry minecraft:sound_event add: minecraft:entity.squid.ambient 812 net.minecraft.util.SoundEvent@420afa3f (req. id 812)
[27Sep2026 09:11:46.121] [Server thread/TRACE] [net.minecraftforge.registries.ForgeRegistry/REGISTRIES]: Registry minecraft:sound_event add: minecraft:entity.squid.death 813 net.minecraft.util.SoundEvent@34b18300 (req. id 813)
[27Sep2026 09:11:46.121] [Server thread/TRACE] [net.minecraftforge.registries.ForgeRegistry/REGISTRIES]: Registry minecraft:sound_event add: minecraft:entity.squid.hurt 814 net.minecraft.util.SoundEvent@350141b4 (req. id 814)
[27Sep2026 09:11:46.121] [Server thread/TRACE] [net.minecraftforge.registries.ForgeRegistry/REGISTRIES]: Registry minecraft:sound_event add: minecraft:entity.squid.squirt 815 net.minecraft.util.SoundEvent@6821a3b0 (req. id 815)
[27Sep2026 09:11:46.121] [Server thread/TRACE] [net.minecraftforge.registries.ForgeRegistry/REGISTRIES]: Registry minecraft:sound_event add: minecraft:block.stone.break 816 net.minecraft.util.SoundEvent@fc9cc5 (req. id 816)
[27Sep2026 09:11:46.121] [Server thread/TRACE] [net.minecraftforge.registries.ForgeRegistry/REGISTRIES]: Registry minecraft:sound_event add: minecraft:block.stone_button.click_off 817 net.minecraft.util.SoundEvent@7ad55763 (req. id 817)
[27Sep2026 09:11:46.121] [Server thread/TRACE] [net.minecraftforge.registries.ForgeRegistry/REGISTRIES]: Registry minecraft:sound_event add: minecraft:block.stone_button.click_on 818 net.minecraft.util.SoundEvent@1db05d52 (req. id 818)
[27Sep2026 09:11:46.121] [Server thread/TRACE] [net.minecraftforge.registries.ForgeRegistry/REGISTRIES]: Registry minecraft:sound_event add: minecraft:block.stone.fall 819 net.minecraft.util.SoundEvent@33bcf46b (req. id 819)
[27Sep2026 09:11:46.121] [Server thread/TRACE] [net.minecraftforge.registries.ForgeRegistry/REGISTRIES]: Registry minecraft:sound_event add: minecraft:block.stone.hit 820 net.minecraft.util.SoundEvent@2817c65b (req. id 820)
[27Sep2026 09:11:46.121] [Server thread/TRACE] [net.minecraftforge.registries.ForgeRegistry/REGISTRIES]: Registry minecraft:sound_event add: minecraft:block.stone.place 821 net.minecraft.util.SoundEvent@300d7b9a (req. id 821)
[27Sep2026 09:11:46.121] [Server thread/TRACE] [net.minecraftforge.registries.ForgeRegistry/REGISTRIES]: Registry minecraft:sound_event add: minecraft:block.stone_pressure_plate.click_off 822 net.minecraft.util.SoundEvent@50c1c34c (req. id 822)
[27Sep2026 09:11:46.121] [Server thread/TRACE] [net.minecraftforge.registries.ForgeRegistry/REGISTRIES]: Registry minecraft:sound_event add: minecraft:block.stone_pressure_plate.click_on 823 net.minecraft.util.SoundEvent@2a4b8ca3 (req. id 823)
[27Sep2026 09:11:46.121] [Server thread/TRACE] [net.minecraftforge.registries.ForgeRegistry/REGISTRIES]: Registry minecraft:sound_event add: minecraft:block.stone.step 824 net.minecraft.util.SoundEvent@45dbf873 (req. id 824)
[27Sep2026 09:11:46.121] [Server thread/TRACE] [net.minecraftforge.registries.ForgeRegistry/REGISTRIES]: Registry minecraft:sound_event add: minecraft:entity.stray.ambient 825 net.minecraft.util.SoundEvent@574a9a8d (req. id 825)
[27Sep2026 09:11:46.121] [Server thread/TRACE] [net.minecraftforge.registries.ForgeRegistry/REGISTRIES]: Registry minecraft:sound_event add: minecraft:entity.stray.death 826 net.minecraft.util.SoundEvent@66eb8c8d (req. id 826)
[27Sep2026 09:11:46.121] [Server thread/TRACE] [net.minecraftforge.registries.ForgeRegistry/REGISTRIES]: Registry minecraft:sound_event add: minecraft:entity.stray.hurt 827 net.minecraft.util.SoundEvent@233230d4 (req. id 827)
[27Sep2026 09:11:46.121] [Server thread/TRACE] [net.minecraftforge.registries.ForgeRegistry/REGISTRIES]: Registry minecraft:sound_event add: minecraft:entity.stray.step 828 net.minecraft.util.SoundEvent@1dbe6795 (req. id 828)
[27Sep2026 09:11:46.121] [Server thread/TRACE] [net.minecraftforge.registries.ForgeRegistry/REGISTRIES]: Registry minecraft:sound_event add: minecraft:block.sweet_berry_bush.break 829 net.minecraft.util.SoundEvent@55035dce (req. id 829)
[27Sep2026 09:11:46.121] [Server thread/TRACE] [net.minecraftforge.registries.ForgeRegistry/REGISTRIES]: Registry minecraft:sound_event add: minecraft:block.sweet_berry_bush.place 830 net.minecraft.util.SoundEvent@4b183316 (req. id 830)
[27Sep2026 09:11:46.121] [Server thread/TRACE] [net.minecraftforge.registries.ForgeRegistry/REGISTRIES]: Registry minecraft:sound_event add: minecraft:item.sweet_berries.pick_from_bush 831 net.minecraft.util.SoundEvent@5bd04306 (req. id 831)
[27Sep2026 09:11:46.121] [Server thread/TRACE] [net.minecraftforge.registries.ForgeRegistry/REGISTRIES]: Registry minecraft:sound_event add: minecraft:enchant.thorns.hit 832 net.minecraft.util.SoundEvent@7aac505b (req. id 832)
[27Sep2026 09:11:46.121] [Server thread/TRACE] [net.minecraftforge.registries.ForgeRegistry/REGISTRIES]: Registry minecraft:sound_event add: minecraft:entity.tnt.primed 833 net.minecraft.util.SoundEvent@1d49a87a (req. id 833)
[27Sep2026 09:11:46.121] [Server thread/TRACE] [net.minecraftforge.registries.ForgeRegistry/REGISTRIES]: Registry minecraft:sound_event add: minecraft:item.totem.use 834 net.minecraft.util.SoundEvent@325afc6d (req. id 834)
[27Sep2026 09:11:46.121] [Server thread/TRACE] [net.minecraftforge.registries.ForgeRegistry/REGISTRIES]: Registry minecraft:sound_event add: minecraft:item.trident.hit 835 net.minecraft.util.SoundEvent@3b1cb093 (req. id 835)
[27Sep2026 09:11:46.122] [Server thread/TRACE] [net.minecraftforge.registries.ForgeRegistry/REGISTRIES]: Registry minecraft:sound_event add: minecraft:item.trident.hit_ground 836 net.minecraft.util.SoundEvent@7731b06e (req. id 836)
[27Sep2026 09:11:46.122] [Server thread/TRACE] [net.minecraftforge.registries.ForgeRegistry/REGISTRIES]: Registry minecraft:sound_event add: minecraft:item.trident.return 837 net.minecraft.util.SoundEvent@741fe26c (req. id 837)
[27Sep2026 09:11:46.122] [Server thread/TRACE] [net.minecraftforge.registries.ForgeRegistry/REGISTRIES]: Registry minecraft:sound_event add: minecraft:item.trident.riptide_1 838 net.minecraft.util.SoundEvent@2ae16e9 (req. id 838)
[27Sep2026 09:11:46.122] [Server thread/TRACE] [net.minecraftforge.registries.ForgeRegistry/REGISTRIES]: Registry minecraft:sound_event add: minecraft:item.trident.riptide_2 839 net.minecraft.util.SoundEvent@24986b96 (req. id 839)
[27Sep2026 09:11:46.122] [Server thread/TRACE] [net.minecraftforge.registries.ForgeRegistry/REGISTRIES]: Registry minecraft:sound_event add: minecraft:item.trident.riptide_3 840 net.minecraft.util.SoundEvent@5df89247 (req. id 840)
[27Sep2026 09:11:46.122] [Server thread/TRACE] [net.minecraftforge.registries.ForgeRegistry/REGISTRIES]: Registry minecraft:sound_event add: minecraft:item.trident.throw 841 net.minecraft.util.SoundEvent@c8f3487 (req. id 841)
[27Sep2026 09:11:46.122] [Server thread/TRACE] [net.minecraftforge.registries.ForgeRegistry/REGISTRIES]: Registry minecraft:sound_event add: minecraft:item.trident.thunder 842 net.minecraft.util.SoundEvent@12c85bfa (req. id 842)
[27Sep2026 09:11:46.122] [Server thread/TRACE] [net.minecraftforge.registries.ForgeRegistry/REGISTRIES]: Registry minecraft:sound_event add: minecraft:block.tripwire.attach 843 net.minecraft.util.SoundEvent@47af9b2a (req. id 843)
[27Sep2026 09:11:46.122] [Server thread/TRACE] [net.minecraftforge.registries.ForgeRegistry/REGISTRIES]: Registry minecraft:sound_event add: minecraft:block.tripwire.click_off 844 net.minecraft.util.SoundEvent@6aa567de (req. id 844)
[27Sep2026 09:11:46.122] [Server thread/TRACE] [net.minecraftforge.registries.ForgeRegistry/REGISTRIES]: Registry minecraft:sound_event add: minecraft:block.tripwire.click_on 845 net.minecraft.util.SoundEvent@1fcab27b (req. id 845)
[27Sep2026 09:11:46.122] [Server thread/TRACE] [net.minecraftforge.registries.ForgeRegistry/REGISTRIES]: Registry minecraft:sound_event add: minecraft:block.tripwire.detach 846 net.minecraft.util.SoundEvent@1a11eadf (req. id 846)
[27Sep2026 09:11:46.122] [Server thread/TRACE] [net.minecraftforge.registries.ForgeRegistry/REGISTRIES]: Registry minecraft:sound_event add: minecraft:entity.tropical_fish.ambient 847 net.minecraft.util.SoundEvent@654adbb9 (req. id 847)
[27Sep2026 09:11:46.122] [Server thread/TRACE] [net.minecraftforge.registries.ForgeRegistry/REGISTRIES]: Registry minecraft:sound_event add: minecraft:entity.tropical_fish.death 848 net.minecraft.util.SoundEvent@3c7c750 (req. id 848)
[27Sep2026 09:11:46.122] [Server thread/TRACE] [net.minecraftforge.registries.ForgeRegistry/REGISTRIES]: Registry minecraft:sound_event add: minecraft:entity.tropical_fish.flop 849 net.minecraft.util.SoundEvent@75a78e7a (req. id 849)
[27Sep2026 09:11:46.122] [Server thread/TRACE] [net.minecraftforge.registries.ForgeRegistry/REGISTRIES]: Registry minecraft:sound_event add: minecraft:entity.tropical_fish.hurt 850 net.minecraft.util.SoundEvent@2b2bba12 (req. id 850)
[27Sep2026 09:11:46.122] [Server thread/TRACE] [net.minecraftforge.registries.ForgeRegistry/REGISTRIES]: Registry minecraft:sound_event add: minecraft:entity.turtle.ambient_land 851 net.minecraft.util.SoundEvent@65ca1dfb (req. id 851)
[27Sep2026 09:11:46.122] [Server thread/TRACE] [net.minecraftforge.registries.ForgeRegistry/REGISTRIES]: Registry minecraft:sound_event add: minecraft:entity.turtle.death 852 net.minecraft.util.SoundEvent@608f56c9 (req. id 852)
[27Sep2026 09:11:46.122] [Server thread/TRACE] [net.minecraftforge.registries.ForgeRegistry/REGISTRIES]: Registry minecraft:sound_event add: minecraft:entity.turtle.death_baby 853 net.minecraft.util.SoundEvent@7fe6ff4e (req. id 853)
[27Sep2026 09:11:46.122] [Server thread/TRACE] [net.minecraftforge.registries.ForgeRegistry/REGISTRIES]: Registry minecraft:sound_event add: minecraft:entity.turtle.egg_break 854 net.minecraft.util.SoundEvent@23dcb36 (req. id 854)
[27Sep2026 09:11:46.122] [Server thread/TRACE] [net.minecraftforge.registries.ForgeRegistry/REGISTRIES]: Registry minecraft:sound_event add: minecraft:entity.turtle.egg_crack 855 net.minecraft.util.SoundEvent@60d5b9fc (req. id 855)
[27Sep2026 09:11:46.122] [Server thread/TRACE] [net.minecraftforge.registries.ForgeRegistry/REGISTRIES]: Registry minecraft:sound_event add: minecraft:entity.turtle.egg_hatch 856 net.minecraft.util.SoundEvent@6f4df9c9 (req. id 856)
[27Sep2026 09:11:46.122] [Server thread/TRACE] [net.minecraftforge.registries.ForgeRegistry/REGISTRIES]: Registry minecraft:sound_event add: minecraft:entity.turtle.hurt 857 net.minecraft.util.SoundEvent@417a5536 (req. id 857)
[27Sep2026 09:11:46.122] [Server thread/TRACE] [net.minecraftforge.registries.ForgeRegistry/REGISTRIES]: Registry minecraft:sound_event add: minecraft:entity.turtle.hurt_baby 858 net.minecraft.util.SoundEvent@6b4a56bf (req. id 858)
[27Sep2026 09:11:46.122] [Server thread/TRACE] [net.minecraftforge.registries.ForgeRegistry/REGISTRIES]: Registry minecraft:sound_event add: minecraft:entity.turtle.lay_egg 859 net.minecraft.util.SoundEvent@228bde8 (req. id 859)
[27Sep2026 09:11:46.122] [Server thread/TRACE] [net.minecraftforge.registries.ForgeRegistry/REGISTRIES]: Registry minecraft:sound_event add: minecraft:entity.turtle.shamble 860 net.minecraft.util.SoundEvent@727f6380 (req. id 860)
[27Sep2026 09:11:46.122] [Server thread/TRACE] [net.minecraftforge.registries.ForgeRegistry/REGISTRIES]: Registry minecraft:sound_event add: minecraft:entity.turtle.shamble_baby 861 net.minecraft.util.SoundEvent@53514e27 (req. id 861)
[27Sep2026 09:11:46.122] [Server thread/TRACE] [net.minecraftforge.registries.ForgeRegistry/REGISTRIES]: Registry minecraft:sound_event add: minecraft:entity.turtle.swim 862 net.minecraft.util.SoundEvent@2e807b39 (req. id 862)
[27Sep2026 09:11:46.122] [Server thread/TRACE] [net.minecraftforge.registries.ForgeRegistry/REGISTRIES]: Registry minecraft:sound_event add: minecraft:ui.button.click 863 net.minecraft.util.SoundEvent@4ea6c32c (req. id 863)
[27Sep2026 09:11:46.122] [Server thread/TRACE] [net.minecraftforge.registries.ForgeRegistry/REGISTRIES]: Registry minecraft:sound_event add: minecraft:ui.loom.select_pattern 864 net.minecraft.util.SoundEvent@129e164b (req. id 864)
[27Sep2026 09:11:46.122] [Server thread/TRACE] [net.minecraftforge.registries.ForgeRegistry/REGISTRIES]: Registry minecraft:sound_event add: minecraft:ui.loom.take_result 865 net.minecraft.util.SoundEvent@46364de1 (req. id 865)
[27Sep2026 09:11:46.122] [Server thread/TRACE] [net.minecraftforge.registries.ForgeRegistry/REGISTRIES]: Registry minecraft:sound_event add: minecraft:ui.cartography_table.take_result 866 net.minecraft.util.SoundEvent@4d5640d8 (req. id 866)
[27Sep2026 09:11:46.122] [Server thread/TRACE] [net.minecraftforge.registries.ForgeRegistry/REGISTRIES]: Registry minecraft:sound_event add: minecraft:ui.stonecutter.take_result 867 net.minecraft.util.SoundEvent@6252d223 (req. id 867)
[27Sep2026 09:11:46.122] [Server thread/TRACE] [net.minecraftforge.registries.ForgeRegistry/REGISTRIES]: Registry minecraft:sound_event add: minecraft:ui.stonecutter.select_recipe 868 net.minecraft.util.SoundEvent@5f121ecc (req. id 868)
[27Sep2026 09:11:46.122] [Server thread/TRACE] [net.minecraftforge.registries.ForgeRegistry/REGISTRIES]: Registry minecraft:sound_event add: minecraft:ui.toast.challenge_complete 869 net.minecraft.util.SoundEvent@7dd9eb37 (req. id 869)
[27Sep2026 09:11:46.122] [Server thread/TRACE] [net.minecraftforge.registries.ForgeRegistry/REGISTRIES]: Registry minecraft:sound_event add: minecraft:ui.toast.in 870 net.minecraft.util.SoundEvent@f487e12 (req. id 870)
[27Sep2026 09:11:46.122] [Server thread/TRACE] [net.minecraftforge.registries.ForgeRegistry/REGISTRIES]: Registry minecraft:sound_event add: minecraft:ui.toast.out 871 net.minecraft.util.SoundEvent@3db76c8f (req. id 871)
[27Sep2026 09:11:46.122] [Server thread/TRACE] [net.minecraftforge.registries.ForgeRegistry/REGISTRIES]: Registry minecraft:sound_event add: minecraft:entity.vex.ambient 872 net.minecraft.util.SoundEvent@4484b0b6 (req. id 872)
[27Sep2026 09:11:46.122] [Server thread/TRACE] [net.minecraftforge.registries.ForgeRegistry/REGISTRIES]: Registry minecraft:sound_event add: minecraft:entity.vex.charge 873 net.minecraft.util.SoundEvent@1cdeff9a (req. id 873)
[27Sep2026 09:11:46.122] [Server thread/TRACE] [net.minecraftforge.registries.ForgeRegistry/REGISTRIES]: Registry minecraft:sound_event add: minecraft:entity.vex.death 874 net.minecraft.util.SoundEvent@383ad5e1 (req. id 874)
[27Sep2026 09:11:46.122] [Server thread/TRACE] [net.minecraftforge.registries.ForgeRegistry/REGISTRIES]: Registry minecraft:sound_event add: minecraft:entity.vex.hurt 875 net.minecraft.util.SoundEvent@3756c3d9 (req. id 875)
[27Sep2026 09:11:46.122] [Server thread/TRACE] [net.minecraftforge.registries.ForgeRegistry/REGISTRIES]: Registry minecraft:sound_event add: minecraft:entity.villager.ambient 876 net.minecraft.util.SoundEvent@1f5655d7 (req. id 876)
[27Sep2026 09:11:46.122] [Server thread/TRACE] [net.minecraftforge.registries.ForgeRegistry/REGISTRIES]: Registry minecraft:sound_event add: minecraft:entity.villager.celebrate 877 net.minecraft.util.SoundEvent@711da3ad (req. id 877)
[27Sep2026 09:11:46.122] [Server thread/TRACE] [net.minecraftforge.registries.ForgeRegistry/REGISTRIES]: Registry minecraft:sound_event add: minecraft:entity.villager.death 878 net.minecraft.util.SoundEvent@6c91a6bc (req. id 878)
[27Sep2026 09:11:46.122] [Server thread/TRACE] [net.minecraftforge.registries.ForgeRegistry/REGISTRIES]: Registry minecraft:sound_event add: minecraft:entity.villager.hurt 879 net.minecraft.util.SoundEvent@203b9bff (req. id 879)
[27Sep2026 09:11:46.122] [Server thread/TRACE] [net.minecraftforge.registries.ForgeRegistry/REGISTRIES]: Registry minecraft:sound_event add: minecraft:entity.villager.no 880 net.minecraft.util.SoundEvent@7c0a442e (req. id 880)
[27Sep2026 09:11:46.122] [Server thread/TRACE] [net.minecraftforge.registries.ForgeRegistry/REGISTRIES]: Registry minecraft:sound_event add: minecraft:entity.villager.trade 881 net.minecraft.util.SoundEvent@3e827baf (req. id 881)
[27Sep2026 09:11:46.122] [Server thread/TRACE] [net.minecraftforge.registries.ForgeRegistry/REGISTRIES]: Registry minecraft:sound_event add: minecraft:entity.villager.yes 882 net.minecraft.util.SoundEvent@1e99dc7 (req. id 882)
[27Sep2026 09:11:46.122] [Server thread/TRACE] [net.minecraftforge.registries.ForgeRegistry/REGISTRIES]: Registry minecraft:sound_event add: minecraft:entity.villager.work_armorer 883 net.minecraft.util.SoundEvent@13ea07ca (req. id 883)
[27Sep2026 09:11:46.122] [Server thread/TRACE] [net.minecraftforge.registries.ForgeRegistry/REGISTRIES]: Registry minecraft:sound_event add: minecraft:entity.villager.work_butcher 884 net.minecraft.util.SoundEvent@4b17310e (req. id 884)
[27Sep2026 09:11:46.122] [Server thread/TRACE] [net.minecraftforge.registries.ForgeRegistry/REGISTRIES]: Registry minecraft:sound_event add: minecraft:entity.villager.work_cartographer 885 net.minecraft.util.SoundEvent@61d5ff99 (req. id 885)
[27Sep2026 09:11:46.122] [Server thread/TRACE] [net.minecraftforge.registries.ForgeRegistry/REGISTRIES]: Registry minecraft:sound_event add: minecraft:entity.villager.work_cleric 886 net.minecraft.util.SoundEvent@648c3f5c (req. id 886)
[27Sep2026 09:11:46.122] [Server thread/TRACE] [net.minecraftforge.registries.ForgeRegistry/REGISTRIES]: Registry minecraft:sound_event add: minecraft:entity.villager.work_farmer 887 net.minecraft.util.SoundEvent@34524650 (req. id 887)
[27Sep2026 09:11:46.122] [Server thread/TRACE] [net.minecraftforge.registries.ForgeRegistry/REGISTRIES]: Registry minecraft:sound_event add: minecraft:entity.villager.work_fisherman 888 net.minecraft.util.SoundEvent@4b2162a4 (req. id 888)
[27Sep2026 09:11:46.122] [Server thread/TRACE] [net.minecraftforge.registries.ForgeRegistry/REGISTRIES]: Registry minecraft:sound_event add: minecraft:entity.villager.work_fletcher 889 net.minecraft.util.SoundEvent@7e5114d (req. id 889)
[27Sep2026 09:11:46.122] [Server thread/TRACE] [net.minecraftforge.registries.ForgeRegistry/REGISTRIES]: Registry minecraft:sound_event add: minecraft:entity.villager.work_leatherworker 890 net.minecraft.util.SoundEvent@53ee619f (req. id 890)
[27Sep2026 09:11:46.123] [Server thread/TRACE] [net.minecraftforge.registries.ForgeRegistry/REGISTRIES]: Registry minecraft:sound_event add: minecraft:entity.villager.work_librarian 891 net.minecraft.util.SoundEvent@5c965c33 (req. id 891)
[27Sep2026 09:11:46.123] [Server thread/TRACE] [net.minecraftforge.registries.ForgeRegistry/REGISTRIES]: Registry minecraft:sound_event add: minecraft:entity.villager.work_mason 892 net.minecraft.util.SoundEvent@f989140 (req. id 892)
[27Sep2026 09:11:46.123] [Server thread/TRACE] [net.minecraftforge.registries.ForgeRegistry/REGISTRIES]: Registry minecraft:sound_event add: minecraft:entity.villager.work_shepherd 893 net.minecraft.util.SoundEvent@1229f972 (req. id 893)
[27Sep2026 09:11:46.123] [Server thread/TRACE] [net.minecraftforge.registries.ForgeRegistry/REGISTRIES]: Registry minecraft:sound_event add: minecraft:entity.villager.work_toolsmith 894 net.minecraft.util.SoundEvent@61e8e45a (req. id 894)
[27Sep2026 09:11:46.123] [Server thread/TRACE] [net.minecraftforge.registries.ForgeRegistry/REGISTRIES]: Registry minecraft:sound_event add: minecraft:entity.villager.work_weaponsmith 895 net.minecraft.util.SoundEvent@4ccfcb93 (req. id 895)
[27Sep2026 09:11:46.123] [Server thread/TRACE] [net.minecraftforge.registries.ForgeRegistry/REGISTRIES]: Registry minecraft:sound_event add: minecraft:entity.vindicator.ambient 896 net.minecraft.util.SoundEvent@5bbe48f1 (req. id 896)
[27Sep2026 09:11:46.123] [Server thread/TRACE] [net.minecraftforge.registries.ForgeRegistry/REGISTRIES]: Registry minecraft:sound_event add: minecraft:entity.vindicator.celebrate 897 net.minecraft.util.SoundEvent@30184991 (req. id 897)
[27Sep2026 09:11:46.123] [Server thread/TRACE] [net.minecraftforge.registries.ForgeRegistry/REGISTRIES]: Registry minecraft:sound_event add: minecraft:entity.vindicator.death 898 net.minecraft.util.SoundEvent@701854d3 (req. id 898)
[27Sep2026 09:11:46.123] [Server thread/TRACE] [net.minecraftforge.registries.ForgeRegistry/REGISTRIES]: Registry minecraft:sound_event add: minecraft:entity.vindicator.hurt 899 net.minecraft.util.SoundEvent@1694bfdd (req. id 899)
[27Sep2026 09:11:46.123] [Server thread/TRACE] [net.minecraftforge.registries.ForgeRegistry/REGISTRIES]: Registry minecraft:sound_event add: minecraft:block.vine.step 900 net.minecraft.util.SoundEvent@46c129cf (req. id 900)
[27Sep2026 09:11:46.123] [Server thread/TRACE] [net.minecraftforge.registries.ForgeRegistry/REGISTRIES]: Registry minecraft:sound_event add: minecraft:block.lily_pad.place 901 net.minecraft.util.SoundEvent@31a481e8 (req. id 901)
[27Sep2026 09:11:46.123] [Server thread/TRACE] [net.minecraftforge.registries.ForgeRegistry/REGISTRIES]: Registry minecraft:sound_event add: minecraft:entity.wandering_trader.ambient 902 net.minecraft.util.SoundEvent@91e9346 (req. id 902)
[27Sep2026 09:11:46.123] [Server thread/TRACE] [net.minecraftforge.registries.ForgeRegistry/REGISTRIES]: Registry minecraft:sound_event add: minecraft:entity.wandering_trader.death 903 net.minecraft.util.SoundEvent@65ad38c8 (req. id 903)
[27Sep2026 09:11:46.123] [Server thread/TRACE] [net.minecraftforge.registries.ForgeRegistry/REGISTRIES]: Registry minecraft:sound_event add: minecraft:entity.wandering_trader.disappeared 904 net.minecraft.util.SoundEvent@53c9ca74 (req. id 904)
[27Sep2026 09:11:46.123] [Server thread/TRACE] [net.minecraftforge.registries.ForgeRegistry/REGISTRIES]: Registry minecraft:sound_event add: minecraft:entity.wandering_trader.drink_milk 905 net.minecraft.util.SoundEvent@fc9fa64 (req. id 905)
[27Sep2026 09:11:46.123] [Server thread/TRACE] [net.minecraftforge.registries.ForgeRegistry/REGISTRIES]: Registry minecraft:sound_event add: minecraft:entity.wandering_trader.drink_potion 906 net.minecraft.util.SoundEvent@2e079b7e (req. id 906)
[27Sep2026 09:11:46.123] [Server thread/TRACE] [net.minecraftforge.registries.ForgeRegistry/REGISTRIES]: Registry minecraft:sound_event add: minecraft:entity.wandering_trader.hurt 907 net.minecraft.util.SoundEvent@17e87cf3 (req. id 907)
[27Sep2026 09:11:46.123] [Server thread/TRACE] [net.minecraftforge.registries.ForgeRegistry/REGISTRIES]: Registry minecraft:sound_event add: minecraft:entity.wandering_trader.no 908 net.minecraft.util.SoundEvent@67d69f01 (req. id 908)
[27Sep2026 09:11:46.123] [Server thread/TRACE] [net.minecraftforge.registries.ForgeRegistry/REGISTRIES]: Registry minecraft:sound_event add: minecraft:entity.wandering_trader.reappeared 909 net.minecraft.util.SoundEvent@7c747bde (req. id 909)
[27Sep2026 09:11:46.123] [Server thread/TRACE] [net.minecraftforge.registries.ForgeRegistry/REGISTRIES]: Registry minecraft:sound_event add: minecraft:entity.wandering_trader.trade 910 net.minecraft.util.SoundEvent@7343719e (req. id 910)
[27Sep2026 09:11:46.123] [Server thread/TRACE] [net.minecraftforge.registries.ForgeRegistry/REGISTRIES]: Registry minecraft:sound_event add: minecraft:entity.wandering_trader.yes 911 net.minecraft.util.SoundEvent@66d617e9 (req. id 911)
[27Sep2026 09:11:46.123] [Server thread/TRACE] [net.minecraftforge.registries.ForgeRegistry/REGISTRIES]: Registry minecraft:sound_event add: minecraft:block.water.ambient 912 net.minecraft.util.SoundEvent@5fdb5abd (req. id 912)
[27Sep2026 09:11:46.123] [Server thread/TRACE] [net.minecraftforge.registries.ForgeRegistry/REGISTRIES]: Registry minecraft:sound_event add: minecraft:weather.rain 913 net.minecraft.util.SoundEvent@7fee571c (req. id 913)
[27Sep2026 09:11:46.123] [Server thread/TRACE] [net.minecraftforge.registries.ForgeRegistry/REGISTRIES]: Registry minecraft:sound_event add: minecraft:weather.rain.above 914 net.minecraft.util.SoundEvent@19bb98c1 (req. id 914)
[27Sep2026 09:11:46.123] [Server thread/TRACE] [net.minecraftforge.registries.ForgeRegistry/REGISTRIES]: Registry minecraft:sound_event add: minecraft:block.wet_grass.break 915 net.minecraft.util.SoundEvent@332c70df (req. id 915)
[27Sep2026 09:11:46.123] [Server thread/TRACE] [net.minecraftforge.registries.ForgeRegistry/REGISTRIES]: Registry minecraft:sound_event add: minecraft:block.wet_grass.fall 916 net.minecraft.util.SoundEvent@1dcfdd1d (req. id 916)
[27Sep2026 09:11:46.123] [Server thread/TRACE] [net.minecraftforge.registries.ForgeRegistry/REGISTRIES]: Registry minecraft:sound_event add: minecraft:block.wet_grass.hit 917 net.minecraft.util.SoundEvent@77da65fb (req. id 917)
[27Sep2026 09:11:46.123] [Server thread/TRACE] [net.minecraftforge.registries.ForgeRegistry/REGISTRIES]: Registry minecraft:sound_event add: minecraft:block.wet_grass.place 918 net.minecraft.util.SoundEvent@e910191 (req. id 918)
[27Sep2026 09:11:46.123] [Server thread/TRACE] [net.minecraftforge.registries.ForgeRegistry/REGISTRIES]: Registry minecraft:sound_event add: minecraft:block.wet_grass.step 919 net.minecraft.util.SoundEvent@4d375063 (req. id 919)
[27Sep2026 09:11:46.123] [Server thread/TRACE] [net.minecraftforge.registries.ForgeRegistry/REGISTRIES]: Registry minecraft:sound_event add: minecraft:entity.witch.ambient 920 net.minecraft.util.SoundEvent@2f2211a2 (req. id 920)
[27Sep2026 09:11:46.123] [Server thread/TRACE] [net.minecraftforge.registries.ForgeRegistry/REGISTRIES]: Registry minecraft:sound_event add: minecraft:entity.witch.celebrate 921 net.minecraft.util.SoundEvent@376e64b9 (req. id 921)
[27Sep2026 09:11:46.123] [Server thread/TRACE] [net.minecraftforge.registries.ForgeRegistry/REGISTRIES]: Registry minecraft:sound_event add: minecraft:entity.witch.death 922 net.minecraft.util.SoundEvent@7a8402a1 (req. id 922)
[27Sep2026 09:11:46.123] [Server thread/TRACE] [net.minecraftforge.registries.ForgeRegistry/REGISTRIES]: Registry minecraft:sound_event add: minecraft:entity.witch.drink 923 net.minecraft.util.SoundEvent@409f3c79 (req. id 923)
[27Sep2026 09:11:46.123] [Server thread/TRACE] [net.minecraftforge.registries.ForgeRegistry/REGISTRIES]: Registry minecraft:sound_event add: minecraft:entity.witch.hurt 924 net.minecraft.util.SoundEvent@5f24ec4e (req. id 924)
[27Sep2026 09:11:46.123] [Server thread/TRACE] [net.minecraftforge.registries.ForgeRegistry/REGISTRIES]: Registry minecraft:sound_event add: minecraft:entity.witch.throw 925 net.minecraft.util.SoundEvent@6f7ecb94 (req. id 925)
[27Sep2026 09:11:46.123] [Server thread/TRACE] [net.minecraftforge.registries.ForgeRegistry/REGISTRIES]: Registry minecraft:sound_event add: minecraft:entity.wither.ambient 926 net.minecraft.util.SoundEvent@44b58fc (req. id 926)
[27Sep2026 09:11:46.123] [Server thread/TRACE] [net.minecraftforge.registries.ForgeRegistry/REGISTRIES]: Registry minecraft:sound_event add: minecraft:entity.wither.break_block 927 net.minecraft.util.SoundEvent@5a2e1779 (req. id 927)
[27Sep2026 09:11:46.123] [Server thread/TRACE] [net.minecraftforge.registries.ForgeRegistry/REGISTRIES]: Registry minecraft:sound_event add: minecraft:entity.wither.death 928 net.minecraft.util.SoundEvent@5861fd (req. id 928)
[27Sep2026 09:11:46.123] [Server thread/TRACE] [net.minecraftforge.registries.ForgeRegistry/REGISTRIES]: Registry minecraft:sound_event add: minecraft:entity.wither.hurt 929 net.minecraft.util.SoundEvent@3e782132 (req. id 929)
[27Sep2026 09:11:46.123] [Server thread/TRACE] [net.minecraftforge.registries.ForgeRegistry/REGISTRIES]: Registry minecraft:sound_event add: minecraft:entity.wither.shoot 930 net.minecraft.util.SoundEvent@4e931492 (req. id 930)
[27Sep2026 09:11:46.123] [Server thread/TRACE] [net.minecraftforge.registries.ForgeRegistry/REGISTRIES]: Registry minecraft:sound_event add: minecraft:entity.wither_skeleton.ambient 931 net.minecraft.util.SoundEvent@561e037a (req. id 931)
[27Sep2026 09:11:46.123] [Server thread/TRACE] [net.minecraftforge.registries.ForgeRegistry/REGISTRIES]: Registry minecraft:sound_event add: minecraft:entity.wither_skeleton.death 932 net.minecraft.util.SoundEvent@e332d1e (req. id 932)
[27Sep2026 09:11:46.123] [Server thread/TRACE] [net.minecraftforge.registries.ForgeRegistry/REGISTRIES]: Registry minecraft:sound_event add: minecraft:entity.wither_skeleton.hurt 933 net.minecraft.util.SoundEvent@12b687bc (req. id 933)
[27Sep2026 09:11:46.123] [Server thread/TRACE] [net.minecraftforge.registries.ForgeRegistry/REGISTRIES]: Registry minecraft:sound_event add: minecraft:entity.wither_skeleton.step 934 net.minecraft.util.SoundEvent@43803f3e (req. id 934)
[27Sep2026 09:11:46.123] [Server thread/TRACE] [net.minecraftforge.registries.ForgeRegistry/REGISTRIES]: Registry minecraft:sound_event add: minecraft:entity.wither.spawn 935 net.minecraft.util.SoundEvent@2f06f14e (req. id 935)
[27Sep2026 09:11:46.123] [Server thread/TRACE] [net.minecraftforge.registries.ForgeRegistry/REGISTRIES]: Registry minecraft:sound_event add: minecraft:entity.wolf.ambient 936 net.minecraft.util.SoundEvent@dcdcffb (req. id 936)
[27Sep2026 09:11:46.123] [Server thread/TRACE] [net.minecraftforge.registries.ForgeRegistry/REGISTRIES]: Registry minecraft:sound_event add: minecraft:entity.wolf.death 937 net.minecraft.util.SoundEvent@4a0644ae (req. id 937)
[27Sep2026 09:11:46.123] [Server thread/TRACE] [net.minecraftforge.registries.ForgeRegistry/REGISTRIES]: Registry minecraft:sound_event add: minecraft:entity.wolf.growl 938 net.minecraft.util.SoundEvent@6e820648 (req. id 938)
[27Sep2026 09:11:46.123] [Server thread/TRACE] [net.minecraftforge.registries.ForgeRegistry/REGISTRIES]: Registry minecraft:sound_event add: minecraft:entity.wolf.howl 939 net.minecraft.util.SoundEvent@3a3353c5 (req. id 939)
[27Sep2026 09:11:46.123] [Server thread/TRACE] [net.minecraftforge.registries.ForgeRegistry/REGISTRIES]: Registry minecraft:sound_event add: minecraft:entity.wolf.hurt 940 net.minecraft.util.SoundEvent@5908b415 (req. id 940)
[27Sep2026 09:11:46.123] [Server thread/TRACE] [net.minecraftforge.registries.ForgeRegistry/REGISTRIES]: Registry minecraft:sound_event add: minecraft:entity.wolf.pant 941 net.minecraft.util.SoundEvent@1a6dc216 (req. id 941)
[27Sep2026 09:11:46.123] [Server thread/TRACE] [net.minecraftforge.registries.ForgeRegistry/REGISTRIES]: Registry minecraft:sound_event add: minecraft:entity.wolf.shake 942 net.minecraft.util.SoundEvent@2a5658e2 (req. id 942)
[27Sep2026 09:11:46.123] [Server thread/TRACE] [net.minecraftforge.registries.ForgeRegistry/REGISTRIES]: Registry minecraft:sound_event add: minecraft:entity.wolf.step 943 net.minecraft.util.SoundEvent@53cae3a3 (req. id 943)
[27Sep2026 09:11:46.123] [Server thread/TRACE] [net.minecraftforge.registries.ForgeRegistry/REGISTRIES]: Registry minecraft:sound_event add: minecraft:entity.wolf.whine 944 net.minecraft.util.SoundEvent@72af1cfc (req. id 944)
[27Sep2026 09:11:46.123] [Server thread/TRACE] [net.minecraftforge.registries.ForgeRegistry/REGISTRIES]: Registry minecraft:sound_event add: minecraft:block.wooden_door.close 945 net.minecraft.util.SoundEvent@3dce0fe7 (req. id 945)
[27Sep2026 09:11:46.123] [Server thread/TRACE] [net.minecraftforge.registries.ForgeRegistry/REGISTRIES]: Registry minecraft:sound_event add: minecraft:block.wooden_door.open 946 net.minecraft.util.SoundEvent@762fdab4 (req. id 946)
[27Sep2026 09:11:46.123] [Server thread/TRACE] [net.minecraftforge.registries.ForgeRegistry/REGISTRIES]: Registry minecraft:sound_event add: minecraft:block.wooden_trapdoor.close 947 net.minecraft.util.SoundEvent@49e0825b (req. id 947)
[27Sep2026 09:11:46.123] [Server thread/TRACE] [net.minecraftforge.registries.ForgeRegistry/REGISTRIES]: Registry minecraft:sound_event add: minecraft:block.wooden_trapdoor.open 948 net.minecraft.util.SoundEvent@72b6ed88 (req. id 948)
[27Sep2026 09:11:46.123] [Server thread/TRACE] [net.minecraftforge.registries.ForgeRegistry/REGISTRIES]: Registry minecraft:sound_event add: minecraft:block.wood.break 949 net.minecraft.util.SoundEvent@22555c69 (req. id 949)
[27Sep2026 09:11:46.124] [Server thread/TRACE] [net.minecraftforge.registries.ForgeRegistry/REGISTRIES]: Registry minecraft:sound_event add: minecraft:block.wooden_button.click_off 950 net.minecraft.util.SoundEvent@4229347a (req. id 950)
[27Sep2026 09:11:46.124] [Server thread/TRACE] [net.minecraftforge.registries.ForgeRegistry/REGISTRIES]: Registry minecraft:sound_event add: minecraft:block.wooden_button.click_on 951 net.minecraft.util.SoundEvent@2893bec7 (req. id 951)
[27Sep2026 09:11:46.124] [Server thread/TRACE] [net.minecraftforge.registries.ForgeRegistry/REGISTRIES]: Registry minecraft:sound_event add: minecraft:block.wood.fall 952 net.minecraft.util.SoundEvent@34a3012e (req. id 952)
[27Sep2026 09:11:46.124] [Server thread/TRACE] [net.minecraftforge.registries.ForgeRegistry/REGISTRIES]: Registry minecraft:sound_event add: minecraft:block.wood.hit 953 net.minecraft.util.SoundEvent@6c7083fb (req. id 953)
[27Sep2026 09:11:46.124] [Server thread/TRACE] [net.minecraftforge.registries.ForgeRegistry/REGISTRIES]: Registry minecraft:sound_event add: minecraft:block.wood.place 954 net.minecraft.util.SoundEvent@188c91ee (req. id 954)
[27Sep2026 09:11:46.124] [Server thread/TRACE] [net.minecraftforge.registries.ForgeRegistry/REGISTRIES]: Registry minecraft:sound_event add: minecraft:block.wooden_pressure_plate.click_off 955 net.minecraft.util.SoundEvent@398e4ceb (req. id 955)
[27Sep2026 09:11:46.124] [Server thread/TRACE] [net.minecraftforge.registries.ForgeRegistry/REGISTRIES]: Registry minecraft:sound_event add: minecraft:block.wooden_pressure_plate.click_on 956 net.minecraft.util.SoundEvent@596114ed (req. id 956)
[27Sep2026 09:11:46.124] [Server thread/TRACE] [net.minecraftforge.registries.ForgeRegistry/REGISTRIES]: Registry minecraft:sound_event add: minecraft:block.wood.step 957 net.minecraft.util.SoundEvent@1c248518 (req. id 957)
[27Sep2026 09:11:46.124] [Server thread/TRACE] [net.minecraftforge.registries.ForgeRegistry/REGISTRIES]: Registry minecraft:sound_event add: minecraft:block.wool.break 958 net.minecraft.util.SoundEvent@3cd16276 (req. id 958)
[27Sep2026 09:11:46.124] [Server thread/TRACE] [net.minecraftforge.registries.ForgeRegistry/REGISTRIES]: Registry minecraft:sound_event add: minecraft:block.wool.fall 959 net.minecraft.util.SoundEvent@7301bc32 (req. id 959)
[27Sep2026 09:11:46.124] [Server thread/TRACE] [net.minecraftforge.registries.ForgeRegistry/REGISTRIES]: Registry minecraft:sound_event add: minecraft:block.wool.hit 960 net.minecraft.util.SoundEvent@2821a1b9 (req. id 960)
[27Sep2026 09:11:46.124] [Server thread/TRACE] [net.minecraftforge.registries.ForgeRegistry/REGISTRIES]: Registry minecraft:sound_event add: minecraft:block.wool.place 961 net.minecraft.util.SoundEvent@12b2c9fc (req. id 961)
[27Sep2026 09:11:46.124] [Server thread/TRACE] [net.minecraftforge.registries.ForgeRegistry/REGISTRIES]: Registry minecraft:sound_event add: minecraft:block.wool.step 962 net.minecraft.util.SoundEvent@4196b390 (req. id 962)
[27Sep2026 09:11:46.124] [Server thread/TRACE] [net.minecraftforge.registries.ForgeRegistry/REGISTRIES]: Registry minecraft:sound_event add: minecraft:entity.zoglin.ambient 963 net.minecraft.util.SoundEvent@504ce80b (req. id 963)
[27Sep2026 09:11:46.124] [Server thread/TRACE] [net.minecraftforge.registries.ForgeRegistry/REGISTRIES]: Registry minecraft:sound_event add: minecraft:entity.zoglin.angry 964 net.minecraft.util.SoundEvent@53124dab (req. id 964)
[27Sep2026 09:11:46.124] [Server thread/TRACE] [net.minecraftforge.registries.ForgeRegistry/REGISTRIES]: Registry minecraft:sound_event add: minecraft:entity.zoglin.attack 965 net.minecraft.util.SoundEvent@85689e8 (req. id 965)
[27Sep2026 09:11:46.124] [Server thread/TRACE] [net.minecraftforge.registries.ForgeRegistry/REGISTRIES]: Registry minecraft:sound_event add: minecraft:entity.zoglin.death 966 net.minecraft.util.SoundEvent@12693548 (req. id 966)
[27Sep2026 09:11:46.124] [Server thread/TRACE] [net.minecraftforge.registries.ForgeRegistry/REGISTRIES]: Registry minecraft:sound_event add: minecraft:entity.zoglin.hurt 967 net.minecraft.util.SoundEvent@4d771eee (req. id 967)
[27Sep2026 09:11:46.124] [Server thread/TRACE] [net.minecraftforge.registries.ForgeRegistry/REGISTRIES]: Registry minecraft:sound_event add: minecraft:entity.zoglin.step 968 net.minecraft.util.SoundEvent@3b5ae588 (req. id 968)
[27Sep2026 09:11:46.124] [Server thread/TRACE] [net.minecraftforge.registries.ForgeRegistry/REGISTRIES]: Registry minecraft:sound_event add: minecraft:entity.zombie.ambient 969 net.minecraft.util.SoundEvent@66bafcfc (req. id 969)
[27Sep2026 09:11:46.124] [Server thread/TRACE] [net.minecraftforge.registries.ForgeRegistry/REGISTRIES]: Registry minecraft:sound_event add: minecraft:entity.zombie.attack_wooden_door 970 net.minecraft.util.SoundEvent@189ab194 (req. id 970)
[27Sep2026 09:11:46.124] [Server thread/TRACE] [net.minecraftforge.registries.ForgeRegistry/REGISTRIES]: Registry minecraft:sound_event add: minecraft:entity.zombie.attack_iron_door 971 net.minecraft.util.SoundEvent@49250073 (req. id 971)
[27Sep2026 09:11:46.124] [Server thread/TRACE] [net.minecraftforge.registries.ForgeRegistry/REGISTRIES]: Registry minecraft:sound_event add: minecraft:entity.zombie.break_wooden_door 972 net.minecraft.util.SoundEvent@16aea9d1 (req. id 972)
[27Sep2026 09:11:46.124] [Server thread/TRACE] [net.minecraftforge.registries.ForgeRegistry/REGISTRIES]: Registry minecraft:sound_event add: minecraft:entity.zombie.converted_to_drowned 973 net.minecraft.util.SoundEvent@702ce7ed (req. id 973)
[27Sep2026 09:11:46.124] [Server thread/TRACE] [net.minecraftforge.registries.ForgeRegistry/REGISTRIES]: Registry minecraft:sound_event add: minecraft:entity.zombie.death 974 net.minecraft.util.SoundEvent@70206c6 (req. id 974)
[27Sep2026 09:11:46.124] [Server thread/TRACE] [net.minecraftforge.registries.ForgeRegistry/REGISTRIES]: Registry minecraft:sound_event add: minecraft:entity.zombie.destroy_egg 975 net.minecraft.util.SoundEvent@6242a0f2 (req. id 975)
[27Sep2026 09:11:46.124] [Server thread/TRACE] [net.minecraftforge.registries.ForgeRegistry/REGISTRIES]: Registry minecraft:sound_event add: minecraft:entity.zombie_horse.ambient 976 net.minecraft.util.SoundEvent@330d0521 (req. id 976)
[27Sep2026 09:11:46.124] [Server thread/TRACE] [net.minecraftforge.registries.ForgeRegistry/REGISTRIES]: Registry minecraft:sound_event add: minecraft:entity.zombie_horse.death 977 net.minecraft.util.SoundEvent@636a6b2d (req. id 977)
[27Sep2026 09:11:46.124] [Server thread/TRACE] [net.minecraftforge.registries.ForgeRegistry/REGISTRIES]: Registry minecraft:sound_event add: minecraft:entity.zombie_horse.hurt 978 net.minecraft.util.SoundEvent@1f70e6d4 (req. id 978)
[27Sep2026 09:11:46.124] [Server thread/TRACE] [net.minecraftforge.registries.ForgeRegistry/REGISTRIES]: Registry minecraft:sound_event add: minecraft:entity.zombie.hurt 979 net.minecraft.util.SoundEvent@338cfef6 (req. id 979)
[27Sep2026 09:11:46.124] [Server thread/TRACE] [net.minecraftforge.registries.ForgeRegistry/REGISTRIES]: Registry minecraft:sound_event add: minecraft:entity.zombie.infect 980 net.minecraft.util.SoundEvent@1f7f5a29 (req. id 980)
[27Sep2026 09:11:46.124] [Server thread/TRACE] [net.minecraftforge.registries.ForgeRegistry/REGISTRIES]: Registry minecraft:sound_event add: minecraft:entity.zombified_piglin.ambient 981 net.minecraft.util.SoundEvent@2b82ba83 (req. id 981)
[27Sep2026 09:11:46.124] [Server thread/TRACE] [net.minecraftforge.registries.ForgeRegistry/REGISTRIES]: Registry minecraft:sound_event add: minecraft:entity.zombified_piglin.angry 982 net.minecraft.util.SoundEvent@f04edb (req. id 982)
[27Sep2026 09:11:46.124] [Server thread/TRACE] [net.minecraftforge.registries.ForgeRegistry/REGISTRIES]: Registry minecraft:sound_event add: minecraft:entity.zombified_piglin.death 983 net.minecraft.util.SoundEvent@2f439eeb (req. id 983)
[27Sep2026 09:11:46.124] [Server thread/TRACE] [net.minecraftforge.registries.ForgeRegistry/REGISTRIES]: Registry minecraft:sound_event add: minecraft:entity.zombified_piglin.hurt 984 net.minecraft.util.SoundEvent@27861c33 (req. id 984)
[27Sep2026 09:11:46.124] [Server thread/TRACE] [net.minecraftforge.registries.ForgeRegistry/REGISTRIES]: Registry minecraft:sound_event add: minecraft:entity.zombie.step 985 net.minecraft.util.SoundEvent@4d6a2af9 (req. id 985)
[27Sep2026 09:11:46.124] [Server thread/TRACE] [net.minecraftforge.registries.ForgeRegistry/REGISTRIES]: Registry minecraft:sound_event add: minecraft:entity.zombie_villager.ambient 986 net.minecraft.util.SoundEvent@2c41a263 (req. id 986)
[27Sep2026 09:11:46.124] [Server thread/TRACE] [net.minecraftforge.registries.ForgeRegistry/REGISTRIES]: Registry minecraft:sound_event add: minecraft:entity.zombie_villager.converted 987 net.minecraft.util.SoundEvent@61c572aa (req. id 987)
[27Sep2026 09:11:46.124] [Server thread/TRACE] [net.minecraftforge.registries.ForgeRegistry/REGISTRIES]: Registry minecraft:sound_event add: minecraft:entity.zombie_villager.cure 988 net.minecraft.util.SoundEvent@46b8f3f5 (req. id 988)
[27Sep2026 09:11:46.124] [Server thread/TRACE] [net.minecraftforge.registries.ForgeRegistry/REGISTRIES]: Registry minecraft:sound_event add: minecraft:entity.zombie_villager.death 989 net.minecraft.util.SoundEvent@1d1f9c9d (req. id 989)
[27Sep2026 09:11:46.124] [Server thread/TRACE] [net.minecraftforge.registries.ForgeRegistry/REGISTRIES]: Registry minecraft:sound_event add: minecraft:entity.zombie_villager.hurt 990 net.minecraft.util.SoundEvent@6ae79b5c (req. id 990)
[27Sep2026 09:11:46.124] [Server thread/TRACE] [net.minecraftforge.registries.ForgeRegistry/REGISTRIES]: Registry minecraft:sound_event add: minecraft:entity.zombie_villager.step 991 net.minecraft.util.SoundEvent@2e004ef6 (req. id 991)
[27Sep2026 09:11:46.124] [Server thread/DEBUG] [net.minecraftforge.registries.ForgeRegistry/REGISTRIES]: Registry minecraft:potion Sync: ACTIVE -> FROZEN
[27Sep2026 09:11:46.124] [Server thread/TRACE] [net.minecraftforge.registries.ForgeRegistry/REGISTRIES]: Registry minecraft:potion add: minecraft:empty 0 net.minecraft.potion.Potion@398d9c0b (req. id 0)
[27Sep2026 09:11:46.124] [Server thread/TRACE] [net.minecraftforge.registries.ForgeRegistry/REGISTRIES]: Registry minecraft:potion add: minecraft:water 1 net.minecraft.potion.Potion@10fb758c (req. id 1)
[27Sep2026 09:11:46.124] [Server thread/TRACE] [net.minecraftforge.registries.ForgeRegistry/REGISTRIES]: Registry minecraft:potion add: minecraft:mundane 2 net.minecraft.potion.Potion@67d5d5f5 (req. id 2)
[27Sep2026 09:11:46.124] [Server thread/TRACE] [net.minecraftforge.registries.ForgeRegistry/REGISTRIES]: Registry minecraft:potion add: minecraft:thick 3 net.minecraft.potion.Potion@b45019 (req. id 3)
[27Sep2026 09:11:46.125] [Server thread/TRACE] [net.minecraftforge.registries.ForgeRegistry/REGISTRIES]: Registry minecraft:potion add: minecraft:awkward 4 net.minecraft.potion.Potion@42b12430 (req. id 4)
[27Sep2026 09:11:46.125] [Server thread/TRACE] [net.minecraftforge.registries.ForgeRegistry/REGISTRIES]: Registry minecraft:potion add: minecraft:night_vision 5 net.minecraft.potion.Potion@2d23885c (req. id 5)
[27Sep2026 09:11:46.125] [Server thread/TRACE] [net.minecraftforge.registries.ForgeRegistry/REGISTRIES]: Registry minecraft:potion add: minecraft:long_night_vision 6 net.minecraft.potion.Potion@57469537 (req. id 6)
[27Sep2026 09:11:46.125] [Server thread/TRACE] [net.minecraftforge.registries.ForgeRegistry/REGISTRIES]: Registry minecraft:potion add: minecraft:invisibility 7 net.minecraft.potion.Potion@5ef6ce1d (req. id 7)
[27Sep2026 09:11:46.125] [Server thread/TRACE] [net.minecraftforge.registries.ForgeRegistry/REGISTRIES]: Registry minecraft:potion add: minecraft:long_invisibility 8 net.minecraft.potion.Potion@19fde0be (req. id 8)
[27Sep2026 09:11:46.125] [Server thread/TRACE] [net.minecraftforge.registries.ForgeRegistry/REGISTRIES]: Registry minecraft:potion add: minecraft:leaping 9 net.minecraft.potion.Potion@3c69412d (req. id 9)
[27Sep2026 09:11:46.125] [Server thread/TRACE] [net.minecraftforge.registries.ForgeRegistry/REGISTRIES]: Registry minecraft:potion add: minecraft:long_leaping 10 net.minecraft.potion.Potion@6f420673 (req. id 10)
[27Sep2026 09:11:46.125] [Server thread/TRACE] [net.minecraftforge.registries.ForgeRegistry/REGISTRIES]: Registry minecraft:potion add: minecraft:strong_leaping 11 net.minecraft.potion.Potion@5ad1a62a (req. id 11)
[27Sep2026 09:11:46.125] [Server thread/TRACE] [net.minecraftforge.registries.ForgeRegistry/REGISTRIES]: Registry minecraft:potion add: minecraft:fire_resistance 12 net.minecraft.potion.Potion@501d7882 (req. id 12)
[27Sep2026 09:11:46.125] [Server thread/TRACE] [net.minecraftforge.registries.ForgeRegistry/REGISTRIES]: Registry minecraft:potion add: minecraft:long_fire_resistance 13 net.minecraft.potion.Potion@63417e2f (req. id 13)
[27Sep2026 09:11:46.125] [Server thread/TRACE] [net.minecraftforge.registries.ForgeRegistry/REGISTRIES]: Registry minecraft:potion add: minecraft:swiftness 14 net.minecraft.potion.Potion@24c5b205 (req. id 14)
[27Sep2026 09:11:46.125] [Server thread/TRACE] [net.minecraftforge.registries.ForgeRegistry/REGISTRIES]: Registry minecraft:potion add: minecraft:long_swiftness 15 net.minecraft.potion.Potion@7c0f8d99 (req. id 15)
[27Sep2026 09:11:46.125] [Server thread/TRACE] [net.minecraftforge.registries.ForgeRegistry/REGISTRIES]: Registry minecraft:potion add: minecraft:strong_swiftness 16 net.minecraft.potion.Potion@73c971a1 (req. id 16)
[27Sep2026 09:11:46.125] [Server thread/TRACE] [net.minecraftforge.registries.ForgeRegistry/REGISTRIES]: Registry minecraft:potion add: minecraft:slowness 17 net.minecraft.potion.Potion@36660b96 (req. id 17)
[27Sep2026 09:11:46.125] [Server thread/TRACE] [net.minecraftforge.registries.ForgeRegistry/REGISTRIES]: Registry minecraft:potion add: minecraft:long_slowness 18 net.minecraft.potion.Potion@67072cd1 (req. id 18)
[27Sep2026 09:11:46.125] [Server thread/TRACE] [net.minecraftforge.registries.ForgeRegistry/REGISTRIES]: Registry minecraft:potion add: minecraft:strong_slowness 19 net.minecraft.potion.Potion@5c105620 (req. id 19)
[27Sep2026 09:11:46.125] [Server thread/TRACE] [net.minecraftforge.registries.ForgeRegistry/REGISTRIES]: Registry minecraft:potion add: minecraft:turtle_master 20 net.minecraft.potion.Potion@50284049 (req. id 20)
[27Sep2026 09:11:46.125] [Server thread/TRACE] [net.minecraftforge.registries.ForgeRegistry/REGISTRIES]: Registry minecraft:potion add: minecraft:long_turtle_master 21 net.minecraft.potion.Potion@4d0b8fc2 (req. id 21)
[27Sep2026 09:11:46.125] [Server thread/TRACE] [net.minecraftforge.registries.ForgeRegistry/REGISTRIES]: Registry minecraft:potion add: minecraft:strong_turtle_master 22 net.minecraft.potion.Potion@1b2154de (req. id 22)
[27Sep2026 09:11:46.125] [Server thread/TRACE] [net.minecraftforge.registries.ForgeRegistry/REGISTRIES]: Registry minecraft:potion add: minecraft:water_breathing 23 net.minecraft.potion.Potion@57502d4c (req. id 23)
[27Sep2026 09:11:46.125] [Server thread/TRACE] [net.minecraftforge.registries.ForgeRegistry/REGISTRIES]: Registry minecraft:potion add: minecraft:long_water_breathing 24 net.minecraft.potion.Potion@5eba934 (req. id 24)
[27Sep2026 09:11:46.125] [Server thread/TRACE] [net.minecraftforge.registries.ForgeRegistry/REGISTRIES]: Registry minecraft:potion add: minecraft:healing 25 net.minecraft.potion.Potion@1df98717 (req. id 25)
[27Sep2026 09:11:46.125] [Server thread/TRACE] [net.minecraftforge.registries.ForgeRegistry/REGISTRIES]: Registry minecraft:potion add: minecraft:strong_healing 26 net.minecraft.potion.Potion@7251830 (req. id 26)
[27Sep2026 09:11:46.125] [Server thread/TRACE] [net.minecraftforge.registries.ForgeRegistry/REGISTRIES]: Registry minecraft:potion add: minecraft:harming 27 net.minecraft.potion.Potion@48189b0b (req. id 27)
[27Sep2026 09:11:46.125] [Server thread/TRACE] [net.minecraftforge.registries.ForgeRegistry/REGISTRIES]: Registry minecraft:potion add: minecraft:strong_harming 28 net.minecraft.potion.Potion@20219689 (req. id 28)
[27Sep2026 09:11:46.125] [Server thread/TRACE] [net.minecraftforge.registries.ForgeRegistry/REGISTRIES]: Registry minecraft:potion add: minecraft:poison 29 net.minecraft.potion.Potion@df73d56 (req. id 29)
[27Sep2026 09:11:46.125] [Server thread/TRACE] [net.minecraftforge.registries.ForgeRegistry/REGISTRIES]: Registry minecraft:potion add: minecraft:long_poison 30 net.minecraft.potion.Potion@2bf40a2d (req. id 30)
[27Sep2026 09:11:46.125] [Server thread/TRACE] [net.minecraftforge.registries.ForgeRegistry/REGISTRIES]: Registry minecraft:potion add: minecraft:strong_poison 31 net.minecraft.potion.Potion@655696fb (req. id 31)
[27Sep2026 09:11:46.125] [Server thread/TRACE] [net.minecraftforge.registries.ForgeRegistry/REGISTRIES]: Registry minecraft:potion add: minecraft:regeneration 32 net.minecraft.potion.Potion@337a2b98 (req. id 32)
[27Sep2026 09:11:46.125] [Server thread/TRACE] [net.minecraftforge.registries.ForgeRegistry/REGISTRIES]: Registry minecraft:potion add: minecraft:long_regeneration 33 net.minecraft.potion.Potion@6e0fa7e (req. id 33)
[27Sep2026 09:11:46.125] [Server thread/TRACE] [net.minecraftforge.registries.ForgeRegistry/REGISTRIES]: Registry minecraft:potion add: minecraft:strong_regeneration 34 net.minecraft.potion.Potion@295a7307 (req. id 34)
[27Sep2026 09:11:46.125] [Server thread/TRACE] [net.minecraftforge.registries.ForgeRegistry/REGISTRIES]: Registry minecraft:potion add: minecraft:strength 35 net.minecraft.potion.Potion@6c70fd51 (req. id 35)
[27Sep2026 09:11:46.125] [Server thread/TRACE] [net.minecraftforge.registries.ForgeRegistry/REGISTRIES]: Registry minecraft:potion add: minecraft:long_strength 36 net.minecraft.potion.Potion@2a281087 (req. id 36)
[27Sep2026 09:11:46.125] [Server thread/TRACE] [net.minecraftforge.registries.ForgeRegistry/REGISTRIES]: Registry minecraft:potion add: minecraft:strong_strength 37 net.minecraft.potion.Potion@6ff78f2d (req. id 37)
[27Sep2026 09:11:46.125] [Server thread/TRACE] [net.minecraftforge.registries.ForgeRegistry/REGISTRIES]: Registry minecraft:potion add: minecraft:weakness 38 net.minecraft.potion.Potion@5bd49950 (req. id 38)
[27Sep2026 09:11:46.125] [Server thread/TRACE] [net.minecraftforge.registries.ForgeRegistry/REGISTRIES]: Registry minecraft:potion add: minecraft:long_weakness 39 net.minecraft.potion.Potion@a54a5f (req. id 39)
[27Sep2026 09:11:46.125] [Server thread/TRACE] [net.minecraftforge.registries.ForgeRegistry/REGISTRIES]: Registry minecraft:potion add: minecraft:luck 40 net.minecraft.potion.Potion@d95dbd6 (req. id 40)
[27Sep2026 09:11:46.125] [Server thread/TRACE] [net.minecraftforge.registries.ForgeRegistry/REGISTRIES]: Registry minecraft:potion add: minecraft:slow_falling 41 net.minecraft.potion.Potion@6980b87e (req. id 41)
[27Sep2026 09:11:46.125] [Server thread/TRACE] [net.minecraftforge.registries.ForgeRegistry/REGISTRIES]: Registry minecraft:potion add: minecraft:long_slow_falling 42 net.minecraft.potion.Potion@18e6006a (req. id 42)
[27Sep2026 09:11:46.125] [Server thread/DEBUG] [net.minecraftforge.registries.ForgeRegistry/REGISTRIES]: Registry minecraft:enchantment Sync: ACTIVE -> FROZEN
[27Sep2026 09:11:46.125] [Server thread/TRACE] [net.minecraftforge.registries.ForgeRegistry/REGISTRIES]: Registry minecraft:enchantment add: minecraft:protection 0 net.minecraft.enchantment.ProtectionEnchantment@17c8127b (req. id 0)
[27Sep2026 09:11:46.125] [Server thread/TRACE] [net.minecraftforge.registries.ForgeRegistry/REGISTRIES]: Registry minecraft:enchantment add: minecraft:fire_protection 1 net.minecraft.enchantment.ProtectionEnchantment@44f1ce73 (req. id 1)
[27Sep2026 09:11:46.125] [Server thread/TRACE] [net.minecraftforge.registries.ForgeRegistry/REGISTRIES]: Registry minecraft:enchantment add: minecraft:feather_falling 2 net.minecraft.enchantment.ProtectionEnchantment@7f6504a2 (req. id 2)
[27Sep2026 09:11:46.125] [Server thread/TRACE] [net.minecraftforge.registries.ForgeRegistry/REGISTRIES]: Registry minecraft:enchantment add: minecraft:blast_protection 3 net.minecraft.enchantment.ProtectionEnchantment@619010a2 (req. id 3)
[27Sep2026 09:11:46.125] [Server thread/TRACE] [net.minecraftforge.registries.ForgeRegistry/REGISTRIES]: Registry minecraft:enchantment add: minecraft:projectile_protection 4 net.minecraft.enchantment.ProtectionEnchantment@3805d98f (req. id 4)
[27Sep2026 09:11:46.125] [Server thread/TRACE] [net.minecraftforge.registries.ForgeRegistry/REGISTRIES]: Registry minecraft:enchantment add: minecraft:respiration 5 net.minecraft.enchantment.RespirationEnchantment@7eabbc0f (req. id 5)
[27Sep2026 09:11:46.125] [Server thread/TRACE] [net.minecraftforge.registries.ForgeRegistry/REGISTRIES]: Registry minecraft:enchantment add: minecraft:aqua_affinity 6 net.minecraft.enchantment.AquaAffinityEnchantment@4e8cf8be (req. id 6)
[27Sep2026 09:11:46.125] [Server thread/TRACE] [net.minecraftforge.registries.ForgeRegistry/REGISTRIES]: Registry minecraft:enchantment add: minecraft:thorns 7 net.minecraft.enchantment.ThornsEnchantment@3d90771c (req. id 7)
[27Sep2026 09:11:46.125] [Server thread/TRACE] [net.minecraftforge.registries.ForgeRegistry/REGISTRIES]: Registry minecraft:enchantment add: minecraft:depth_strider 8 net.minecraft.enchantment.DepthStriderEnchantment@78b7a6ad (req. id 8)
[27Sep2026 09:11:46.125] [Server thread/TRACE] [net.minecraftforge.registries.ForgeRegistry/REGISTRIES]: Registry minecraft:enchantment add: minecraft:frost_walker 9 net.minecraft.enchantment.FrostWalkerEnchantment@358f0059 (req. id 9)
[27Sep2026 09:11:46.125] [Server thread/TRACE] [net.minecraftforge.registries.ForgeRegistry/REGISTRIES]: Registry minecraft:enchantment add: minecraft:binding_curse 10 net.minecraft.enchantment.BindingCurseEnchantment@5a6ef15b (req. id 10)
[27Sep2026 09:11:46.125] [Server thread/TRACE] [net.minecraftforge.registries.ForgeRegistry/REGISTRIES]: Registry minecraft:enchantment add: minecraft:soul_speed 11 net.minecraft.enchantment.SoulSpeedEnchantment@65810896 (req. id 11)
[27Sep2026 09:11:46.125] [Server thread/TRACE] [net.minecraftforge.registries.ForgeRegistry/REGISTRIES]: Registry minecraft:enchantment add: minecraft:sharpness 12 net.minecraft.enchantment.DamageEnchantment@3a29769d (req. id 12)
[27Sep2026 09:11:46.125] [Server thread/TRACE] [net.minecraftforge.registries.ForgeRegistry/REGISTRIES]: Registry minecraft:enchantment add: minecraft:smite 13 net.minecraft.enchantment.DamageEnchantment@6ea0cab0 (req. id 13)
[27Sep2026 09:11:46.125] [Server thread/TRACE] [net.minecraftforge.registries.ForgeRegistry/REGISTRIES]: Registry minecraft:enchantment add: minecraft:bane_of_arthropods 14 net.minecraft.enchantment.DamageEnchantment@644d8a83 (req. id 14)
[27Sep2026 09:11:46.125] [Server thread/TRACE] [net.minecraftforge.registries.ForgeRegistry/REGISTRIES]: Registry minecraft:enchantment add: minecraft:knockback 15 net.minecraft.enchantment.KnockbackEnchantment@6d5dd0db (req. id 15)
[27Sep2026 09:11:46.125] [Server thread/TRACE] [net.minecraftforge.registries.ForgeRegistry/REGISTRIES]: Registry minecraft:enchantment add: minecraft:fire_aspect 16 net.minecraft.enchantment.FireAspectEnchantment@203a26f3 (req. id 16)
[27Sep2026 09:11:46.125] [Server thread/TRACE] [net.minecraftforge.registries.ForgeRegistry/REGISTRIES]: Registry minecraft:enchantment add: minecraft:looting 17 net.minecraft.enchantment.LootBonusEnchantment@4cdc683c (req. id 17)
[27Sep2026 09:11:46.125] [Server thread/TRACE] [net.minecraftforge.registries.ForgeRegistry/REGISTRIES]: Registry minecraft:enchantment add: minecraft:sweeping 18 net.minecraft.enchantment.SweepingEnchantment@37a96615 (req. id 18)
[27Sep2026 09:11:46.126] [Server thread/TRACE] [net.minecraftforge.registries.ForgeRegistry/REGISTRIES]: Registry minecraft:enchantment add: minecraft:efficiency 19 net.minecraft.enchantment.EfficiencyEnchantment@4e20fa08 (req. id 19)
[27Sep2026 09:11:46.126] [Server thread/TRACE] [net.minecraftforge.registries.ForgeRegistry/REGISTRIES]: Registry minecraft:enchantment add: minecraft:silk_touch 20 net.minecraft.enchantment.SilkTouchEnchantment@2a538068 (req. id 20)
[27Sep2026 09:11:46.126] [Server thread/TRACE] [net.minecraftforge.registries.ForgeRegistry/REGISTRIES]: Registry minecraft:enchantment add: minecraft:unbreaking 21 net.minecraft.enchantment.UnbreakingEnchantment@3896bbe7 (req. id 21)
[27Sep2026 09:11:46.126] [Server thread/TRACE] [net.minecraftforge.registries.ForgeRegistry/REGISTRIES]: Registry minecraft:enchantment add: minecraft:fortune 22 net.minecraft.enchantment.LootBonusEnchantment@74b85ca6 (req. id 22)
[27Sep2026 09:11:46.126] [Server thread/TRACE] [net.minecraftforge.registries.ForgeRegistry/REGISTRIES]: Registry minecraft:enchantment add: minecraft:power 23 net.minecraft.enchantment.PowerEnchantment@21829421 (req. id 23)
[27Sep2026 09:11:46.126] [Server thread/TRACE] [net.minecraftforge.registries.ForgeRegistry/REGISTRIES]: Registry minecraft:enchantment add: minecraft:punch 24 net.minecraft.enchantment.PunchEnchantment@29ba56f (req. id 24)
[27Sep2026 09:11:46.126] [Server thread/TRACE] [net.minecraftforge.registries.ForgeRegistry/REGISTRIES]: Registry minecraft:enchantment add: minecraft:flame 25 net.minecraft.enchantment.FlameEnchantment@69c4bc9f (req. id 25)
[27Sep2026 09:11:46.126] [Server thread/TRACE] [net.minecraftforge.registries.ForgeRegistry/REGISTRIES]: Registry minecraft:enchantment add: minecraft:infinity 26 net.minecraft.enchantment.InfinityEnchantment@1d3d5b1c (req. id 26)
[27Sep2026 09:11:46.128] [Server thread/TRACE] [net.minecraftforge.registries.ForgeRegistry/REGISTRIES]: Registry minecraft:enchantment add: minecraft:luck_of_the_sea 27 net.minecraft.enchantment.LootBonusEnchantment@57d6893d (req. id 27)
[27Sep2026 09:11:46.128] [Server thread/TRACE] [net.minecraftforge.registries.ForgeRegistry/REGISTRIES]: Registry minecraft:enchantment add: minecraft:lure 28 net.minecraft.enchantment.LureEnchantment@120b967c (req. id 28)
[27Sep2026 09:11:46.128] [Server thread/TRACE] [net.minecraftforge.registries.ForgeRegistry/REGISTRIES]: Registry minecraft:enchantment add: minecraft:loyalty 29 net.minecraft.enchantment.LoyaltyEnchantment@584ae822 (req. id 29)
[27Sep2026 09:11:46.128] [Server thread/TRACE] [net.minecraftforge.registries.ForgeRegistry/REGISTRIES]: Registry minecraft:enchantment add: minecraft:impaling 30 net.minecraft.enchantment.ImpalingEnchantment@742612a5 (req. id 30)
[27Sep2026 09:11:46.128] [Server thread/TRACE] [net.minecraftforge.registries.ForgeRegistry/REGISTRIES]: Registry minecraft:enchantment add: minecraft:riptide 31 net.minecraft.enchantment.RiptideEnchantment@265b674f (req. id 31)
[27Sep2026 09:11:46.129] [Server thread/TRACE] [net.minecraftforge.registries.ForgeRegistry/REGISTRIES]: Registry minecraft:enchantment add: minecraft:channeling 32 net.minecraft.enchantment.ChannelingEnchantment@124fc113 (req. id 32)
[27Sep2026 09:11:46.129] [Server thread/TRACE] [net.minecraftforge.registries.ForgeRegistry/REGISTRIES]: Registry minecraft:enchantment add: minecraft:multishot 33 net.minecraft.enchantment.MultishotEnchantment@947381f (req. id 33)
[27Sep2026 09:11:46.129] [Server thread/TRACE] [net.minecraftforge.registries.ForgeRegistry/REGISTRIES]: Registry minecraft:enchantment add: minecraft:quick_charge 34 net.minecraft.enchantment.QuickChargeEnchantment@792aaa5d (req. id 34)
[27Sep2026 09:11:46.129] [Server thread/TRACE] [net.minecraftforge.registries.ForgeRegistry/REGISTRIES]: Registry minecraft:enchantment add: minecraft:piercing 35 net.minecraft.enchantment.PiercingEnchantment@6fb94884 (req. id 35)
[27Sep2026 09:11:46.129] [Server thread/TRACE] [net.minecraftforge.registries.ForgeRegistry/REGISTRIES]: Registry minecraft:enchantment add: minecraft:mending 36 net.minecraft.enchantment.MendingEnchantment@48ea248d (req. id 36)
[27Sep2026 09:11:46.130] [Server thread/TRACE] [net.minecraftforge.registries.ForgeRegistry/REGISTRIES]: Registry minecraft:enchantment add: minecraft:vanishing_curse 37 net.minecraft.enchantment.VanishingCurseEnchantment@2e5c0109 (req. id 37)
[27Sep2026 09:11:46.130] [Server thread/DEBUG] [net.minecraftforge.registries.ForgeRegistry/REGISTRIES]: Registry minecraft:entity_type Sync: ACTIVE -> FROZEN
[27Sep2026 09:11:46.130] [Server thread/TRACE] [net.minecraftforge.registries.ForgeRegistry/REGISTRIES]: Registry minecraft:entity_type add: minecraft:area_effect_cloud 0 entity.minecraft.area_effect_cloud (req. id 0)
[27Sep2026 09:11:46.130] [Server thread/TRACE] [net.minecraftforge.registries.ForgeRegistry/REGISTRIES]: Registry minecraft:entity_type add: minecraft:armor_stand 1 entity.minecraft.armor_stand (req. id 1)
[27Sep2026 09:11:46.130] [Server thread/TRACE] [net.minecraftforge.registries.ForgeRegistry/REGISTRIES]: Registry minecraft:entity_type add: minecraft:arrow 2 entity.minecraft.arrow (req. id 2)
[27Sep2026 09:11:46.130] [Server thread/TRACE] [net.minecraftforge.registries.ForgeRegistry/REGISTRIES]: Registry minecraft:entity_type add: minecraft:bat 3 entity.minecraft.bat (req. id 3)
[27Sep2026 09:11:46.130] [Server thread/TRACE] [net.minecraftforge.registries.ForgeRegistry/REGISTRIES]: Registry minecraft:entity_type add: minecraft:bee 4 entity.minecraft.bee (req. id 4)
[27Sep2026 09:11:46.130] [Server thread/TRACE] [net.minecraftforge.registries.ForgeRegistry/REGISTRIES]: Registry minecraft:entity_type add: minecraft:blaze 5 entity.minecraft.blaze (req. id 5)
[27Sep2026 09:11:46.130] [Server thread/TRACE] [net.minecraftforge.registries.ForgeRegistry/REGISTRIES]: Registry minecraft:entity_type add: minecraft:boat 6 entity.minecraft.boat (req. id 6)
[27Sep2026 09:11:46.130] [Server thread/TRACE] [net.minecraftforge.registries.ForgeRegistry/REGISTRIES]: Registry minecraft:entity_type add: minecraft:cat 7 entity.minecraft.cat (req. id 7)
[27Sep2026 09:11:46.130] [Server thread/TRACE] [net.minecraftforge.registries.ForgeRegistry/REGISTRIES]: Registry minecraft:entity_type add: minecraft:cave_spider 8 entity.minecraft.cave_spider (req. id 8)
[27Sep2026 09:11:46.130] [Server thread/TRACE] [net.minecraftforge.registries.ForgeRegistry/REGISTRIES]: Registry minecraft:entity_type add: minecraft:chicken 9 entity.minecraft.chicken (req. id 9)
[27Sep2026 09:11:46.130] [Server thread/TRACE] [net.minecraftforge.registries.ForgeRegistry/REGISTRIES]: Registry minecraft:entity_type add: minecraft:cod 10 entity.minecraft.cod (req. id 10)
[27Sep2026 09:11:46.130] [Server thread/TRACE] [net.minecraftforge.registries.ForgeRegistry/REGISTRIES]: Registry minecraft:entity_type add: minecraft:cow 11 entity.minecraft.cow (req. id 11)
[27Sep2026 09:11:46.130] [Server thread/TRACE] [net.minecraftforge.registries.ForgeRegistry/REGISTRIES]: Registry minecraft:entity_type add: minecraft:creeper 12 entity.minecraft.creeper (req. id 12)
[27Sep2026 09:11:46.130] [Server thread/TRACE] [net.minecraftforge.registries.ForgeRegistry/REGISTRIES]: Registry minecraft:entity_type add: minecraft:dolphin 13 entity.minecraft.dolphin (req. id 13)
[27Sep2026 09:11:46.130] [Server thread/TRACE] [net.minecraftforge.registries.ForgeRegistry/REGISTRIES]: Registry minecraft:entity_type add: minecraft:donkey 14 entity.minecraft.donkey (req. id 14)
[27Sep2026 09:11:46.130] [Server thread/TRACE] [net.minecraftforge.registries.ForgeRegistry/REGISTRIES]: Registry minecraft:entity_type add: minecraft:dragon_fireball 15 entity.minecraft.dragon_fireball (req. id 15)
[27Sep2026 09:11:46.130] [Server thread/TRACE] [net.minecraftforge.registries.ForgeRegistry/REGISTRIES]: Registry minecraft:entity_type add: minecraft:drowned 16 entity.minecraft.drowned (req. id 16)
[27Sep2026 09:11:46.130] [Server thread/TRACE] [net.minecraftforge.registries.ForgeRegistry/REGISTRIES]: Registry minecraft:entity_type add: minecraft:elder_guardian 17 entity.minecraft.elder_guardian (req. id 17)
[27Sep2026 09:11:46.130] [Server thread/TRACE] [net.minecraftforge.registries.ForgeRegistry/REGISTRIES]: Registry minecraft:entity_type add: minecraft:end_crystal 18 entity.minecraft.end_crystal (req. id 18)
[27Sep2026 09:11:46.130] [Server thread/TRACE] [net.minecraftforge.registries.ForgeRegistry/REGISTRIES]: Registry minecraft:entity_type add: minecraft:ender_dragon 19 entity.minecraft.ender_dragon (req. id 19)
[27Sep2026 09:11:46.130] [Server thread/TRACE] [net.minecraftforge.registries.ForgeRegistry/REGISTRIES]: Registry minecraft:entity_type add: minecraft:enderman 20 entity.minecraft.enderman (req. id 20)
[27Sep2026 09:11:46.130] [Server thread/TRACE] [net.minecraftforge.registries.ForgeRegistry/REGISTRIES]: Registry minecraft:entity_type add: minecraft:endermite 21 entity.minecraft.endermite (req. id 21)
[27Sep2026 09:11:46.130] [Server thread/TRACE] [net.minecraftforge.registries.ForgeRegistry/REGISTRIES]: Registry minecraft:entity_type add: minecraft:evoker 22 entity.minecraft.evoker (req. id 22)
[27Sep2026 09:11:46.130] [Server thread/TRACE] [net.minecraftforge.registries.ForgeRegistry/REGISTRIES]: Registry minecraft:entity_type add: minecraft:evoker_fangs 23 entity.minecraft.evoker_fangs (req. id 23)
[27Sep2026 09:11:46.130] [Server thread/TRACE] [net.minecraftforge.registries.ForgeRegistry/REGISTRIES]: Registry minecraft:entity_type add: minecraft:experience_orb 24 entity.minecraft.experience_orb (req. id 24)
[27Sep2026 09:11:46.130] [Server thread/TRACE] [net.minecraftforge.registries.ForgeRegistry/REGISTRIES]: Registry minecraft:entity_type add: minecraft:eye_of_ender 25 entity.minecraft.eye_of_ender (req. id 25)
[27Sep2026 09:11:46.130] [Server thread/TRACE] [net.minecraftforge.registries.ForgeRegistry/REGISTRIES]: Registry minecraft:entity_type add: minecraft:falling_block 26 entity.minecraft.falling_block (req. id 26)
[27Sep2026 09:11:46.130] [Server thread/TRACE] [net.minecraftforge.registries.ForgeRegistry/REGISTRIES]: Registry minecraft:entity_type add: minecraft:firework_rocket 27 entity.minecraft.firework_rocket (req. id 27)
[27Sep2026 09:11:46.130] [Server thread/TRACE] [net.minecraftforge.registries.ForgeRegistry/REGISTRIES]: Registry minecraft:entity_type add: minecraft:fox 28 entity.minecraft.fox (req. id 28)
[27Sep2026 09:11:46.130] [Server thread/TRACE] [net.minecraftforge.registries.ForgeRegistry/REGISTRIES]: Registry minecraft:entity_type add: minecraft:ghast 29 entity.minecraft.ghast (req. id 29)
[27Sep2026 09:11:46.130] [Server thread/TRACE] [net.minecraftforge.registries.ForgeRegistry/REGISTRIES]: Registry minecraft:entity_type add: minecraft:giant 30 entity.minecraft.giant (req. id 30)
[27Sep2026 09:11:46.130] [Server thread/TRACE] [net.minecraftforge.registries.ForgeRegistry/REGISTRIES]: Registry minecraft:entity_type add: minecraft:guardian 31 entity.minecraft.guardian (req. id 31)
[27Sep2026 09:11:46.130] [Server thread/TRACE] [net.minecraftforge.registries.ForgeRegistry/REGISTRIES]: Registry minecraft:entity_type add: minecraft:hoglin 32 entity.minecraft.hoglin (req. id 32)
[27Sep2026 09:11:46.130] [Server thread/TRACE] [net.minecraftforge.registries.ForgeRegistry/REGISTRIES]: Registry minecraft:entity_type add: minecraft:horse 33 entity.minecraft.horse (req. id 33)
[27Sep2026 09:11:46.130] [Server thread/TRACE] [net.minecraftforge.registries.ForgeRegistry/REGISTRIES]: Registry minecraft:entity_type add: minecraft:husk 34 entity.minecraft.husk (req. id 34)
[27Sep2026 09:11:46.130] [Server thread/TRACE] [net.minecraftforge.registries.ForgeRegistry/REGISTRIES]: Registry minecraft:entity_type add: minecraft:illusioner 35 entity.minecraft.illusioner (req. id 35)
[27Sep2026 09:11:46.130] [Server thread/TRACE] [net.minecraftforge.registries.ForgeRegistry/REGISTRIES]: Registry minecraft:entity_type add: minecraft:iron_golem 36 entity.minecraft.iron_golem (req. id 36)
[27Sep2026 09:11:46.130] [Server thread/TRACE] [net.minecraftforge.registries.ForgeRegistry/REGISTRIES]: Registry minecraft:entity_type add: minecraft:item 37 entity.minecraft.item (req. id 37)
[27Sep2026 09:11:46.130] [Server thread/TRACE] [net.minecraftforge.registries.ForgeRegistry/REGISTRIES]: Registry minecraft:entity_type add: minecraft:item_frame 38 entity.minecraft.item_frame (req. id 38)
[27Sep2026 09:11:46.130] [Server thread/TRACE] [net.minecraftforge.registries.ForgeRegistry/REGISTRIES]: Registry minecraft:entity_type add: minecraft:fireball 39 entity.minecraft.fireball (req. id 39)
[27Sep2026 09:11:46.130] [Server thread/TRACE] [net.minecraftforge.registries.ForgeRegistry/REGISTRIES]: Registry minecraft:entity_type add: minecraft:leash_knot 40 entity.minecraft.leash_knot (req. id 40)
[27Sep2026 09:11:46.130] [Server thread/TRACE] [net.minecraftforge.registries.ForgeRegistry/REGISTRIES]: Registry minecraft:entity_type add: minecraft:lightning_bolt 41 entity.minecraft.lightning_bolt (req. id 41)
[27Sep2026 09:11:46.130] [Server thread/TRACE] [net.minecraftforge.registries.ForgeRegistry/REGISTRIES]: Registry minecraft:entity_type add: minecraft:llama 42 entity.minecraft.llama (req. id 42)
[27Sep2026 09:11:46.130] [Server thread/TRACE] [net.minecraftforge.registries.ForgeRegistry/REGISTRIES]: Registry minecraft:entity_type add: minecraft:llama_spit 43 entity.minecraft.llama_spit (req. id 43)
[27Sep2026 09:11:46.130] [Server thread/TRACE] [net.minecraftforge.registries.ForgeRegistry/REGISTRIES]: Registry minecraft:entity_type add: minecraft:magma_cube 44 entity.minecraft.magma_cube (req. id 44)
[27Sep2026 09:11:46.130] [Server thread/TRACE] [net.minecraftforge.registries.ForgeRegistry/REGISTRIES]: Registry minecraft:entity_type add: minecraft:minecart 45 entity.minecraft.minecart (req. id 45)
[27Sep2026 09:11:46.130] [Server thread/TRACE] [net.minecraftforge.registries.ForgeRegistry/REGISTRIES]: Registry minecraft:entity_type add: minecraft:chest_minecart 46 entity.minecraft.chest_minecart (req. id 46)
[27Sep2026 09:11:46.130] [Server thread/TRACE] [net.minecraftforge.registries.ForgeRegistry/REGISTRIES]: Registry minecraft:entity_type add: minecraft:command_block_minecart 47 entity.minecraft.command_block_minecart (req. id 47)
[27Sep2026 09:11:46.130] [Server thread/TRACE] [net.minecraftforge.registries.ForgeRegistry/REGISTRIES]: Registry minecraft:entity_type add: minecraft:furnace_minecart 48 entity.minecraft.furnace_minecart (req. id 48)
[27Sep2026 09:11:46.130] [Server thread/TRACE] [net.minecraftforge.registries.ForgeRegistry/REGISTRIES]: Registry minecraft:entity_type add: minecraft:hopper_minecart 49 entity.minecraft.hopper_minecart (req. id 49)
[27Sep2026 09:11:46.130] [Server thread/TRACE] [net.minecraftforge.registries.ForgeRegistry/REGISTRIES]: Registry minecraft:entity_type add: minecraft:spawner_minecart 50 entity.minecraft.spawner_minecart (req. id 50)
[27Sep2026 09:11:46.130] [Server thread/TRACE] [net.minecraftforge.registries.ForgeRegistry/REGISTRIES]: Registry minecraft:entity_type add: minecraft:tnt_minecart 51 entity.minecraft.tnt_minecart (req. id 51)
[27Sep2026 09:11:46.130] [Server thread/TRACE] [net.minecraftforge.registries.ForgeRegistry/REGISTRIES]: Registry minecraft:entity_type add: minecraft:mule 52 entity.minecraft.mule (req. id 52)
[27Sep2026 09:11:46.130] [Server thread/TRACE] [net.minecraftforge.registries.ForgeRegistry/REGISTRIES]: Registry minecraft:entity_type add: minecraft:mooshroom 53 entity.minecraft.mooshroom (req. id 53)
[27Sep2026 09:11:46.130] [Server thread/TRACE] [net.minecraftforge.registries.ForgeRegistry/REGISTRIES]: Registry minecraft:entity_type add: minecraft:ocelot 54 entity.minecraft.ocelot (req. id 54)
[27Sep2026 09:11:46.131] [Server thread/TRACE] [net.minecraftforge.registries.ForgeRegistry/REGISTRIES]: Registry minecraft:entity_type add: minecraft:painting 55 entity.minecraft.painting (req. id 55)
[27Sep2026 09:11:46.131] [Server thread/TRACE] [net.minecraftforge.registries.ForgeRegistry/REGISTRIES]: Registry minecraft:entity_type add: minecraft:panda 56 entity.minecraft.panda (req. id 56)
[27Sep2026 09:11:46.131] [Server thread/TRACE] [net.minecraftforge.registries.ForgeRegistry/REGISTRIES]: Registry minecraft:entity_type add: minecraft:parrot 57 entity.minecraft.parrot (req. id 57)
[27Sep2026 09:11:46.131] [Server thread/TRACE] [net.minecraftforge.registries.ForgeRegistry/REGISTRIES]: Registry minecraft:entity_type add: minecraft:phantom 58 entity.minecraft.phantom (req. id 58)
[27Sep2026 09:11:46.131] [Server thread/TRACE] [net.minecraftforge.registries.ForgeRegistry/REGISTRIES]: Registry minecraft:entity_type add: minecraft:pig 59 entity.minecraft.pig (req. id 59)
[27Sep2026 09:11:46.131] [Server thread/TRACE] [net.minecraftforge.registries.ForgeRegistry/REGISTRIES]: Registry minecraft:entity_type add: minecraft:piglin 60 entity.minecraft.piglin (req. id 60)
[27Sep2026 09:11:46.131] [Server thread/TRACE] [net.minecraftforge.registries.ForgeRegistry/REGISTRIES]: Registry minecraft:entity_type add: minecraft:piglin_brute 61 entity.minecraft.piglin_brute (req. id 61)
[27Sep2026 09:11:46.131] [Server thread/TRACE] [net.minecraftforge.registries.ForgeRegistry/REGISTRIES]: Registry minecraft:entity_type add: minecraft:pillager 62 entity.minecraft.pillager (req. id 62)
[27Sep2026 09:11:46.131] [Server thread/TRACE] [net.minecraftforge.registries.ForgeRegistry/REGISTRIES]: Registry minecraft:entity_type add: minecraft:polar_bear 63 entity.minecraft.polar_bear (req. id 63)
[27Sep2026 09:11:46.131] [Server thread/TRACE] [net.minecraftforge.registries.ForgeRegistry/REGISTRIES]: Registry minecraft:entity_type add: minecraft:tnt 64 entity.minecraft.tnt (req. id 64)
[27Sep2026 09:11:46.131] [Server thread/TRACE] [net.minecraftforge.registries.ForgeRegistry/REGISTRIES]: Registry minecraft:entity_type add: minecraft:pufferfish 65 entity.minecraft.pufferfish (req. id 65)
[27Sep2026 09:11:46.131] [Server thread/TRACE] [net.minecraftforge.registries.ForgeRegistry/REGISTRIES]: Registry minecraft:entity_type add: minecraft:rabbit 66 entity.minecraft.rabbit (req. id 66)
[27Sep2026 09:11:46.131] [Server thread/TRACE] [net.minecraftforge.registries.ForgeRegistry/REGISTRIES]: Registry minecraft:entity_type add: minecraft:ravager 67 entity.minecraft.ravager (req. id 67)
[27Sep2026 09:11:46.131] [Server thread/TRACE] [net.minecraftforge.registries.ForgeRegistry/REGISTRIES]: Registry minecraft:entity_type add: minecraft:salmon 68 entity.minecraft.salmon (req. id 68)
[27Sep2026 09:11:46.131] [Server thread/TRACE] [net.minecraftforge.registries.ForgeRegistry/REGISTRIES]: Registry minecraft:entity_type add: minecraft:sheep 69 entity.minecraft.sheep (req. id 69)
[27Sep2026 09:11:46.131] [Server thread/TRACE] [net.minecraftforge.registries.ForgeRegistry/REGISTRIES]: Registry minecraft:entity_type add: minecraft:shulker 70 entity.minecraft.shulker (req. id 70)
[27Sep2026 09:11:46.131] [Server thread/TRACE] [net.minecraftforge.registries.ForgeRegistry/REGISTRIES]: Registry minecraft:entity_type add: minecraft:shulker_bullet 71 entity.minecraft.shulker_bullet (req. id 71)
[27Sep2026 09:11:46.131] [Server thread/TRACE] [net.minecraftforge.registries.ForgeRegistry/REGISTRIES]: Registry minecraft:entity_type add: minecraft:silverfish 72 entity.minecraft.silverfish (req. id 72)
[27Sep2026 09:11:46.131] [Server thread/TRACE] [net.minecraftforge.registries.ForgeRegistry/REGISTRIES]: Registry minecraft:entity_type add: minecraft:skeleton 73 entity.minecraft.skeleton (req. id 73)
[27Sep2026 09:11:46.131] [Server thread/TRACE] [net.minecraftforge.registries.ForgeRegistry/REGISTRIES]: Registry minecraft:entity_type add: minecraft:skeleton_horse 74 entity.minecraft.skeleton_horse (req. id 74)
[27Sep2026 09:11:46.131] [Server thread/TRACE] [net.minecraftforge.registries.ForgeRegistry/REGISTRIES]: Registry minecraft:entity_type add: minecraft:slime 75 entity.minecraft.slime (req. id 75)
[27Sep2026 09:11:46.131] [Server thread/TRACE] [net.minecraftforge.registries.ForgeRegistry/REGISTRIES]: Registry minecraft:entity_type add: minecraft:small_fireball 76 entity.minecraft.small_fireball (req. id 76)
[27Sep2026 09:11:46.131] [Server thread/TRACE] [net.minecraftforge.registries.ForgeRegistry/REGISTRIES]: Registry minecraft:entity_type add: minecraft:snow_golem 77 entity.minecraft.snow_golem (req. id 77)
[27Sep2026 09:11:46.131] [Server thread/TRACE] [net.minecraftforge.registries.ForgeRegistry/REGISTRIES]: Registry minecraft:entity_type add: minecraft:snowball 78 entity.minecraft.snowball (req. id 78)
[27Sep2026 09:11:46.131] [Server thread/TRACE] [net.minecraftforge.registries.ForgeRegistry/REGISTRIES]: Registry minecraft:entity_type add: minecraft:spectral_arrow 79 entity.minecraft.spectral_arrow (req. id 79)
[27Sep2026 09:11:46.131] [Server thread/TRACE] [net.minecraftforge.registries.ForgeRegistry/REGISTRIES]: Registry minecraft:entity_type add: minecraft:spider 80 entity.minecraft.spider (req. id 80)
[27Sep2026 09:11:46.131] [Server thread/TRACE] [net.minecraftforge.registries.ForgeRegistry/REGISTRIES]: Registry minecraft:entity_type add: minecraft:squid 81 entity.minecraft.squid (req. id 81)
[27Sep2026 09:11:46.131] [Server thread/TRACE] [net.minecraftforge.registries.ForgeRegistry/REGISTRIES]: Registry minecraft:entity_type add: minecraft:stray 82 entity.minecraft.stray (req. id 82)
[27Sep2026 09:11:46.131] [Server thread/TRACE] [net.minecraftforge.registries.ForgeRegistry/REGISTRIES]: Registry minecraft:entity_type add: minecraft:strider 83 entity.minecraft.strider (req. id 83)
[27Sep2026 09:11:46.131] [Server thread/TRACE] [net.minecraftforge.registries.ForgeRegistry/REGISTRIES]: Registry minecraft:entity_type add: minecraft:egg 84 entity.minecraft.egg (req. id 84)
[27Sep2026 09:11:46.131] [Server thread/TRACE] [net.minecraftforge.registries.ForgeRegistry/REGISTRIES]: Registry minecraft:entity_type add: minecraft:ender_pearl 85 entity.minecraft.ender_pearl (req. id 85)
[27Sep2026 09:11:46.131] [Server thread/TRACE] [net.minecraftforge.registries.ForgeRegistry/REGISTRIES]: Registry minecraft:entity_type add: minecraft:experience_bottle 86 entity.minecraft.experience_bottle (req. id 86)
[27Sep2026 09:11:46.131] [Server thread/TRACE] [net.minecraftforge.registries.ForgeRegistry/REGISTRIES]: Registry minecraft:entity_type add: minecraft:potion 87 entity.minecraft.potion (req. id 87)
[27Sep2026 09:11:46.131] [Server thread/TRACE] [net.minecraftforge.registries.ForgeRegistry/REGISTRIES]: Registry minecraft:entity_type add: minecraft:trident 88 entity.minecraft.trident (req. id 88)
[27Sep2026 09:11:46.131] [Server thread/TRACE] [net.minecraftforge.registries.ForgeRegistry/REGISTRIES]: Registry minecraft:entity_type add: minecraft:trader_llama 89 entity.minecraft.trader_llama (req. id 89)
[27Sep2026 09:11:46.131] [Server thread/TRACE] [net.minecraftforge.registries.ForgeRegistry/REGISTRIES]: Registry minecraft:entity_type add: minecraft:tropical_fish 90 entity.minecraft.tropical_fish (req. id 90)
[27Sep2026 09:11:46.131] [Server thread/TRACE] [net.minecraftforge.registries.ForgeRegistry/REGISTRIES]: Registry minecraft:entity_type add: minecraft:turtle 91 entity.minecraft.turtle (req. id 91)
[27Sep2026 09:11:46.131] [Server thread/TRACE] [net.minecraftforge.registries.ForgeRegistry/REGISTRIES]: Registry minecraft:entity_type add: minecraft:vex 92 entity.minecraft.vex (req. id 92)
[27Sep2026 09:11:46.131] [Server thread/TRACE] [net.minecraftforge.registries.ForgeRegistry/REGISTRIES]: Registry minecraft:entity_type add: minecraft:villager 93 entity.minecraft.villager (req. id 93)
[27Sep2026 09:11:46.131] [Server thread/TRACE] [net.minecraftforge.registries.ForgeRegistry/REGISTRIES]: Registry minecraft:entity_type add: minecraft:vindicator 94 entity.minecraft.vindicator (req. id 94)
[27Sep2026 09:11:46.131] [Server thread/TRACE] [net.minecraftforge.registries.ForgeRegistry/REGISTRIES]: Registry minecraft:entity_type add: minecraft:wandering_trader 95 entity.minecraft.wandering_trader (req. id 95)
[27Sep2026 09:11:46.131] [Server thread/TRACE] [net.minecraftforge.registries.ForgeRegistry/REGISTRIES]: Registry minecraft:entity_type add: minecraft:witch 96 entity.minecraft.witch (req. id 96)
[27Sep2026 09:11:46.132] [Server thread/TRACE] [net.minecraftforge.registries.ForgeRegistry/REGISTRIES]: Registry minecraft:entity_type add: minecraft:wither 97 entity.minecraft.wither (req. id 97)
[27Sep2026 09:11:46.132] [Server thread/TRACE] [net.minecraftforge.registries.ForgeRegistry/REGISTRIES]: Registry minecraft:entity_type add: minecraft:wither_skeleton 98 entity.minecraft.wither_skeleton (req. id 98)
[27Sep2026 09:11:46.132] [Server thread/TRACE] [net.minecraftforge.registries.ForgeRegistry/REGISTRIES]: Registry minecraft:entity_type add: minecraft:wither_skull 99 entity.minecraft.wither_skull (req. id 99)
[27Sep2026 09:11:46.132] [Server thread/TRACE] [net.minecraftforge.registries.ForgeRegistry/REGISTRIES]: Registry minecraft:entity_type add: minecraft:wolf 100 entity.minecraft.wolf (req. id 100)
[27Sep2026 09:11:46.132] [Server thread/TRACE] [net.minecraftforge.registries.ForgeRegistry/REGISTRIES]: Registry minecraft:entity_type add: minecraft:zoglin 101 entity.minecraft.zoglin (req. id 101)
[27Sep2026 09:11:46.132] [Server thread/TRACE] [net.minecraftforge.registries.ForgeRegistry/REGISTRIES]: Registry minecraft:entity_type add: minecraft:zombie 102 entity.minecraft.zombie (req. id 102)
[27Sep2026 09:11:46.132] [Server thread/TRACE] [net.minecraftforge.registries.ForgeRegistry/REGISTRIES]: Registry minecraft:entity_type add: minecraft:zombie_horse 103 entity.minecraft.zombie_horse (req. id 103)
[27Sep2026 09:11:46.132] [Server thread/TRACE] [net.minecraftforge.registries.ForgeRegistry/REGISTRIES]: Registry minecraft:entity_type add: minecraft:zombie_villager 104 entity.minecraft.zombie_villager (req. id 104)
[27Sep2026 09:11:46.132] [Server thread/TRACE] [net.minecraftforge.registries.ForgeRegistry/REGISTRIES]: Registry minecraft:entity_type add: minecraft:zombified_piglin 105 entity.minecraft.zombified_piglin (req. id 105)
[27Sep2026 09:11:46.132] [Server thread/TRACE] [net.minecraftforge.registries.ForgeRegistry/REGISTRIES]: Registry minecraft:entity_type add: minecraft:player 106 entity.minecraft.player (req. id 106)
[27Sep2026 09:11:46.132] [Server thread/TRACE] [net.minecraftforge.registries.ForgeRegistry/REGISTRIES]: Registry minecraft:entity_type add: minecraft:fishing_bobber 107 entity.minecraft.fishing_bobber (req. id 107)
[27Sep2026 09:11:46.132] [Server thread/DEBUG] [net.minecraftforge.registries.ForgeRegistry/REGISTRIES]: Registry minecraft:block_entity_type Sync: ACTIVE -> FROZEN
[27Sep2026 09:11:46.132] [Server thread/TRACE] [net.minecraftforge.registries.ForgeRegistry/REGISTRIES]: Registry minecraft:block_entity_type add: minecraft:furnace 0 net.minecraft.tileentity.TileEntityType@6e335447 (req. id 0)
[27Sep2026 09:11:46.132] [Server thread/TRACE] [net.minecraftforge.registries.ForgeRegistry/REGISTRIES]: Registry minecraft:block_entity_type add: minecraft:chest 1 net.minecraft.tileentity.TileEntityType@185405d7 (req. id 1)
[27Sep2026 09:11:46.132] [Server thread/TRACE] [net.minecraftforge.registries.ForgeRegistry/REGISTRIES]: Registry minecraft:block_entity_type add: minecraft:trapped_chest 2 net.minecraft.tileentity.TileEntityType@4a929e83 (req. id 2)
[27Sep2026 09:11:46.132] [Server thread/TRACE] [net.minecraftforge.registries.ForgeRegistry/REGISTRIES]: Registry minecraft:block_entity_type add: minecraft:ender_chest 3 net.minecraft.tileentity.TileEntityType@126deba1 (req. id 3)
[27Sep2026 09:11:46.132] [Server thread/TRACE] [net.minecraftforge.registries.ForgeRegistry/REGISTRIES]: Registry minecraft:block_entity_type add: minecraft:jukebox 4 net.minecraft.tileentity.TileEntityType@1a451180 (req. id 4)
[27Sep2026 09:11:46.132] [Server thread/TRACE] [net.minecraftforge.registries.ForgeRegistry/REGISTRIES]: Registry minecraft:block_entity_type add: minecraft:dispenser 5 net.minecraft.tileentity.TileEntityType@6182274b (req. id 5)
[27Sep2026 09:11:46.132] [Server thread/TRACE] [net.minecraftforge.registries.ForgeRegistry/REGISTRIES]: Registry minecraft:block_entity_type add: minecraft:dropper 6 net.minecraft.tileentity.TileEntityType@4e79eb74 (req. id 6)
[27Sep2026 09:11:46.132] [Server thread/TRACE] [net.minecraftforge.registries.ForgeRegistry/REGISTRIES]: Registry minecraft:block_entity_type add: minecraft:sign 7 net.minecraft.tileentity.TileEntityType@42fe5177 (req. id 7)
[27Sep2026 09:11:46.132] [Server thread/TRACE] [net.minecraftforge.registries.ForgeRegistry/REGISTRIES]: Registry minecraft:block_entity_type add: minecraft:mob_spawner 8 net.minecraft.tileentity.TileEntityType@1b7b323c (req. id 8)
[27Sep2026 09:11:46.132] [Server thread/TRACE] [net.minecraftforge.registries.ForgeRegistry/REGISTRIES]: Registry minecraft:block_entity_type add: minecraft:piston 9 net.minecraft.tileentity.TileEntityType@43b4bd1 (req. id 9)
[27Sep2026 09:11:46.132] [Server thread/TRACE] [net.minecraftforge.registries.ForgeRegistry/REGISTRIES]: Registry minecraft:block_entity_type add: minecraft:brewing_stand 10 net.minecraft.tileentity.TileEntityType@5cec8318 (req. id 10)
[27Sep2026 09:11:46.132] [Server thread/TRACE] [net.minecraftforge.registries.ForgeRegistry/REGISTRIES]: Registry minecraft:block_entity_type add: minecraft:enchanting_table 11 net.minecraft.tileentity.TileEntityType@66966e62 (req. id 11)
[27Sep2026 09:11:46.132] [Server thread/TRACE] [net.minecraftforge.registries.ForgeRegistry/REGISTRIES]: Registry minecraft:block_entity_type add: minecraft:end_portal 12 net.minecraft.tileentity.TileEntityType@579e311c (req. id 12)
[27Sep2026 09:11:46.132] [Server thread/TRACE] [net.minecraftforge.registries.ForgeRegistry/REGISTRIES]: Registry minecraft:block_entity_type add: minecraft:beacon 13 net.minecraft.tileentity.TileEntityType@289b1dde (req. id 13)
[27Sep2026 09:11:46.132] [Server thread/TRACE] [net.minecraftforge.registries.ForgeRegistry/REGISTRIES]: Registry minecraft:block_entity_type add: minecraft:skull 14 net.minecraft.tileentity.TileEntityType@44b3da62 (req. id 14)
[27Sep2026 09:11:46.132] [Server thread/TRACE] [net.minecraftforge.registries.ForgeRegistry/REGISTRIES]: Registry minecraft:block_entity_type add: minecraft:daylight_detector 15 net.minecraft.tileentity.TileEntityType@697faa2d (req. id 15)
[27Sep2026 09:11:46.132] [Server thread/TRACE] [net.minecraftforge.registries.ForgeRegistry/REGISTRIES]: Registry minecraft:block_entity_type add: minecraft:hopper 16 net.minecraft.tileentity.TileEntityType@20037a78 (req. id 16)
[27Sep2026 09:11:46.132] [Server thread/TRACE] [net.minecraftforge.registries.ForgeRegistry/REGISTRIES]: Registry minecraft:block_entity_type add: minecraft:comparator 17 net.minecraft.tileentity.TileEntityType@790172ee (req. id 17)
[27Sep2026 09:11:46.132] [Server thread/TRACE] [net.minecraftforge.registries.ForgeRegistry/REGISTRIES]: Registry minecraft:block_entity_type add: minecraft:banner 18 net.minecraft.tileentity.TileEntityType@3e0ad609 (req. id 18)
[27Sep2026 09:11:46.132] [Server thread/TRACE] [net.minecraftforge.registries.ForgeRegistry/REGISTRIES]: Registry minecraft:block_entity_type add: minecraft:structure_block 19 net.minecraft.tileentity.TileEntityType@1e8245f1 (req. id 19)
[27Sep2026 09:11:46.132] [Server thread/TRACE] [net.minecraftforge.registries.ForgeRegistry/REGISTRIES]: Registry minecraft:block_entity_type add: minecraft:end_gateway 20 net.minecraft.tileentity.TileEntityType@22755d8 (req. id 20)
[27Sep2026 09:11:46.132] [Server thread/TRACE] [net.minecraftforge.registries.ForgeRegistry/REGISTRIES]: Registry minecraft:block_entity_type add: minecraft:command_block 21 net.minecraft.tileentity.TileEntityType@16397f07 (req. id 21)
[27Sep2026 09:11:46.132] [Server thread/TRACE] [net.minecraftforge.registries.ForgeRegistry/REGISTRIES]: Registry minecraft:block_entity_type add: minecraft:shulker_box 22 net.minecraft.tileentity.TileEntityType@20086d82 (req. id 22)
[27Sep2026 09:11:46.133] [Server thread/TRACE] [net.minecraftforge.registries.ForgeRegistry/REGISTRIES]: Registry minecraft:block_entity_type add: minecraft:bed 23 net.minecraft.tileentity.TileEntityType@5f5ee89 (req. id 23)
[27Sep2026 09:11:46.133] [Server thread/TRACE] [net.minecraftforge.registries.ForgeRegistry/REGISTRIES]: Registry minecraft:block_entity_type add: minecraft:conduit 24 net.minecraft.tileentity.TileEntityType@4755d2f7 (req. id 24)
[27Sep2026 09:11:46.133] [Server thread/TRACE] [net.minecraftforge.registries.ForgeRegistry/REGISTRIES]: Registry minecraft:block_entity_type add: minecraft:barrel 25 net.minecraft.tileentity.TileEntityType@50b02aac (req. id 25)
[27Sep2026 09:11:46.133] [Server thread/TRACE] [net.minecraftforge.registries.ForgeRegistry/REGISTRIES]: Registry minecraft:block_entity_type add: minecraft:smoker 26 net.minecraft.tileentity.TileEntityType@4849a9b3 (req. id 26)
[27Sep2026 09:11:46.133] [Server thread/TRACE] [net.minecraftforge.registries.ForgeRegistry/REGISTRIES]: Registry minecraft:block_entity_type add: minecraft:blast_furnace 27 net.minecraft.tileentity.TileEntityType@21a28c2a (req. id 27)
[27Sep2026 09:11:46.133] [Server thread/TRACE] [net.minecraftforge.registries.ForgeRegistry/REGISTRIES]: Registry minecraft:block_entity_type add: minecraft:lectern 28 net.minecraft.tileentity.TileEntityType@273f9a38 (req. id 28)
[27Sep2026 09:11:46.133] [Server thread/TRACE] [net.minecraftforge.registries.ForgeRegistry/REGISTRIES]: Registry minecraft:block_entity_type add: minecraft:bell 29 net.minecraft.tileentity.TileEntityType@4622d40b (req. id 29)
[27Sep2026 09:11:46.133] [Server thread/TRACE] [net.minecraftforge.registries.ForgeRegistry/REGISTRIES]: Registry minecraft:block_entity_type add: minecraft:jigsaw 30 net.minecraft.tileentity.TileEntityType@ac61025 (req. id 30)
[27Sep2026 09:11:46.133] [Server thread/TRACE] [net.minecraftforge.registries.ForgeRegistry/REGISTRIES]: Registry minecraft:block_entity_type add: minecraft:campfire 31 net.minecraft.tileentity.TileEntityType@3902e704 (req. id 31)
[27Sep2026 09:11:46.133] [Server thread/TRACE] [net.minecraftforge.registries.ForgeRegistry/REGISTRIES]: Registry minecraft:block_entity_type add: minecraft:beehive 32 net.minecraft.tileentity.TileEntityType@6c2ef013 (req. id 32)
[27Sep2026 09:11:46.133] [Server thread/DEBUG] [net.minecraftforge.registries.ForgeRegistry/REGISTRIES]: Registry minecraft:particle_type Sync: ACTIVE -> FROZEN
[27Sep2026 09:11:46.133] [Server thread/TRACE] [net.minecraftforge.registries.ForgeRegistry/REGISTRIES]: Registry minecraft:particle_type add: minecraft:ambient_entity_effect 0 net.minecraft.particles.BasicParticleType@2042b97c (req. id 0)
[27Sep2026 09:11:46.133] [Server thread/TRACE] [net.minecraftforge.registries.ForgeRegistry/REGISTRIES]: Registry minecraft:particle_type add: minecraft:angry_villager 1 net.minecraft.particles.BasicParticleType@7cad00dc (req. id 1)
[27Sep2026 09:11:46.133] [Server thread/TRACE] [net.minecraftforge.registries.ForgeRegistry/REGISTRIES]: Registry minecraft:particle_type add: minecraft:barrier 2 net.minecraft.particles.BasicParticleType@7d5e80d9 (req. id 2)
[27Sep2026 09:11:46.133] [Server thread/TRACE] [net.minecraftforge.registries.ForgeRegistry/REGISTRIES]: Registry minecraft:particle_type add: minecraft:block 3 net.minecraft.particles.ParticleTypes$1@287ff762 (req. id 3)
[27Sep2026 09:11:46.133] [Server thread/TRACE] [net.minecraftforge.registries.ForgeRegistry/REGISTRIES]: Registry minecraft:particle_type add: minecraft:bubble 4 net.minecraft.particles.BasicParticleType@2a168f17 (req. id 4)
[27Sep2026 09:11:46.133] [Server thread/TRACE] [net.minecraftforge.registries.ForgeRegistry/REGISTRIES]: Registry minecraft:particle_type add: minecraft:cloud 5 net.minecraft.particles.BasicParticleType@458e33d8 (req. id 5)
[27Sep2026 09:11:46.133] [Server thread/TRACE] [net.minecraftforge.registries.ForgeRegistry/REGISTRIES]: Registry minecraft:particle_type add: minecraft:crit 6 net.minecraft.particles.BasicParticleType@7818984c (req. id 6)
[27Sep2026 09:11:46.133] [Server thread/TRACE] [net.minecraftforge.registries.ForgeRegistry/REGISTRIES]: Registry minecraft:particle_type add: minecraft:damage_indicator 7 net.minecraft.particles.BasicParticleType@43e4efa3 (req. id 7)
[27Sep2026 09:11:46.133] [Server thread/TRACE] [net.minecraftforge.registries.ForgeRegistry/REGISTRIES]: Registry minecraft:particle_type add: minecraft:dragon_breath 8 net.minecraft.particles.BasicParticleType@71371486 (req. id 8)
[27Sep2026 09:11:46.133] [Server thread/TRACE] [net.minecraftforge.registries.ForgeRegistry/REGISTRIES]: Registry minecraft:particle_type add: minecraft:dripping_lava 9 net.minecraft.particles.BasicParticleType@38f1ab48 (req. id 9)
[27Sep2026 09:11:46.133] [Server thread/TRACE] [net.minecraftforge.registries.ForgeRegistry/REGISTRIES]: Registry minecraft:particle_type add: minecraft:falling_lava 10 net.minecraft.particles.BasicParticleType@19b1bf30 (req. id 10)
[27Sep2026 09:11:46.133] [Server thread/TRACE] [net.minecraftforge.registries.ForgeRegistry/REGISTRIES]: Registry minecraft:particle_type add: minecraft:landing_lava 11 net.minecraft.particles.BasicParticleType@37a76594 (req. id 11)
[27Sep2026 09:11:46.133] [Server thread/TRACE] [net.minecraftforge.registries.ForgeRegistry/REGISTRIES]: Registry minecraft:particle_type add: minecraft:dripping_water 12 net.minecraft.particles.BasicParticleType@60b30f5c (req. id 12)
[27Sep2026 09:11:46.133] [Server thread/TRACE] [net.minecraftforge.registries.ForgeRegistry/REGISTRIES]: Registry minecraft:particle_type add: minecraft:falling_water 13 net.minecraft.particles.BasicParticleType@73e2611b (req. id 13)
[27Sep2026 09:11:46.133] [Server thread/TRACE] [net.minecraftforge.registries.ForgeRegistry/REGISTRIES]: Registry minecraft:particle_type add: minecraft:dust 14 net.minecraft.particles.ParticleTypes$1@190ee27d (req. id 14)
[27Sep2026 09:11:46.133] [Server thread/TRACE] [net.minecraftforge.registries.ForgeRegistry/REGISTRIES]: Registry minecraft:particle_type add: minecraft:effect 15 net.minecraft.particles.BasicParticleType@50f94133 (req. id 15)
[27Sep2026 09:11:46.133] [Server thread/TRACE] [net.minecraftforge.registries.ForgeRegistry/REGISTRIES]: Registry minecraft:particle_type add: minecraft:elder_guardian 16 net.minecraft.particles.BasicParticleType@3ed2cd0f (req. id 16)
[27Sep2026 09:11:46.133] [Server thread/TRACE] [net.minecraftforge.registries.ForgeRegistry/REGISTRIES]: Registry minecraft:particle_type add: minecraft:enchanted_hit 17 net.minecraft.particles.BasicParticleType@687aa629 (req. id 17)
[27Sep2026 09:11:46.133] [Server thread/TRACE] [net.minecraftforge.registries.ForgeRegistry/REGISTRIES]: Registry minecraft:particle_type add: minecraft:enchant 18 net.minecraft.particles.BasicParticleType@f615694 (req. id 18)
[27Sep2026 09:11:46.133] [Server thread/TRACE] [net.minecraftforge.registries.ForgeRegistry/REGISTRIES]: Registry minecraft:particle_type add: minecraft:end_rod 19 net.minecraft.particles.BasicParticleType@40b6cb55 (req. id 19)
[27Sep2026 09:11:46.133] [Server thread/TRACE] [net.minecraftforge.registries.ForgeRegistry/REGISTRIES]: Registry minecraft:particle_type add: minecraft:entity_effect 20 net.minecraft.particles.BasicParticleType@c1282d4 (req. id 20)
[27Sep2026 09:11:46.133] [Server thread/TRACE] [net.minecraftforge.registries.ForgeRegistry/REGISTRIES]: Registry minecraft:particle_type add: minecraft:explosion_emitter 21 net.minecraft.particles.BasicParticleType@f72c5f3 (req. id 21)
[27Sep2026 09:11:46.133] [Server thread/TRACE] [net.minecraftforge.registries.ForgeRegistry/REGISTRIES]: Registry minecraft:particle_type add: minecraft:explosion 22 net.minecraft.particles.BasicParticleType@4d25b479 (req. id 22)
[27Sep2026 09:11:46.133] [Server thread/TRACE] [net.minecraftforge.registries.ForgeRegistry/REGISTRIES]: Registry minecraft:particle_type add: minecraft:falling_dust 23 net.minecraft.particles.ParticleTypes$1@1cf47bc (req. id 23)
[27Sep2026 09:11:46.133] [Server thread/TRACE] [net.minecraftforge.registries.ForgeRegistry/REGISTRIES]: Registry minecraft:particle_type add: minecraft:firework 24 net.minecraft.particles.BasicParticleType@33fdbc1 (req. id 24)
[27Sep2026 09:11:46.133] [Server thread/TRACE] [net.minecraftforge.registries.ForgeRegistry/REGISTRIES]: Registry minecraft:particle_type add: minecraft:fishing 25 net.minecraft.particles.BasicParticleType@5da8b8e2 (req. id 25)
[27Sep2026 09:11:46.133] [Server thread/TRACE] [net.minecraftforge.registries.ForgeRegistry/REGISTRIES]: Registry minecraft:particle_type add: minecraft:flame 26 net.minecraft.particles.BasicParticleType@16ca4dec (req. id 26)
[27Sep2026 09:11:46.134] [Server thread/TRACE] [net.minecraftforge.registries.ForgeRegistry/REGISTRIES]: Registry minecraft:particle_type add: minecraft:soul_fire_flame 27 net.minecraft.particles.BasicParticleType@3b09d06c (req. id 27)
[27Sep2026 09:11:46.134] [Server thread/TRACE] [net.minecraftforge.registries.ForgeRegistry/REGISTRIES]: Registry minecraft:particle_type add: minecraft:soul 28 net.minecraft.particles.BasicParticleType@2b37166a (req. id 28)
[27Sep2026 09:11:46.134] [Server thread/TRACE] [net.minecraftforge.registries.ForgeRegistry/REGISTRIES]: Registry minecraft:particle_type add: minecraft:flash 29 net.minecraft.particles.BasicParticleType@58dd3c96 (req. id 29)
[27Sep2026 09:11:46.134] [Server thread/TRACE] [net.minecraftforge.registries.ForgeRegistry/REGISTRIES]: Registry minecraft:particle_type add: minecraft:happy_villager 30 net.minecraft.particles.BasicParticleType@2b103e8a (req. id 30)
[27Sep2026 09:11:46.134] [Server thread/TRACE] [net.minecraftforge.registries.ForgeRegistry/REGISTRIES]: Registry minecraft:particle_type add: minecraft:composter 31 net.minecraft.particles.BasicParticleType@4c67825b (req. id 31)
[27Sep2026 09:11:46.134] [Server thread/TRACE] [net.minecraftforge.registries.ForgeRegistry/REGISTRIES]: Registry minecraft:particle_type add: minecraft:heart 32 net.minecraft.particles.BasicParticleType@26da481b (req. id 32)
[27Sep2026 09:11:46.134] [Server thread/TRACE] [net.minecraftforge.registries.ForgeRegistry/REGISTRIES]: Registry minecraft:particle_type add: minecraft:instant_effect 33 net.minecraft.particles.BasicParticleType@7d61b9c (req. id 33)
[27Sep2026 09:11:46.134] [Server thread/TRACE] [net.minecraftforge.registries.ForgeRegistry/REGISTRIES]: Registry minecraft:particle_type add: minecraft:item 34 net.minecraft.particles.ParticleTypes$1@71022806 (req. id 34)
[27Sep2026 09:11:46.134] [Server thread/TRACE] [net.minecraftforge.registries.ForgeRegistry/REGISTRIES]: Registry minecraft:particle_type add: minecraft:item_slime 35 net.minecraft.particles.BasicParticleType@62b75ad (req. id 35)
[27Sep2026 09:11:46.134] [Server thread/TRACE] [net.minecraftforge.registries.ForgeRegistry/REGISTRIES]: Registry minecraft:particle_type add: minecraft:item_snowball 36 net.minecraft.particles.BasicParticleType@182f1ad2 (req. id 36)
[27Sep2026 09:11:46.134] [Server thread/TRACE] [net.minecraftforge.registries.ForgeRegistry/REGISTRIES]: Registry minecraft:particle_type add: minecraft:large_smoke 37 net.minecraft.particles.BasicParticleType@513c2001 (req. id 37)
[27Sep2026 09:11:46.134] [Server thread/TRACE] [net.minecraftforge.registries.ForgeRegistry/REGISTRIES]: Registry minecraft:particle_type add: minecraft:lava 38 net.minecraft.particles.BasicParticleType@7596ffd4 (req. id 38)
[27Sep2026 09:11:46.134] [Server thread/TRACE] [net.minecraftforge.registries.ForgeRegistry/REGISTRIES]: Registry minecraft:particle_type add: minecraft:mycelium 39 net.minecraft.particles.BasicParticleType@1610bccb (req. id 39)
[27Sep2026 09:11:46.134] [Server thread/TRACE] [net.minecraftforge.registries.ForgeRegistry/REGISTRIES]: Registry minecraft:particle_type add: minecraft:note 40 net.minecraft.particles.BasicParticleType@65056a5d (req. id 40)
[27Sep2026 09:11:46.134] [Server thread/TRACE] [net.minecraftforge.registries.ForgeRegistry/REGISTRIES]: Registry minecraft:particle_type add: minecraft:poof 41 net.minecraft.particles.BasicParticleType@71ff6316 (req. id 41)
[27Sep2026 09:11:46.134] [Server thread/TRACE] [net.minecraftforge.registries.ForgeRegistry/REGISTRIES]: Registry minecraft:particle_type add: minecraft:portal 42 net.minecraft.particles.BasicParticleType@8a987ce (req. id 42)
[27Sep2026 09:11:46.134] [Server thread/TRACE] [net.minecraftforge.registries.ForgeRegistry/REGISTRIES]: Registry minecraft:particle_type add: minecraft:rain 43 net.minecraft.particles.BasicParticleType@6eb54bf4 (req. id 43)
[27Sep2026 09:11:46.134] [Server thread/TRACE] [net.minecraftforge.registries.ForgeRegistry/REGISTRIES]: Registry minecraft:particle_type add: minecraft:smoke 44 net.minecraft.particles.BasicParticleType@7d57ddda (req. id 44)
[27Sep2026 09:11:46.134] [Server thread/TRACE] [net.minecraftforge.registries.ForgeRegistry/REGISTRIES]: Registry minecraft:particle_type add: minecraft:sneeze 45 net.minecraft.particles.BasicParticleType@62da895 (req. id 45)
[27Sep2026 09:11:46.134] [Server thread/TRACE] [net.minecraftforge.registries.ForgeRegistry/REGISTRIES]: Registry minecraft:particle_type add: minecraft:spit 46 net.minecraft.particles.BasicParticleType@3392ce40 (req. id 46)
[27Sep2026 09:11:46.134] [Server thread/TRACE] [net.minecraftforge.registries.ForgeRegistry/REGISTRIES]: Registry minecraft:particle_type add: minecraft:squid_ink 47 net.minecraft.particles.BasicParticleType@5531141 (req. id 47)
[27Sep2026 09:11:46.134] [Server thread/TRACE] [net.minecraftforge.registries.ForgeRegistry/REGISTRIES]: Registry minecraft:particle_type add: minecraft:sweep_attack 48 net.minecraft.particles.BasicParticleType@29349b78 (req. id 48)
[27Sep2026 09:11:46.134] [Server thread/TRACE] [net.minecraftforge.registries.ForgeRegistry/REGISTRIES]: Registry minecraft:particle_type add: minecraft:totem_of_undying 49 net.minecraft.particles.BasicParticleType@696cede5 (req. id 49)
[27Sep2026 09:11:46.134] [Server thread/TRACE] [net.minecraftforge.registries.ForgeRegistry/REGISTRIES]: Registry minecraft:particle_type add: minecraft:underwater 50 net.minecraft.particles.BasicParticleType@126355dd (req. id 50)
[27Sep2026 09:11:46.134] [Server thread/TRACE] [net.minecraftforge.registries.ForgeRegistry/REGISTRIES]: Registry minecraft:particle_type add: minecraft:splash 51 net.minecraft.particles.BasicParticleType@1dce1825 (req. id 51)
[27Sep2026 09:11:46.134] [Server thread/TRACE] [net.minecraftforge.registries.ForgeRegistry/REGISTRIES]: Registry minecraft:particle_type add: minecraft:witch 52 net.minecraft.particles.BasicParticleType@7ae89ce1 (req. id 52)
[27Sep2026 09:11:46.134] [Server thread/TRACE] [net.minecraftforge.registries.ForgeRegistry/REGISTRIES]: Registry minecraft:particle_type add: minecraft:bubble_pop 53 net.minecraft.particles.BasicParticleType@2472ce53 (req. id 53)
[27Sep2026 09:11:46.134] [Server thread/TRACE] [net.minecraftforge.registries.ForgeRegistry/REGISTRIES]: Registry minecraft:particle_type add: minecraft:current_down 54 net.minecraft.particles.BasicParticleType@6a9d216 (req. id 54)
[27Sep2026 09:11:46.134] [Server thread/TRACE] [net.minecraftforge.registries.ForgeRegistry/REGISTRIES]: Registry minecraft:particle_type add: minecraft:bubble_column_up 55 net.minecraft.particles.BasicParticleType@1edcd9ea (req. id 55)
[27Sep2026 09:11:46.134] [Server thread/TRACE] [net.minecraftforge.registries.ForgeRegistry/REGISTRIES]: Registry minecraft:particle_type add: minecraft:nautilus 56 net.minecraft.particles.BasicParticleType@24d812fc (req. id 56)
[27Sep2026 09:11:46.134] [Server thread/TRACE] [net.minecraftforge.registries.ForgeRegistry/REGISTRIES]: Registry minecraft:particle_type add: minecraft:dolphin 57 net.minecraft.particles.BasicParticleType@18bff85b (req. id 57)
[27Sep2026 09:11:46.134] [Server thread/TRACE] [net.minecraftforge.registries.ForgeRegistry/REGISTRIES]: Registry minecraft:particle_type add: minecraft:campfire_cosy_smoke 58 net.minecraft.particles.BasicParticleType@2ef0ad7f (req. id 58)
[27Sep2026 09:11:46.134] [Server thread/TRACE] [net.minecraftforge.registries.ForgeRegistry/REGISTRIES]: Registry minecraft:particle_type add: minecraft:campfire_signal_smoke 59 net.minecraft.particles.BasicParticleType@16a75c8f (req. id 59)
[27Sep2026 09:11:46.134] [Server thread/TRACE] [net.minecraftforge.registries.ForgeRegistry/REGISTRIES]: Registry minecraft:particle_type add: minecraft:dripping_honey 60 net.minecraft.particles.BasicParticleType@24bf03b2 (req. id 60)
[27Sep2026 09:11:46.134] [Server thread/TRACE] [net.minecraftforge.registries.ForgeRegistry/REGISTRIES]: Registry minecraft:particle_type add: minecraft:falling_honey 61 net.minecraft.particles.BasicParticleType@45f516ef (req. id 61)
[27Sep2026 09:11:46.134] [Server thread/TRACE] [net.minecraftforge.registries.ForgeRegistry/REGISTRIES]: Registry minecraft:particle_type add: minecraft:landing_honey 62 net.minecraft.particles.BasicParticleType@305c55ed (req. id 62)
[27Sep2026 09:11:46.134] [Server thread/TRACE] [net.minecraftforge.registries.ForgeRegistry/REGISTRIES]: Registry minecraft:particle_type add: minecraft:falling_nectar 63 net.minecraft.particles.BasicParticleType@2864ba71 (req. id 63)
[27Sep2026 09:11:46.134] [Server thread/TRACE] [net.minecraftforge.registries.ForgeRegistry/REGISTRIES]: Registry minecraft:particle_type add: minecraft:ash 64 net.minecraft.particles.BasicParticleType@38143649 (req. id 64)
[27Sep2026 09:11:46.134] [Server thread/TRACE] [net.minecraftforge.registries.ForgeRegistry/REGISTRIES]: Registry minecraft:particle_type add: minecraft:crimson_spore 65 net.minecraft.particles.BasicParticleType@5d3e3d3 (req. id 65)
[27Sep2026 09:11:46.134] [Server thread/TRACE] [net.minecraftforge.registries.ForgeRegistry/REGISTRIES]: Registry minecraft:particle_type add: minecraft:warped_spore 66 net.minecraft.particles.BasicParticleType@352cd99 (req. id 66)
[27Sep2026 09:11:46.134] [Server thread/TRACE] [net.minecraftforge.registries.ForgeRegistry/REGISTRIES]: Registry minecraft:particle_type add: minecraft:dripping_obsidian_tear 67 net.minecraft.particles.BasicParticleType@2ab310e2 (req. id 67)
[27Sep2026 09:11:46.134] [Server thread/TRACE] [net.minecraftforge.registries.ForgeRegistry/REGISTRIES]: Registry minecraft:particle_type add: minecraft:falling_obsidian_tear 68 net.minecraft.particles.BasicParticleType@19804016 (req. id 68)
[27Sep2026 09:11:46.134] [Server thread/TRACE] [net.minecraftforge.registries.ForgeRegistry/REGISTRIES]: Registry minecraft:particle_type add: minecraft:landing_obsidian_tear 69 net.minecraft.particles.BasicParticleType@72eaeeae (req. id 69)
[27Sep2026 09:11:46.134] [Server thread/TRACE] [net.minecraftforge.registries.ForgeRegistry/REGISTRIES]: Registry minecraft:particle_type add: minecraft:reverse_portal 70 net.minecraft.particles.BasicParticleType@2f31b705 (req. id 70)
[27Sep2026 09:11:46.134] [Server thread/TRACE] [net.minecraftforge.registries.ForgeRegistry/REGISTRIES]: Registry minecraft:particle_type add: minecraft:white_ash 71 net.minecraft.particles.BasicParticleType@11a59056 (req. id 71)
[27Sep2026 09:11:46.134] [Server thread/DEBUG] [net.minecraftforge.registries.ForgeRegistry/REGISTRIES]: Registry minecraft:menu Sync: ACTIVE -> FROZEN
[27Sep2026 09:11:46.134] [Server thread/TRACE] [net.minecraftforge.registries.ForgeRegistry/REGISTRIES]: Registry minecraft:menu add: minecraft:generic_9x1 0 net.minecraft.inventory.container.ContainerType@40fe87ca (req. id 0)
[27Sep2026 09:11:46.134] [Server thread/TRACE] [net.minecraftforge.registries.ForgeRegistry/REGISTRIES]: Registry minecraft:menu add: minecraft:generic_9x2 1 net.minecraft.inventory.container.ContainerType@31475467 (req. id 1)
[27Sep2026 09:11:46.135] [Server thread/TRACE] [net.minecraftforge.registries.ForgeRegistry/REGISTRIES]: Registry minecraft:menu add: minecraft:generic_9x3 2 net.minecraft.inventory.container.ContainerType@4202be24 (req. id 2)
[27Sep2026 09:11:46.135] [Server thread/TRACE] [net.minecraftforge.registries.ForgeRegistry/REGISTRIES]: Registry minecraft:menu add: minecraft:generic_9x4 3 net.minecraft.inventory.container.ContainerType@74145986 (req. id 3)
[27Sep2026 09:11:46.135] [Server thread/TRACE] [net.minecraftforge.registries.ForgeRegistry/REGISTRIES]: Registry minecraft:menu add: minecraft:generic_9x5 4 net.minecraft.inventory.container.ContainerType@63a1b3ef (req. id 4)
[27Sep2026 09:11:46.135] [Server thread/TRACE] [net.minecraftforge.registries.ForgeRegistry/REGISTRIES]: Registry minecraft:menu add: minecraft:generic_9x6 5 net.minecraft.inventory.container.ContainerType@1c151865 (req. id 5)
[27Sep2026 09:11:46.135] [Server thread/TRACE] [net.minecraftforge.registries.ForgeRegistry/REGISTRIES]: Registry minecraft:menu add: minecraft:generic_3x3 6 net.minecraft.inventory.container.ContainerType@19c93f8 (req. id 6)
[27Sep2026 09:11:46.135] [Server thread/TRACE] [net.minecraftforge.registries.ForgeRegistry/REGISTRIES]: Registry minecraft:menu add: minecraft:anvil 7 net.minecraft.inventory.container.ContainerType@1c3ce1ab (req. id 7)
[27Sep2026 09:11:46.135] [Server thread/TRACE] [net.minecraftforge.registries.ForgeRegistry/REGISTRIES]: Registry minecraft:menu add: minecraft:beacon 8 net.minecraft.inventory.container.ContainerType@7806e8bf (req. id 8)
[27Sep2026 09:11:46.135] [Server thread/TRACE] [net.minecraftforge.registries.ForgeRegistry/REGISTRIES]: Registry minecraft:menu add: minecraft:blast_furnace 9 net.minecraft.inventory.container.ContainerType@8b66dba (req. id 9)
[27Sep2026 09:11:46.135] [Server thread/TRACE] [net.minecraftforge.registries.ForgeRegistry/REGISTRIES]: Registry minecraft:menu add: minecraft:brewing_stand 10 net.minecraft.inventory.container.ContainerType@528e482b (req. id 10)
[27Sep2026 09:11:46.136] [Server thread/TRACE] [net.minecraftforge.registries.ForgeRegistry/REGISTRIES]: Registry minecraft:menu add: minecraft:crafting 11 net.minecraft.inventory.container.ContainerType@7e587832 (req. id 11)
[27Sep2026 09:11:46.136] [Server thread/TRACE] [net.minecraftforge.registries.ForgeRegistry/REGISTRIES]: Registry minecraft:menu add: minecraft:enchantment 12 net.minecraft.inventory.container.ContainerType@76d8c826 (req. id 12)
[27Sep2026 09:11:46.136] [Server thread/TRACE] [net.minecraftforge.registries.ForgeRegistry/REGISTRIES]: Registry minecraft:menu add: minecraft:furnace 13 net.minecraft.inventory.container.ContainerType@541e26f6 (req. id 13)
[27Sep2026 09:11:46.136] [Server thread/TRACE] [net.minecraftforge.registries.ForgeRegistry/REGISTRIES]: Registry minecraft:menu add: minecraft:grindstone 14 net.minecraft.inventory.container.ContainerType@52c6f2a6 (req. id 14)
[27Sep2026 09:11:46.136] [Server thread/TRACE] [net.minecraftforge.registries.ForgeRegistry/REGISTRIES]: Registry minecraft:menu add: minecraft:hopper 15 net.minecraft.inventory.container.ContainerType@58898ba (req. id 15)
[27Sep2026 09:11:46.136] [Server thread/TRACE] [net.minecraftforge.registries.ForgeRegistry/REGISTRIES]: Registry minecraft:menu add: minecraft:lectern 16 net.minecraft.inventory.container.ContainerType@3df42485 (req. id 16)
[27Sep2026 09:11:46.136] [Server thread/TRACE] [net.minecraftforge.registries.ForgeRegistry/REGISTRIES]: Registry minecraft:menu add: minecraft:loom 17 net.minecraft.inventory.container.ContainerType@4aef932e (req. id 17)
[27Sep2026 09:11:46.136] [Server thread/TRACE] [net.minecraftforge.registries.ForgeRegistry/REGISTRIES]: Registry minecraft:menu add: minecraft:merchant 18 net.minecraft.inventory.container.ContainerType@35c420a6 (req. id 18)
[27Sep2026 09:11:46.136] [Server thread/TRACE] [net.minecraftforge.registries.ForgeRegistry/REGISTRIES]: Registry minecraft:menu add: minecraft:shulker_box 19 net.minecraft.inventory.container.ContainerType@6b04ee97 (req. id 19)
[27Sep2026 09:11:46.136] [Server thread/TRACE] [net.minecraftforge.registries.ForgeRegistry/REGISTRIES]: Registry minecraft:menu add: minecraft:smithing 20 net.minecraft.inventory.container.ContainerType@2c6b7a97 (req. id 20)
[27Sep2026 09:11:46.136] [Server thread/TRACE] [net.minecraftforge.registries.ForgeRegistry/REGISTRIES]: Registry minecraft:menu add: minecraft:smoker 21 net.minecraft.inventory.container.ContainerType@b9d1498 (req. id 21)
[27Sep2026 09:11:46.136] [Server thread/TRACE] [net.minecraftforge.registries.ForgeRegistry/REGISTRIES]: Registry minecraft:menu add: minecraft:cartography_table 22 net.minecraft.inventory.container.ContainerType@45828a7d (req. id 22)
[27Sep2026 09:11:46.136] [Server thread/TRACE] [net.minecraftforge.registries.ForgeRegistry/REGISTRIES]: Registry minecraft:menu add: minecraft:stonecutter 23 net.minecraft.inventory.container.ContainerType@71ebcae (req. id 23)
[27Sep2026 09:11:46.136] [Server thread/DEBUG] [net.minecraftforge.registries.ForgeRegistry/REGISTRIES]: Registry minecraft:motive Sync: ACTIVE -> FROZEN
[27Sep2026 09:11:46.136] [Server thread/TRACE] [net.minecraftforge.registries.ForgeRegistry/REGISTRIES]: Registry minecraft:motive add: minecraft:kebab 0 net.minecraft.entity.item.PaintingType@4027c7e5 (req. id 0)
[27Sep2026 09:11:46.136] [Server thread/TRACE] [net.minecraftforge.registries.ForgeRegistry/REGISTRIES]: Registry minecraft:motive add: minecraft:aztec 1 net.minecraft.entity.item.PaintingType@137fda12 (req. id 1)
[27Sep2026 09:11:46.136] [Server thread/TRACE] [net.minecraftforge.registries.ForgeRegistry/REGISTRIES]: Registry minecraft:motive add: minecraft:alban 2 net.minecraft.entity.item.PaintingType@3d64ac2d (req. id 2)
[27Sep2026 09:11:46.136] [Server thread/TRACE] [net.minecraftforge.registries.ForgeRegistry/REGISTRIES]: Registry minecraft:motive add: minecraft:aztec2 3 net.minecraft.entity.item.PaintingType@330712ab (req. id 3)
[27Sep2026 09:11:46.136] [Server thread/TRACE] [net.minecraftforge.registries.ForgeRegistry/REGISTRIES]: Registry minecraft:motive add: minecraft:bomb 4 net.minecraft.entity.item.PaintingType@3830af5f (req. id 4)
[27Sep2026 09:11:46.136] [Server thread/TRACE] [net.minecraftforge.registries.ForgeRegistry/REGISTRIES]: Registry minecraft:motive add: minecraft:plant 5 net.minecraft.entity.item.PaintingType@47f6f70e (req. id 5)
[27Sep2026 09:11:46.136] [Server thread/TRACE] [net.minecraftforge.registries.ForgeRegistry/REGISTRIES]: Registry minecraft:motive add: minecraft:wasteland 6 net.minecraft.entity.item.PaintingType@70c14700 (req. id 6)
[27Sep2026 09:11:46.136] [Server thread/TRACE] [net.minecraftforge.registries.ForgeRegistry/REGISTRIES]: Registry minecraft:motive add: minecraft:pool 7 net.minecraft.entity.item.PaintingType@58691336 (req. id 7)
[27Sep2026 09:11:46.136] [Server thread/TRACE] [net.minecraftforge.registries.ForgeRegistry/REGISTRIES]: Registry minecraft:motive add: minecraft:courbet 8 net.minecraft.entity.item.PaintingType@4a477025 (req. id 8)
[27Sep2026 09:11:46.136] [Server thread/TRACE] [net.minecraftforge.registries.ForgeRegistry/REGISTRIES]: Registry minecraft:motive add: minecraft:sea 9 net.minecraft.entity.item.PaintingType@19dd4a1e (req. id 9)
[27Sep2026 09:11:46.136] [Server thread/TRACE] [net.minecraftforge.registries.ForgeRegistry/REGISTRIES]: Registry minecraft:motive add: minecraft:sunset 10 net.minecraft.entity.item.PaintingType@6b6422a0 (req. id 10)
[27Sep2026 09:11:46.136] [Server thread/TRACE] [net.minecraftforge.registries.ForgeRegistry/REGISTRIES]: Registry minecraft:motive add: minecraft:creebet 11 net.minecraft.entity.item.PaintingType@63ca4b55 (req. id 11)
[27Sep2026 09:11:46.136] [Server thread/TRACE] [net.minecraftforge.registries.ForgeRegistry/REGISTRIES]: Registry minecraft:motive add: minecraft:wanderer 12 net.minecraft.entity.item.PaintingType@6571f5d4 (req. id 12)
[27Sep2026 09:11:46.136] [Server thread/TRACE] [net.minecraftforge.registries.ForgeRegistry/REGISTRIES]: Registry minecraft:motive add: minecraft:graham 13 net.minecraft.entity.item.PaintingType@10a5cb08 (req. id 13)
[27Sep2026 09:11:46.136] [Server thread/TRACE] [net.minecraftforge.registries.ForgeRegistry/REGISTRIES]: Registry minecraft:motive add: minecraft:match 14 net.minecraft.entity.item.PaintingType@763b54fd (req. id 14)
[27Sep2026 09:11:46.136] [Server thread/TRACE] [net.minecraftforge.registries.ForgeRegistry/REGISTRIES]: Registry minecraft:motive add: minecraft:bust 15 net.minecraft.entity.item.PaintingType@2b56ad10 (req. id 15)
[27Sep2026 09:11:46.136] [Server thread/TRACE] [net.minecraftforge.registries.ForgeRegistry/REGISTRIES]: Registry minecraft:motive add: minecraft:stage 16 net.minecraft.entity.item.PaintingType@5abe6ac6 (req. id 16)
[27Sep2026 09:11:46.136] [Server thread/TRACE] [net.minecraftforge.registries.ForgeRegistry/REGISTRIES]: Registry minecraft:motive add: minecraft:void 17 net.minecraft.entity.item.PaintingType@6e6dcc8e (req. id 17)
[27Sep2026 09:11:46.136] [Server thread/TRACE] [net.minecraftforge.registries.ForgeRegistry/REGISTRIES]: Registry minecraft:motive add: minecraft:skull_and_roses 18 net.minecraft.entity.item.PaintingType@5353216f (req. id 18)
[27Sep2026 09:11:46.136] [Server thread/TRACE] [net.minecraftforge.registries.ForgeRegistry/REGISTRIES]: Registry minecraft:motive add: minecraft:wither 19 net.minecraft.entity.item.PaintingType@3ff5a7 (req. id 19)
[27Sep2026 09:11:46.136] [Server thread/TRACE] [net.minecraftforge.registries.ForgeRegistry/REGISTRIES]: Registry minecraft:motive add: minecraft:fighters 20 net.minecraft.entity.item.PaintingType@5bb3a017 (req. id 20)
[27Sep2026 09:11:46.137] [Server thread/TRACE] [net.minecraftforge.registries.ForgeRegistry/REGISTRIES]: Registry minecraft:motive add: minecraft:pointer 21 net.minecraft.entity.item.PaintingType@47b34a5e (req. id 21)
[27Sep2026 09:11:46.137] [Server thread/TRACE] [net.minecraftforge.registries.ForgeRegistry/REGISTRIES]: Registry minecraft:motive add: minecraft:pigscene 22 net.minecraft.entity.item.PaintingType@4667949a (req. id 22)
[27Sep2026 09:11:46.137] [Server thread/TRACE] [net.minecraftforge.registries.ForgeRegistry/REGISTRIES]: Registry minecraft:motive add: minecraft:burning_skull 23 net.minecraft.entity.item.PaintingType@22dbc240 (req. id 23)
[27Sep2026 09:11:46.137] [Server thread/TRACE] [net.minecraftforge.registries.ForgeRegistry/REGISTRIES]: Registry minecraft:motive add: minecraft:skeleton 24 net.minecraft.entity.item.PaintingType@cf8d4d (req. id 24)
[27Sep2026 09:11:46.137] [Server thread/TRACE] [net.minecraftforge.registries.ForgeRegistry/REGISTRIES]: Registry minecraft:motive add: minecraft:donkey_kong 25 net.minecraft.entity.item.PaintingType@20521909 (req. id 25)
[27Sep2026 09:11:46.137] [Server thread/DEBUG] [net.minecraftforge.registries.ForgeRegistry/REGISTRIES]: Registry minecraft:recipe_serializer Sync: ACTIVE -> FROZEN
[27Sep2026 09:11:46.137] [Server thread/TRACE] [net.minecraftforge.registries.ForgeRegistry/REGISTRIES]: Registry minecraft:recipe_serializer add: minecraft:crafting_shaped 0 net.minecraft.item.crafting.ShapedRecipe$Serializer@dd6afe6 (req. id 0)
[27Sep2026 09:11:46.137] [Server thread/TRACE] [net.minecraftforge.registries.ForgeRegistry/REGISTRIES]: Registry minecraft:recipe_serializer add: minecraft:crafting_shapeless 1 net.minecraft.item.crafting.ShapelessRecipe$Serializer@30f2d757 (req. id 1)
[27Sep2026 09:11:46.137] [Server thread/TRACE] [net.minecraftforge.registries.ForgeRegistry/REGISTRIES]: Registry minecraft:recipe_serializer add: minecraft:crafting_special_armordye 2 net.minecraft.item.crafting.SpecialRecipeSerializer@542340e8 (req. id 2)
[27Sep2026 09:11:46.137] [Server thread/TRACE] [net.minecraftforge.registries.ForgeRegistry/REGISTRIES]: Registry minecraft:recipe_serializer add: minecraft:crafting_special_bookcloning 3 net.minecraft.item.crafting.SpecialRecipeSerializer@22a4a700 (req. id 3)
[27Sep2026 09:11:46.137] [Server thread/TRACE] [net.minecraftforge.registries.ForgeRegistry/REGISTRIES]: Registry minecraft:recipe_serializer add: minecraft:crafting_special_mapcloning 4 net.minecraft.item.crafting.SpecialRecipeSerializer@6107d77b (req. id 4)
[27Sep2026 09:11:46.137] [Server thread/TRACE] [net.minecraftforge.registries.ForgeRegistry/REGISTRIES]: Registry minecraft:recipe_serializer add: minecraft:crafting_special_mapextending 5 net.minecraft.item.crafting.SpecialRecipeSerializer@1711f627 (req. id 5)
[27Sep2026 09:11:46.137] [Server thread/TRACE] [net.minecraftforge.registries.ForgeRegistry/REGISTRIES]: Registry minecraft:recipe_serializer add: minecraft:crafting_special_firework_rocket 6 net.minecraft.item.crafting.SpecialRecipeSerializer@29d06969 (req. id 6)
[27Sep2026 09:11:46.137] [Server thread/TRACE] [net.minecraftforge.registries.ForgeRegistry/REGISTRIES]: Registry minecraft:recipe_serializer add: minecraft:crafting_special_firework_star 7 net.minecraft.item.crafting.SpecialRecipeSerializer@ac605e7 (req. id 7)
[27Sep2026 09:11:46.137] [Server thread/TRACE] [net.minecraftforge.registries.ForgeRegistry/REGISTRIES]: Registry minecraft:recipe_serializer add: minecraft:crafting_special_firework_star_fade 8 net.minecraft.item.crafting.SpecialRecipeSerializer@78fe0345 (req. id 8)
[27Sep2026 09:11:46.137] [Server thread/TRACE] [net.minecraftforge.registries.ForgeRegistry/REGISTRIES]: Registry minecraft:recipe_serializer add: minecraft:crafting_special_tippedarrow 9 net.minecraft.item.crafting.SpecialRecipeSerializer@2546acbf (req. id 9)
[27Sep2026 09:11:46.137] [Server thread/TRACE] [net.minecraftforge.registries.ForgeRegistry/REGISTRIES]: Registry minecraft:recipe_serializer add: minecraft:crafting_special_bannerduplicate 10 net.minecraft.item.crafting.SpecialRecipeSerializer@3e528204 (req. id 10)
[27Sep2026 09:11:46.137] [Server thread/TRACE] [net.minecraftforge.registries.ForgeRegistry/REGISTRIES]: Registry minecraft:recipe_serializer add: minecraft:crafting_special_shielddecoration 11 net.minecraft.item.crafting.SpecialRecipeSerializer@3f37a4d0 (req. id 11)
[27Sep2026 09:11:46.137] [Server thread/TRACE] [net.minecraftforge.registries.ForgeRegistry/REGISTRIES]: Registry minecraft:recipe_serializer add: minecraft:crafting_special_shulkerboxcoloring 12 net.minecraft.item.crafting.SpecialRecipeSerializer@6ed6b0f1 (req. id 12)
[27Sep2026 09:11:46.137] [Server thread/TRACE] [net.minecraftforge.registries.ForgeRegistry/REGISTRIES]: Registry minecraft:recipe_serializer add: minecraft:crafting_special_suspiciousstew 13 net.minecraft.item.crafting.SpecialRecipeSerializer@6c0f933 (req. id 13)
[27Sep2026 09:11:46.137] [Server thread/TRACE] [net.minecraftforge.registries.ForgeRegistry/REGISTRIES]: Registry minecraft:recipe_serializer add: minecraft:crafting_special_repairitem 14 net.minecraft.item.crafting.SpecialRecipeSerializer@13f3e499 (req. id 14)
[27Sep2026 09:11:46.137] [Server thread/TRACE] [net.minecraftforge.registries.ForgeRegistry/REGISTRIES]: Registry minecraft:recipe_serializer add: minecraft:smelting 15 net.minecraft.item.crafting.CookingRecipeSerializer@59113d99 (req. id 15)
[27Sep2026 09:11:46.137] [Server thread/TRACE] [net.minecraftforge.registries.ForgeRegistry/REGISTRIES]: Registry minecraft:recipe_serializer add: minecraft:blasting 16 net.minecraft.item.crafting.CookingRecipeSerializer@3a2cdff6 (req. id 16)
[27Sep2026 09:11:46.137] [Server thread/TRACE] [net.minecraftforge.registries.ForgeRegistry/REGISTRIES]: Registry minecraft:recipe_serializer add: minecraft:smoking 17 net.minecraft.item.crafting.CookingRecipeSerializer@2f8d129f (req. id 17)
[27Sep2026 09:11:46.137] [Server thread/TRACE] [net.minecraftforge.registries.ForgeRegistry/REGISTRIES]: Registry minecraft:recipe_serializer add: minecraft:campfire_cooking 18 net.minecraft.item.crafting.CookingRecipeSerializer@152c8e75 (req. id 18)
[27Sep2026 09:11:46.137] [Server thread/TRACE] [net.minecraftforge.registries.ForgeRegistry/REGISTRIES]: Registry minecraft:recipe_serializer add: minecraft:stonecutting 19 net.minecraft.item.crafting.SingleItemRecipe$Serializer@1d50010 (req. id 19)
[27Sep2026 09:11:46.137] [Server thread/TRACE] [net.minecraftforge.registries.ForgeRegistry/REGISTRIES]: Registry minecraft:recipe_serializer add: minecraft:smithing 20 net.minecraft.item.crafting.SmithingRecipe$Serializer@2b1c406f (req. id 20)
[27Sep2026 09:11:46.137] [Server thread/TRACE] [net.minecraftforge.registries.ForgeRegistry/REGISTRIES]: Registry minecraft:recipe_serializer add: forge:conditional 21 net.minecraftforge.common.crafting.ConditionalRecipe$Serializer@4519f676 (req. id 21)
[27Sep2026 09:11:46.137] [Server thread/DEBUG] [net.minecraftforge.registries.ForgeRegistry/REGISTRIES]: Registry minecraft:attribute Sync: ACTIVE -> FROZEN
[27Sep2026 09:11:46.137] [Server thread/TRACE] [net.minecraftforge.registries.ForgeRegistry/REGISTRIES]: Registry minecraft:attribute add: minecraft:generic.max_health 0 net.minecraft.entity.ai.attributes.RangedAttribute@742ea3c (req. id 0)
[27Sep2026 09:11:46.137] [Server thread/TRACE] [net.minecraftforge.registries.ForgeRegistry/REGISTRIES]: Registry minecraft:attribute add: minecraft:generic.follow_range 1 net.minecraft.entity.ai.attributes.RangedAttribute@4564c572 (req. id 1)
[27Sep2026 09:11:46.137] [Server thread/TRACE] [net.minecraftforge.registries.ForgeRegistry/REGISTRIES]: Registry minecraft:attribute add: minecraft:generic.knockback_resistance 2 net.minecraft.entity.ai.attributes.RangedAttribute@51fdc8c4 (req. id 2)
[27Sep2026 09:11:46.137] [Server thread/TRACE] [net.minecraftforge.registries.ForgeRegistry/REGISTRIES]: Registry minecraft:attribute add: minecraft:generic.movement_speed 3 net.minecraft.entity.ai.attributes.RangedAttribute@4c0d6a3c (req. id 3)
[27Sep2026 09:11:46.137] [Server thread/TRACE] [net.minecraftforge.registries.ForgeRegistry/REGISTRIES]: Registry minecraft:attribute add: minecraft:generic.flying_speed 4 net.minecraft.entity.ai.attributes.RangedAttribute@4202ef50 (req. id 4)
[27Sep2026 09:11:46.137] [Server thread/TRACE] [net.minecraftforge.registries.ForgeRegistry/REGISTRIES]: Registry minecraft:attribute add: minecraft:generic.attack_damage 5 net.minecraft.entity.ai.attributes.RangedAttribute@43f18ec (req. id 5)
[27Sep2026 09:11:46.137] [Server thread/TRACE] [net.minecraftforge.registries.ForgeRegistry/REGISTRIES]: Registry minecraft:attribute add: minecraft:generic.attack_knockback 6 net.minecraft.entity.ai.attributes.RangedAttribute@52ea7840 (req. id 6)
[27Sep2026 09:11:46.137] [Server thread/TRACE] [net.minecraftforge.registries.ForgeRegistry/REGISTRIES]: Registry minecraft:attribute add: minecraft:generic.attack_speed 7 net.minecraft.entity.ai.attributes.RangedAttribute@452199ee (req. id 7)
[27Sep2026 09:11:46.137] [Server thread/TRACE] [net.minecraftforge.registries.ForgeRegistry/REGISTRIES]: Registry minecraft:attribute add: minecraft:generic.armor 8 net.minecraft.entity.ai.attributes.RangedAttribute@4f3b0012 (req. id 8)
[27Sep2026 09:11:46.137] [Server thread/TRACE] [net.minecraftforge.registries.ForgeRegistry/REGISTRIES]: Registry minecraft:attribute add: minecraft:generic.armor_toughness 9 net.minecraft.entity.ai.attributes.RangedAttribute@453930d8 (req. id 9)
[27Sep2026 09:11:46.137] [Server thread/TRACE] [net.minecraftforge.registries.ForgeRegistry/REGISTRIES]: Registry minecraft:attribute add: minecraft:generic.luck 10 net.minecraft.entity.ai.attributes.RangedAttribute@5e8fdb8e (req. id 10)
[27Sep2026 09:11:46.137] [Server thread/TRACE] [net.minecraftforge.registries.ForgeRegistry/REGISTRIES]: Registry minecraft:attribute add: minecraft:zombie.spawn_reinforcements 11 net.minecraft.entity.ai.attributes.RangedAttribute@5bc16b88 (req. id 11)
[27Sep2026 09:11:46.137] [Server thread/TRACE] [net.minecraftforge.registries.ForgeRegistry/REGISTRIES]: Registry minecraft:attribute add: minecraft:horse.jump_strength 12 net.minecraft.entity.ai.attributes.RangedAttribute@26454729 (req. id 12)
[27Sep2026 09:11:46.137] [Server thread/TRACE] [net.minecraftforge.registries.ForgeRegistry/REGISTRIES]: Registry minecraft:attribute add: forge:swim_speed 13 net.minecraft.entity.ai.attributes.RangedAttribute@9c73fff (req. id 13)
[27Sep2026 09:11:46.137] [Server thread/TRACE] [net.minecraftforge.registries.ForgeRegistry/REGISTRIES]: Registry minecraft:attribute add: forge:nametag_distance 14 net.minecraft.entity.ai.attributes.RangedAttribute@2e463f4 (req. id 14)
[27Sep2026 09:11:46.137] [Server thread/TRACE] [net.minecraftforge.registries.ForgeRegistry/REGISTRIES]: Registry minecraft:attribute add: forge:entity_gravity 15 net.minecraft.entity.ai.attributes.RangedAttribute@2abbd0d9 (req. id 15)
[27Sep2026 09:11:46.137] [Server thread/TRACE] [net.minecraftforge.registries.ForgeRegistry/REGISTRIES]: Registry minecraft:attribute add: forge:reach_distance 16 net.minecraft.entity.ai.attributes.RangedAttribute@32bb0072 (req. id 16)
[27Sep2026 09:11:46.137] [Server thread/DEBUG] [net.minecraftforge.registries.ForgeRegistry/REGISTRIES]: Registry minecraft:stat_type Sync: ACTIVE -> FROZEN
[27Sep2026 09:11:46.137] [Server thread/TRACE] [net.minecraftforge.registries.ForgeRegistry/REGISTRIES]: Registry minecraft:stat_type add: minecraft:mined 0 net.minecraft.stats.StatType@532fd6f9 (req. id 0)
[27Sep2026 09:11:46.137] [Server thread/TRACE] [net.minecraftforge.registries.ForgeRegistry/REGISTRIES]: Registry minecraft:stat_type add: minecraft:crafted 1 net.minecraft.stats.StatType@4c6b5af5 (req. id 1)
[27Sep2026 09:11:46.137] [Server thread/TRACE] [net.minecraftforge.registries.ForgeRegistry/REGISTRIES]: Registry minecraft:stat_type add: minecraft:used 2 net.minecraft.stats.StatType@43089ac7 (req. id 2)
[27Sep2026 09:11:46.137] [Server thread/TRACE] [net.minecraftforge.registries.ForgeRegistry/REGISTRIES]: Registry minecraft:stat_type add: minecraft:broken 3 net.minecraft.stats.StatType@754b6667 (req. id 3)
[27Sep2026 09:11:46.137] [Server thread/TRACE] [net.minecraftforge.registries.ForgeRegistry/REGISTRIES]: Registry minecraft:stat_type add: minecraft:picked_up 4 net.minecraft.stats.StatType@4f6224a8 (req. id 4)
[27Sep2026 09:11:46.137] [Server thread/TRACE] [net.minecraftforge.registries.ForgeRegistry/REGISTRIES]: Registry minecraft:stat_type add: minecraft:dropped 5 net.minecraft.stats.StatType@6bedfb5 (req. id 5)
[27Sep2026 09:11:46.138] [Server thread/TRACE] [net.minecraftforge.registries.ForgeRegistry/REGISTRIES]: Registry minecraft:stat_type add: minecraft:killed 6 net.minecraft.stats.StatType@150170a5 (req. id 6)
[27Sep2026 09:11:46.138] [Server thread/TRACE] [net.minecraftforge.registries.ForgeRegistry/REGISTRIES]: Registry minecraft:stat_type add: minecraft:killed_by 7 net.minecraft.stats.StatType@54110fee (req. id 7)
[27Sep2026 09:11:46.138] [Server thread/TRACE] [net.minecraftforge.registries.ForgeRegistry/REGISTRIES]: Registry minecraft:stat_type add: minecraft:custom 8 net.minecraft.stats.StatType@7f78409 (req. id 8)
[27Sep2026 09:11:46.138] [Server thread/DEBUG] [net.minecraftforge.registries.ForgeRegistry/REGISTRIES]: Registry minecraft:villager_profession Sync: ACTIVE -> FROZEN
[27Sep2026 09:11:46.138] [Server thread/TRACE] [net.minecraftforge.registries.ForgeRegistry/REGISTRIES]: Registry minecraft:villager_profession add: minecraft:none 0 none (req. id 0)
[27Sep2026 09:11:46.141] [Server thread/TRACE] [net.minecraftforge.registries.ForgeRegistry/REGISTRIES]: Registry minecraft:villager_profession add: minecraft:armorer 1 armorer (req. id 1)
[27Sep2026 09:11:46.141] [Server thread/TRACE] [net.minecraftforge.registries.ForgeRegistry/REGISTRIES]: Registry minecraft:villager_profession add: minecraft:butcher 2 butcher (req. id 2)
[27Sep2026 09:11:46.141] [Server thread/TRACE] [net.minecraftforge.registries.ForgeRegistry/REGISTRIES]: Registry minecraft:villager_profession add: minecraft:cartographer 3 cartographer (req. id 3)
[27Sep2026 09:11:46.141] [Server thread/TRACE] [net.minecraftforge.registries.ForgeRegistry/REGISTRIES]: Registry minecraft:villager_profession add: minecraft:cleric 4 cleric (req. id 4)
[27Sep2026 09:11:46.141] [Server thread/TRACE] [net.minecraftforge.registries.ForgeRegistry/REGISTRIES]: Registry minecraft:villager_profession add: minecraft:farmer 5 farmer (req. id 5)
[27Sep2026 09:11:46.141] [Server thread/TRACE] [net.minecraftforge.registries.ForgeRegistry/REGISTRIES]: Registry minecraft:villager_profession add: minecraft:fisherman 6 fisherman (req. id 6)
[27Sep2026 09:11:46.141] [Server thread/TRACE] [net.minecraftforge.registries.ForgeRegistry/REGISTRIES]: Registry minecraft:villager_profession add: minecraft:fletcher 7 fletcher (req. id 7)
[27Sep2026 09:11:46.141] [Server thread/TRACE] [net.minecraftforge.registries.ForgeRegistry/REGISTRIES]: Registry minecraft:villager_profession add: minecraft:leatherworker 8 leatherworker (req. id 8)
[27Sep2026 09:11:46.141] [Server thread/TRACE] [net.minecraftforge.registries.ForgeRegistry/REGISTRIES]: Registry minecraft:villager_profession add: minecraft:librarian 9 librarian (req. id 9)
[27Sep2026 09:11:46.141] [Server thread/TRACE] [net.minecraftforge.registries.ForgeRegistry/REGISTRIES]: Registry minecraft:villager_profession add: minecraft:mason 10 mason (req. id 10)
[27Sep2026 09:11:46.141] [Server thread/TRACE] [net.minecraftforge.registries.ForgeRegistry/REGISTRIES]: Registry minecraft:villager_profession add: minecraft:nitwit 11 nitwit (req. id 11)
[27Sep2026 09:11:46.141] [Server thread/TRACE] [net.minecraftforge.registries.ForgeRegistry/REGISTRIES]: Registry minecraft:villager_profession add: minecraft:shepherd 12 shepherd (req. id 12)
[27Sep2026 09:11:46.141] [Server thread/TRACE] [net.minecraftforge.registries.ForgeRegistry/REGISTRIES]: Registry minecraft:villager_profession add: minecraft:toolsmith 13 toolsmith (req. id 13)
[27Sep2026 09:11:46.141] [Server thread/TRACE] [net.minecraftforge.registries.ForgeRegistry/REGISTRIES]: Registry minecraft:villager_profession add: minecraft:weaponsmith 14 weaponsmith (req. id 14)
[27Sep2026 09:11:46.141] [Server thread/DEBUG] [net.minecraftforge.registries.ForgeRegistry/REGISTRIES]: Registry minecraft:point_of_interest_type Sync: ACTIVE -> FROZEN
[27Sep2026 09:11:46.141] [Server thread/TRACE] [net.minecraftforge.registries.ForgeRegistry/REGISTRIES]: Registry minecraft:point_of_interest_type add: minecraft:unemployed 0 unemployed (req. id 0)
[27Sep2026 09:11:46.141] [Server thread/TRACE] [net.minecraftforge.registries.ForgeRegistry/REGISTRIES]: Registry minecraft:point_of_interest_type add: minecraft:armorer 1 armorer (req. id 1)
[27Sep2026 09:11:46.141] [Server thread/TRACE] [net.minecraftforge.registries.ForgeRegistry/REGISTRIES]: Registry minecraft:point_of_interest_type add: minecraft:butcher 2 butcher (req. id 2)
[27Sep2026 09:11:46.141] [Server thread/TRACE] [net.minecraftforge.registries.ForgeRegistry/REGISTRIES]: Registry minecraft:point_of_interest_type add: minecraft:cartographer 3 cartographer (req. id 3)
[27Sep2026 09:11:46.141] [Server thread/TRACE] [net.minecraftforge.registries.ForgeRegistry/REGISTRIES]: Registry minecraft:point_of_interest_type add: minecraft:cleric 4 cleric (req. id 4)
[27Sep2026 09:11:46.141] [Server thread/TRACE] [net.minecraftforge.registries.ForgeRegistry/REGISTRIES]: Registry minecraft:point_of_interest_type add: minecraft:farmer 5 farmer (req. id 5)
[27Sep2026 09:11:46.141] [Server thread/TRACE] [net.minecraftforge.registries.ForgeRegistry/REGISTRIES]: Registry minecraft:point_of_interest_type add: minecraft:fisherman 6 fisherman (req. id 6)
[27Sep2026 09:11:46.141] [Server thread/TRACE] [net.minecraftforge.registries.ForgeRegistry/REGISTRIES]: Registry minecraft:point_of_interest_type add: minecraft:fletcher 7 fletcher (req. id 7)
[27Sep2026 09:11:46.141] [Server thread/TRACE] [net.minecraftforge.registries.ForgeRegistry/REGISTRIES]: Registry minecraft:point_of_interest_type add: minecraft:leatherworker 8 leatherworker (req. id 8)
[27Sep2026 09:11:46.141] [Server thread/TRACE] [net.minecraftforge.registries.ForgeRegistry/REGISTRIES]: Registry minecraft:point_of_interest_type add: minecraft:librarian 9 librarian (req. id 9)
[27Sep2026 09:11:46.141] [Server thread/TRACE] [net.minecraftforge.registries.ForgeRegistry/REGISTRIES]: Registry minecraft:point_of_interest_type add: minecraft:mason 10 mason (req. id 10)
[27Sep2026 09:11:46.141] [Server thread/TRACE] [net.minecraftforge.registries.ForgeRegistry/REGISTRIES]: Registry minecraft:point_of_interest_type add: minecraft:nitwit 11 nitwit (req. id 11)
[27Sep2026 09:11:46.141] [Server thread/TRACE] [net.minecraftforge.registries.ForgeRegistry/REGISTRIES]: Registry minecraft:point_of_interest_type add: minecraft:shepherd 12 shepherd (req. id 12)
[27Sep2026 09:11:46.141] [Server thread/TRACE] [net.minecraftforge.registries.ForgeRegistry/REGISTRIES]: Registry minecraft:point_of_interest_type add: minecraft:toolsmith 13 toolsmith (req. id 13)
[27Sep2026 09:11:46.141] [Server thread/TRACE] [net.minecraftforge.registries.ForgeRegistry/REGISTRIES]: Registry minecraft:point_of_interest_type add: minecraft:weaponsmith 14 weaponsmith (req. id 14)
[27Sep2026 09:11:46.141] [Server thread/TRACE] [net.minecraftforge.registries.ForgeRegistry/REGISTRIES]: Registry minecraft:point_of_interest_type add: minecraft:home 15 home (req. id 15)
[27Sep2026 09:11:46.141] [Server thread/TRACE] [net.minecraftforge.registries.ForgeRegistry/REGISTRIES]: Registry minecraft:point_of_interest_type add: minecraft:meeting 16 meeting (req. id 16)
[27Sep2026 09:11:46.142] [Server thread/TRACE] [net.minecraftforge.registries.ForgeRegistry/REGISTRIES]: Registry minecraft:point_of_interest_type add: minecraft:beehive 17 beehive (req. id 17)
[27Sep2026 09:11:46.142] [Server thread/TRACE] [net.minecraftforge.registries.ForgeRegistry/REGISTRIES]: Registry minecraft:point_of_interest_type add: minecraft:bee_nest 18 bee_nest (req. id 18)
[27Sep2026 09:11:46.142] [Server thread/TRACE] [net.minecraftforge.registries.ForgeRegistry/REGISTRIES]: Registry minecraft:point_of_interest_type add: minecraft:nether_portal 19 nether_portal (req. id 19)
[27Sep2026 09:11:46.142] [Server thread/TRACE] [net.minecraftforge.registries.ForgeRegistry/REGISTRIES]: Registry minecraft:point_of_interest_type add: minecraft:lodestone 20 lodestone (req. id 20)
[27Sep2026 09:11:46.142] [Server thread/DEBUG] [net.minecraftforge.registries.ForgeRegistry/REGISTRIES]: Registry minecraft:memory_module_type Sync: ACTIVE -> FROZEN
[27Sep2026 09:11:46.142] [Server thread/TRACE] [net.minecraftforge.registries.ForgeRegistry/REGISTRIES]: Registry minecraft:memory_module_type add: minecraft:dummy 0 minecraft:dummy (req. id 0)
[27Sep2026 09:11:46.142] [Server thread/TRACE] [net.minecraftforge.registries.ForgeRegistry/REGISTRIES]: Registry minecraft:memory_module_type add: minecraft:home 1 minecraft:home (req. id 1)
[27Sep2026 09:11:46.142] [Server thread/TRACE] [net.minecraftforge.registries.ForgeRegistry/REGISTRIES]: Registry minecraft:memory_module_type add: minecraft:job_site 2 minecraft:job_site (req. id 2)
[27Sep2026 09:11:46.142] [Server thread/TRACE] [net.minecraftforge.registries.ForgeRegistry/REGISTRIES]: Registry minecraft:memory_module_type add: minecraft:potential_job_site 3 minecraft:potential_job_site (req. id 3)
[27Sep2026 09:11:46.142] [Server thread/TRACE] [net.minecraftforge.registries.ForgeRegistry/REGISTRIES]: Registry minecraft:memory_module_type add: minecraft:meeting_point 4 minecraft:meeting_point (req. id 4)
[27Sep2026 09:11:46.142] [Server thread/TRACE] [net.minecraftforge.registries.ForgeRegistry/REGISTRIES]: Registry minecraft:memory_module_type add: minecraft:secondary_job_site 5 minecraft:secondary_job_site (req. id 5)
[27Sep2026 09:11:46.142] [Server thread/TRACE] [net.minecraftforge.registries.ForgeRegistry/REGISTRIES]: Registry minecraft:memory_module_type add: minecraft:mobs 6 minecraft:mobs (req. id 6)
[27Sep2026 09:11:46.142] [Server thread/TRACE] [net.minecraftforge.registries.ForgeRegistry/REGISTRIES]: Registry minecraft:memory_module_type add: minecraft:visible_mobs 7 minecraft:visible_mobs (req. id 7)
[27Sep2026 09:11:46.142] [Server thread/TRACE] [net.minecraftforge.registries.ForgeRegistry/REGISTRIES]: Registry minecraft:memory_module_type add: minecraft:visible_villager_babies 8 minecraft:visible_villager_babies (req. id 8)
[27Sep2026 09:11:46.142] [Server thread/TRACE] [net.minecraftforge.registries.ForgeRegistry/REGISTRIES]: Registry minecraft:memory_module_type add: minecraft:nearest_players 9 minecraft:nearest_players (req. id 9)
[27Sep2026 09:11:46.142] [Server thread/TRACE] [net.minecraftforge.registries.ForgeRegistry/REGISTRIES]: Registry minecraft:memory_module_type add: minecraft:nearest_visible_player 10 minecraft:nearest_visible_player (req. id 10)
[27Sep2026 09:11:46.142] [Server thread/TRACE] [net.minecraftforge.registries.ForgeRegistry/REGISTRIES]: Registry minecraft:memory_module_type add: minecraft:nearest_visible_targetable_player 11 minecraft:nearest_visible_targetable_player (req. id 11)
[27Sep2026 09:11:46.142] [Server thread/TRACE] [net.minecraftforge.registries.ForgeRegistry/REGISTRIES]: Registry minecraft:memory_module_type add: minecraft:walk_target 12 minecraft:walk_target (req. id 12)
[27Sep2026 09:11:46.142] [Server thread/TRACE] [net.minecraftforge.registries.ForgeRegistry/REGISTRIES]: Registry minecraft:memory_module_type add: minecraft:look_target 13 minecraft:look_target (req. id 13)
[27Sep2026 09:11:46.142] [Server thread/TRACE] [net.minecraftforge.registries.ForgeRegistry/REGISTRIES]: Registry minecraft:memory_module_type add: minecraft:attack_target 14 minecraft:attack_target (req. id 14)
[27Sep2026 09:11:46.142] [Server thread/TRACE] [net.minecraftforge.registries.ForgeRegistry/REGISTRIES]: Registry minecraft:memory_module_type add: minecraft:attack_cooling_down 15 minecraft:attack_cooling_down (req. id 15)
[27Sep2026 09:11:46.142] [Server thread/TRACE] [net.minecraftforge.registries.ForgeRegistry/REGISTRIES]: Registry minecraft:memory_module_type add: minecraft:interaction_target 16 minecraft:interaction_target (req. id 16)
[27Sep2026 09:11:46.142] [Server thread/TRACE] [net.minecraftforge.registries.ForgeRegistry/REGISTRIES]: Registry minecraft:memory_module_type add: minecraft:breed_target 17 minecraft:breed_target (req. id 17)
[27Sep2026 09:11:46.142] [Server thread/TRACE] [net.minecraftforge.registries.ForgeRegistry/REGISTRIES]: Registry minecraft:memory_module_type add: minecraft:ride_target 18 minecraft:ride_target (req. id 18)
[27Sep2026 09:11:46.142] [Server thread/TRACE] [net.minecraftforge.registries.ForgeRegistry/REGISTRIES]: Registry minecraft:memory_module_type add: minecraft:path 19 minecraft:path (req. id 19)
[27Sep2026 09:11:46.142] [Server thread/TRACE] [net.minecraftforge.registries.ForgeRegistry/REGISTRIES]: Registry minecraft:memory_module_type add: minecraft:interactable_doors 20 minecraft:interactable_doors (req. id 20)
[27Sep2026 09:11:46.142] [Server thread/TRACE] [net.minecraftforge.registries.ForgeRegistry/REGISTRIES]: Registry minecraft:memory_module_type add: minecraft:doors_to_close 21 minecraft:doors_to_close (req. id 21)
[27Sep2026 09:11:46.142] [Server thread/TRACE] [net.minecraftforge.registries.ForgeRegistry/REGISTRIES]: Registry minecraft:memory_module_type add: minecraft:nearest_bed 22 minecraft:nearest_bed (req. id 22)
[27Sep2026 09:11:46.142] [Server thread/TRACE] [net.minecraftforge.registries.ForgeRegistry/REGISTRIES]: Registry minecraft:memory_module_type add: minecraft:hurt_by 23 minecraft:hurt_by (req. id 23)
[27Sep2026 09:11:46.142] [Server thread/TRACE] [net.minecraftforge.registries.ForgeRegistry/REGISTRIES]: Registry minecraft:memory_module_type add: minecraft:hurt_by_entity 24 minecraft:hurt_by_entity (req. id 24)
[27Sep2026 09:11:46.142] [Server thread/TRACE] [net.minecraftforge.registries.ForgeRegistry/REGISTRIES]: Registry minecraft:memory_module_type add: minecraft:avoid_target 25 minecraft:avoid_target (req. id 25)
[27Sep2026 09:11:46.142] [Server thread/TRACE] [net.minecraftforge.registries.ForgeRegistry/REGISTRIES]: Registry minecraft:memory_module_type add: minecraft:nearest_hostile 26 minecraft:nearest_hostile (req. id 26)
[27Sep2026 09:11:46.142] [Server thread/TRACE] [net.minecraftforge.registries.ForgeRegistry/REGISTRIES]: Registry minecraft:memory_module_type add: minecraft:hiding_place 27 minecraft:hiding_place (req. id 27)
[27Sep2026 09:11:46.142] [Server thread/TRACE] [net.minecraftforge.registries.ForgeRegistry/REGISTRIES]: Registry minecraft:memory_module_type add: minecraft:heard_bell_time 28 minecraft:heard_bell_time (req. id 28)
[27Sep2026 09:11:46.142] [Server thread/TRACE] [net.minecraftforge.registries.ForgeRegistry/REGISTRIES]: Registry minecraft:memory_module_type add: minecraft:cant_reach_walk_target_since 29 minecraft:cant_reach_walk_target_since (req. id 29)
[27Sep2026 09:11:46.142] [Server thread/TRACE] [net.minecraftforge.registries.ForgeRegistry/REGISTRIES]: Registry minecraft:memory_module_type add: minecraft:golem_detected_recently 30 minecraft:golem_detected_recently (req. id 30)
[27Sep2026 09:11:46.142] [Server thread/TRACE] [net.minecraftforge.registries.ForgeRegistry/REGISTRIES]: Registry minecraft:memory_module_type add: minecraft:last_slept 31 minecraft:last_slept (req. id 31)
[27Sep2026 09:11:46.142] [Server thread/TRACE] [net.minecraftforge.registries.ForgeRegistry/REGISTRIES]: Registry minecraft:memory_module_type add: minecraft:last_woken 32 minecraft:last_woken (req. id 32)
[27Sep2026 09:11:46.142] [Server thread/TRACE] [net.minecraftforge.registries.ForgeRegistry/REGISTRIES]: Registry minecraft:memory_module_type add: minecraft:last_worked_at_poi 33 minecraft:last_worked_at_poi (req. id 33)
[27Sep2026 09:11:46.142] [Server thread/TRACE] [net.minecraftforge.registries.ForgeRegistry/REGISTRIES]: Registry minecraft:memory_module_type add: minecraft:nearest_visible_adult 34 minecraft:nearest_visible_adult (req. id 34)
[27Sep2026 09:11:46.142] [Server thread/TRACE] [net.minecraftforge.registries.ForgeRegistry/REGISTRIES]: Registry minecraft:memory_module_type add: minecraft:nearest_visible_wanted_item 35 minecraft:nearest_visible_wanted_item (req. id 35)
[27Sep2026 09:11:46.142] [Server thread/TRACE] [net.minecraftforge.registries.ForgeRegistry/REGISTRIES]: Registry minecraft:memory_module_type add: minecraft:nearest_visible_nemesis 36 minecraft:nearest_visible_nemesis (req. id 36)
[27Sep2026 09:11:46.142] [Server thread/TRACE] [net.minecraftforge.registries.ForgeRegistry/REGISTRIES]: Registry minecraft:memory_module_type add: minecraft:angry_at 37 minecraft:angry_at (req. id 37)
[27Sep2026 09:11:46.142] [Server thread/TRACE] [net.minecraftforge.registries.ForgeRegistry/REGISTRIES]: Registry minecraft:memory_module_type add: minecraft:universal_anger 38 minecraft:universal_anger (req. id 38)
[27Sep2026 09:11:46.142] [Server thread/TRACE] [net.minecraftforge.registries.ForgeRegistry/REGISTRIES]: Registry minecraft:memory_module_type add: minecraft:admiring_item 39 minecraft:admiring_item (req. id 39)
[27Sep2026 09:11:46.142] [Server thread/TRACE] [net.minecraftforge.registries.ForgeRegistry/REGISTRIES]: Registry minecraft:memory_module_type add: minecraft:time_trying_to_reach_admire_item 40 minecraft:time_trying_to_reach_admire_item (req. id 40)
[27Sep2026 09:11:46.142] [Server thread/TRACE] [net.minecraftforge.registries.ForgeRegistry/REGISTRIES]: Registry minecraft:memory_module_type add: minecraft:disable_walk_to_admire_item 41 minecraft:disable_walk_to_admire_item (req. id 41)
[27Sep2026 09:11:46.142] [Server thread/TRACE] [net.minecraftforge.registries.ForgeRegistry/REGISTRIES]: Registry minecraft:memory_module_type add: minecraft:admiring_disabled 42 minecraft:admiring_disabled (req. id 42)
[27Sep2026 09:11:46.142] [Server thread/TRACE] [net.minecraftforge.registries.ForgeRegistry/REGISTRIES]: Registry minecraft:memory_module_type add: minecraft:hunted_recently 43 minecraft:hunted_recently (req. id 43)
[27Sep2026 09:11:46.142] [Server thread/TRACE] [net.minecraftforge.registries.ForgeRegistry/REGISTRIES]: Registry minecraft:memory_module_type add: minecraft:celebrate_location 44 minecraft:celebrate_location (req. id 44)
[27Sep2026 09:11:46.142] [Server thread/TRACE] [net.minecraftforge.registries.ForgeRegistry/REGISTRIES]: Registry minecraft:memory_module_type add: minecraft:dancing 45 minecraft:dancing (req. id 45)
[27Sep2026 09:11:46.142] [Server thread/TRACE] [net.minecraftforge.registries.ForgeRegistry/REGISTRIES]: Registry minecraft:memory_module_type add: minecraft:nearest_visible_huntable_hoglin 46 minecraft:nearest_visible_huntable_hoglin (req. id 46)
[27Sep2026 09:11:46.142] [Server thread/TRACE] [net.minecraftforge.registries.ForgeRegistry/REGISTRIES]: Registry minecraft:memory_module_type add: minecraft:nearest_visible_baby_hoglin 47 minecraft:nearest_visible_baby_hoglin (req. id 47)
[27Sep2026 09:11:46.142] [Server thread/TRACE] [net.minecraftforge.registries.ForgeRegistry/REGISTRIES]: Registry minecraft:memory_module_type add: minecraft:nearest_targetable_player_not_wearing_gold 48 minecraft:nearest_targetable_player_not_wearing_gold (req. id 48)
[27Sep2026 09:11:46.142] [Server thread/TRACE] [net.minecraftforge.registries.ForgeRegistry/REGISTRIES]: Registry minecraft:memory_module_type add: minecraft:nearby_adult_piglins 49 minecraft:nearby_adult_piglins (req. id 49)
[27Sep2026 09:11:46.142] [Server thread/TRACE] [net.minecraftforge.registries.ForgeRegistry/REGISTRIES]: Registry minecraft:memory_module_type add: minecraft:nearest_visible_adult_piglins 50 minecraft:nearest_visible_adult_piglins (req. id 50)
[27Sep2026 09:11:46.142] [Server thread/TRACE] [net.minecraftforge.registries.ForgeRegistry/REGISTRIES]: Registry minecraft:memory_module_type add: minecraft:nearest_visible_adult_hoglins 51 minecraft:nearest_visible_adult_hoglins (req. id 51)
[27Sep2026 09:11:46.143] [Server thread/TRACE] [net.minecraftforge.registries.ForgeRegistry/REGISTRIES]: Registry minecraft:memory_module_type add: minecraft:nearest_visible_adult_piglin 52 minecraft:nearest_visible_adult_piglin (req. id 52)
[27Sep2026 09:11:46.143] [Server thread/TRACE] [net.minecraftforge.registries.ForgeRegistry/REGISTRIES]: Registry minecraft:memory_module_type add: minecraft:nearest_visible_zombified 53 minecraft:nearest_visible_zombified (req. id 53)
[27Sep2026 09:11:46.143] [Server thread/TRACE] [net.minecraftforge.registries.ForgeRegistry/REGISTRIES]: Registry minecraft:memory_module_type add: minecraft:visible_adult_piglin_count 54 minecraft:visible_adult_piglin_count (req. id 54)
[27Sep2026 09:11:46.143] [Server thread/TRACE] [net.minecraftforge.registries.ForgeRegistry/REGISTRIES]: Registry minecraft:memory_module_type add: minecraft:visible_adult_hoglin_count 55 minecraft:visible_adult_hoglin_count (req. id 55)
[27Sep2026 09:11:46.143] [Server thread/TRACE] [net.minecraftforge.registries.ForgeRegistry/REGISTRIES]: Registry minecraft:memory_module_type add: minecraft:nearest_player_holding_wanted_item 56 minecraft:nearest_player_holding_wanted_item (req. id 56)
[27Sep2026 09:11:46.143] [Server thread/TRACE] [net.minecraftforge.registries.ForgeRegistry/REGISTRIES]: Registry minecraft:memory_module_type add: minecraft:ate_recently 57 minecraft:ate_recently (req. id 57)
[27Sep2026 09:11:46.143] [Server thread/TRACE] [net.minecraftforge.registries.ForgeRegistry/REGISTRIES]: Registry minecraft:memory_module_type add: minecraft:nearest_repellent 58 minecraft:nearest_repellent (req. id 58)
[27Sep2026 09:11:46.143] [Server thread/TRACE] [net.minecraftforge.registries.ForgeRegistry/REGISTRIES]: Registry minecraft:memory_module_type add: minecraft:pacified 59 minecraft:pacified (req. id 59)
[27Sep2026 09:11:46.143] [Server thread/DEBUG] [net.minecraftforge.registries.ForgeRegistry/REGISTRIES]: Registry minecraft:sensor_type Sync: ACTIVE -> FROZEN
[27Sep2026 09:11:46.143] [Server thread/TRACE] [net.minecraftforge.registries.ForgeRegistry/REGISTRIES]: Registry minecraft:sensor_type add: minecraft:dummy 0 net.minecraft.entity.ai.brain.sensor.SensorType@3cf6114d (req. id 0)
[27Sep2026 09:11:46.143] [Server thread/TRACE] [net.minecraftforge.registries.ForgeRegistry/REGISTRIES]: Registry minecraft:sensor_type add: minecraft:nearest_items 1 net.minecraft.entity.ai.brain.sensor.SensorType@7964e6b1 (req. id 1)
[27Sep2026 09:11:46.143] [Server thread/TRACE] [net.minecraftforge.registries.ForgeRegistry/REGISTRIES]: Registry minecraft:sensor_type add: minecraft:nearest_living_entities 2 net.minecraft.entity.ai.brain.sensor.SensorType@1d5102cc (req. id 2)
[27Sep2026 09:11:46.143] [Server thread/TRACE] [net.minecraftforge.registries.ForgeRegistry/REGISTRIES]: Registry minecraft:sensor_type add: minecraft:nearest_players 3 net.minecraft.entity.ai.brain.sensor.SensorType@3585c104 (req. id 3)
[27Sep2026 09:11:46.143] [Server thread/TRACE] [net.minecraftforge.registries.ForgeRegistry/REGISTRIES]: Registry minecraft:sensor_type add: minecraft:nearest_bed 4 net.minecraft.entity.ai.brain.sensor.SensorType@6a24adac (req. id 4)
[27Sep2026 09:11:46.143] [Server thread/TRACE] [net.minecraftforge.registries.ForgeRegistry/REGISTRIES]: Registry minecraft:sensor_type add: minecraft:hurt_by 5 net.minecraft.entity.ai.brain.sensor.SensorType@28d7ffb4 (req. id 5)
[27Sep2026 09:11:46.143] [Server thread/TRACE] [net.minecraftforge.registries.ForgeRegistry/REGISTRIES]: Registry minecraft:sensor_type add: minecraft:villager_hostiles 6 net.minecraft.entity.ai.brain.sensor.SensorType@456ae04d (req. id 6)
[27Sep2026 09:11:46.143] [Server thread/TRACE] [net.minecraftforge.registries.ForgeRegistry/REGISTRIES]: Registry minecraft:sensor_type add: minecraft:villager_babies 7 net.minecraft.entity.ai.brain.sensor.SensorType@577116ed (req. id 7)
[27Sep2026 09:11:46.143] [Server thread/TRACE] [net.minecraftforge.registries.ForgeRegistry/REGISTRIES]: Registry minecraft:sensor_type add: minecraft:secondary_pois 8 net.minecraft.entity.ai.brain.sensor.SensorType@7c0d24ad (req. id 8)
[27Sep2026 09:11:46.143] [Server thread/TRACE] [net.minecraftforge.registries.ForgeRegistry/REGISTRIES]: Registry minecraft:sensor_type add: minecraft:golem_detected 9 net.minecraft.entity.ai.brain.sensor.SensorType@2319cf40 (req. id 9)
[27Sep2026 09:11:46.143] [Server thread/TRACE] [net.minecraftforge.registries.ForgeRegistry/REGISTRIES]: Registry minecraft:sensor_type add: minecraft:piglin_specific_sensor 10 net.minecraft.entity.ai.brain.sensor.SensorType@28ffe364 (req. id 10)
[27Sep2026 09:11:46.143] [Server thread/TRACE] [net.minecraftforge.registries.ForgeRegistry/REGISTRIES]: Registry minecraft:sensor_type add: minecraft:piglin_brute_specific_sensor 11 net.minecraft.entity.ai.brain.sensor.SensorType@325acfa7 (req. id 11)
[27Sep2026 09:11:46.143] [Server thread/TRACE] [net.minecraftforge.registries.ForgeRegistry/REGISTRIES]: Registry minecraft:sensor_type add: minecraft:hoglin_specific_sensor 12 net.minecraft.entity.ai.brain.sensor.SensorType@1bc96884 (req. id 12)
[27Sep2026 09:11:46.143] [Server thread/TRACE] [net.minecraftforge.registries.ForgeRegistry/REGISTRIES]: Registry minecraft:sensor_type add: minecraft:nearest_adult 13 net.minecraft.entity.ai.brain.sensor.SensorType@3ee61fd1 (req. id 13)
[27Sep2026 09:11:46.143] [Server thread/DEBUG] [net.minecraftforge.registries.ForgeRegistry/REGISTRIES]: Registry minecraft:schedule Sync: ACTIVE -> FROZEN
[27Sep2026 09:11:46.143] [Server thread/TRACE] [net.minecraftforge.registries.ForgeRegistry/REGISTRIES]: Registry minecraft:schedule add: minecraft:empty 0 net.minecraft.entity.ai.brain.schedule.Schedule@2880427e (req. id 0)
[27Sep2026 09:11:46.143] [Server thread/TRACE] [net.minecraftforge.registries.ForgeRegistry/REGISTRIES]: Registry minecraft:schedule add: minecraft:simple 1 net.minecraft.entity.ai.brain.schedule.Schedule@513c6297 (req. id 1)
[27Sep2026 09:11:46.143] [Server thread/TRACE] [net.minecraftforge.registries.ForgeRegistry/REGISTRIES]: Registry minecraft:schedule add: minecraft:villager_baby 2 net.minecraft.entity.ai.brain.schedule.Schedule@10c6b253 (req. id 2)
[27Sep2026 09:11:46.143] [Server thread/TRACE] [net.minecraftforge.registries.ForgeRegistry/REGISTRIES]: Registry minecraft:schedule add: minecraft:villager_default 3 net.minecraft.entity.ai.brain.schedule.Schedule@2daf9826 (req. id 3)
[27Sep2026 09:11:46.143] [Server thread/DEBUG] [net.minecraftforge.registries.ForgeRegistry/REGISTRIES]: Registry minecraft:activity Sync: ACTIVE -> FROZEN
[27Sep2026 09:11:46.143] [Server thread/TRACE] [net.minecraftforge.registries.ForgeRegistry/REGISTRIES]: Registry minecraft:activity add: minecraft:core 0 core (req. id 0)
[27Sep2026 09:11:46.143] [Server thread/TRACE] [net.minecraftforge.registries.ForgeRegistry/REGISTRIES]: Registry minecraft:activity add: minecraft:idle 1 idle (req. id 1)
[27Sep2026 09:11:46.143] [Server thread/TRACE] [net.minecraftforge.registries.ForgeRegistry/REGISTRIES]: Registry minecraft:activity add: minecraft:work 2 work (req. id 2)
[27Sep2026 09:11:46.143] [Server thread/TRACE] [net.minecraftforge.registries.ForgeRegistry/REGISTRIES]: Registry minecraft:activity add: minecraft:play 3 play (req. id 3)
[27Sep2026 09:11:46.143] [Server thread/TRACE] [net.minecraftforge.registries.ForgeRegistry/REGISTRIES]: Registry minecraft:activity add: minecraft:rest 4 rest (req. id 4)
[27Sep2026 09:11:46.143] [Server thread/TRACE] [net.minecraftforge.registries.ForgeRegistry/REGISTRIES]: Registry minecraft:activity add: minecraft:meet 5 meet (req. id 5)
[27Sep2026 09:11:46.143] [Server thread/TRACE] [net.minecraftforge.registries.ForgeRegistry/REGISTRIES]: Registry minecraft:activity add: minecraft:panic 6 panic (req. id 6)
[27Sep2026 09:11:46.143] [Server thread/TRACE] [net.minecraftforge.registries.ForgeRegistry/REGISTRIES]: Registry minecraft:activity add: minecraft:raid 7 raid (req. id 7)
[27Sep2026 09:11:46.143] [Server thread/TRACE] [net.minecraftforge.registries.ForgeRegistry/REGISTRIES]: Registry minecraft:activity add: minecraft:pre_raid 8 pre_raid (req. id 8)
[27Sep2026 09:11:46.143] [Server thread/TRACE] [net.minecraftforge.registries.ForgeRegistry/REGISTRIES]: Registry minecraft:activity add: minecraft:hide 9 hide (req. id 9)
[27Sep2026 09:11:46.144] [Server thread/TRACE] [net.minecraftforge.registries.ForgeRegistry/REGISTRIES]: Registry minecraft:activity add: minecraft:fight 10 fight (req. id 10)
[27Sep2026 09:11:46.144] [Server thread/TRACE] [net.minecraftforge.registries.ForgeRegistry/REGISTRIES]: Registry minecraft:activity add: minecraft:celebrate 11 celebrate (req. id 11)
[27Sep2026 09:11:46.144] [Server thread/TRACE] [net.minecraftforge.registries.ForgeRegistry/REGISTRIES]: Registry minecraft:activity add: minecraft:admire_item 12 admire_item (req. id 12)
[27Sep2026 09:11:46.144] [Server thread/TRACE] [net.minecraftforge.registries.ForgeRegistry/REGISTRIES]: Registry minecraft:activity add: minecraft:avoid 13 avoid (req. id 13)
[27Sep2026 09:11:46.144] [Server thread/TRACE] [net.minecraftforge.registries.ForgeRegistry/REGISTRIES]: Registry minecraft:activity add: minecraft:ride 14 ride (req. id 14)
[27Sep2026 09:11:46.144] [Server thread/DEBUG] [net.minecraftforge.registries.ForgeRegistry/REGISTRIES]: Registry minecraft:worldgen/carver Sync: ACTIVE -> FROZEN
[27Sep2026 09:11:46.144] [Server thread/TRACE] [net.minecraftforge.registries.ForgeRegistry/REGISTRIES]: Registry minecraft:worldgen/carver add: minecraft:cave 0 net.minecraft.world.gen.carver.CaveWorldCarver@4a9a0257 (req. id 0)
[27Sep2026 09:11:46.144] [Server thread/TRACE] [net.minecraftforge.registries.ForgeRegistry/REGISTRIES]: Registry minecraft:worldgen/carver add: minecraft:nether_cave 1 net.minecraft.world.gen.carver.NetherCaveCarver@337818f (req. id 1)
[27Sep2026 09:11:46.144] [Server thread/TRACE] [net.minecraftforge.registries.ForgeRegistry/REGISTRIES]: Registry minecraft:worldgen/carver add: minecraft:canyon 2 net.minecraft.world.gen.carver.CanyonWorldCarver@3d8329e3 (req. id 2)
[27Sep2026 09:11:46.144] [Server thread/TRACE] [net.minecraftforge.registries.ForgeRegistry/REGISTRIES]: Registry minecraft:worldgen/carver add: minecraft:underwater_canyon 3 net.minecraft.world.gen.carver.UnderwaterCanyonWorldCarver@1e6424a5 (req. id 3)
[27Sep2026 09:11:46.144] [Server thread/TRACE] [net.minecraftforge.registries.ForgeRegistry/REGISTRIES]: Registry minecraft:worldgen/carver add: minecraft:underwater_cave 4 net.minecraft.world.gen.carver.UnderwaterCaveWorldCarver@795aaa2f (req. id 4)
[27Sep2026 09:11:46.144] [Server thread/DEBUG] [net.minecraftforge.registries.ForgeRegistry/REGISTRIES]: Registry minecraft:worldgen/surface_builder Sync: ACTIVE -> FROZEN
[27Sep2026 09:11:46.144] [Server thread/TRACE] [net.minecraftforge.registries.ForgeRegistry/REGISTRIES]: Registry minecraft:worldgen/surface_builder add: minecraft:default 0 net.minecraft.world.gen.surfacebuilders.DefaultSurfaceBuilder@6ec076dd (req. id 0)
[27Sep2026 09:11:46.144] [Server thread/TRACE] [net.minecraftforge.registries.ForgeRegistry/REGISTRIES]: Registry minecraft:worldgen/surface_builder add: minecraft:mountain 1 net.minecraft.world.gen.surfacebuilders.MountainSurfaceBuilder@c2466c0 (req. id 1)
[27Sep2026 09:11:46.144] [Server thread/TRACE] [net.minecraftforge.registries.ForgeRegistry/REGISTRIES]: Registry minecraft:worldgen/surface_builder add: minecraft:shattered_savanna 2 net.minecraft.world.gen.surfacebuilders.ShatteredSavannaSurfaceBuilder@eb29c62 (req. id 2)
[27Sep2026 09:11:46.144] [Server thread/TRACE] [net.minecraftforge.registries.ForgeRegistry/REGISTRIES]: Registry minecraft:worldgen/surface_builder add: minecraft:gravelly_mountain 3 net.minecraft.world.gen.surfacebuilders.GravellyMountainSurfaceBuilder@2a6f7754 (req. id 3)
[27Sep2026 09:11:46.144] [Server thread/TRACE] [net.minecraftforge.registries.ForgeRegistry/REGISTRIES]: Registry minecraft:worldgen/surface_builder add: minecraft:giant_tree_taiga 4 net.minecraft.world.gen.surfacebuilders.GiantTreeTaigaSurfaceBuilder@724b8849 (req. id 4)
[27Sep2026 09:11:46.144] [Server thread/TRACE] [net.minecraftforge.registries.ForgeRegistry/REGISTRIES]: Registry minecraft:worldgen/surface_builder add: minecraft:swamp 5 net.minecraft.world.gen.surfacebuilders.SwampSurfaceBuilder@49c03968 (req. id 5)
[27Sep2026 09:11:46.144] [Server thread/TRACE] [net.minecraftforge.registries.ForgeRegistry/REGISTRIES]: Registry minecraft:worldgen/surface_builder add: minecraft:badlands 6 net.minecraft.world.gen.surfacebuilders.BadlandsSurfaceBuilder@7e6485ca (req. id 6)
[27Sep2026 09:11:46.144] [Server thread/TRACE] [net.minecraftforge.registries.ForgeRegistry/REGISTRIES]: Registry minecraft:worldgen/surface_builder add: minecraft:wooded_badlands 7 net.minecraft.world.gen.surfacebuilders.WoodedBadlandsSurfaceBuilder@2ee13ca2 (req. id 7)
[27Sep2026 09:11:46.144] [Server thread/TRACE] [net.minecraftforge.registries.ForgeRegistry/REGISTRIES]: Registry minecraft:worldgen/surface_builder add: minecraft:eroded_badlands 8 net.minecraft.world.gen.surfacebuilders.ErodedBadlandsSurfaceBuilder@20076366 (req. id 8)
[27Sep2026 09:11:46.144] [Server thread/TRACE] [net.minecraftforge.registries.ForgeRegistry/REGISTRIES]: Registry minecraft:worldgen/surface_builder add: minecraft:frozen_ocean 9 net.minecraft.world.gen.surfacebuilders.FrozenOceanSurfaceBuilder@6fdefd39 (req. id 9)
[27Sep2026 09:11:46.144] [Server thread/TRACE] [net.minecraftforge.registries.ForgeRegistry/REGISTRIES]: Registry minecraft:worldgen/surface_builder add: minecraft:nether 10 net.minecraft.world.gen.surfacebuilders.NetherSurfaceBuilder@481846c6 (req. id 10)
[27Sep2026 09:11:46.144] [Server thread/TRACE] [net.minecraftforge.registries.ForgeRegistry/REGISTRIES]: Registry minecraft:worldgen/surface_builder add: minecraft:nether_forest 11 net.minecraft.world.gen.surfacebuilders.NetherForestsSurfaceBuilder@2d9ce6b4 (req. id 11)
[27Sep2026 09:11:46.144] [Server thread/TRACE] [net.minecraftforge.registries.ForgeRegistry/REGISTRIES]: Registry minecraft:worldgen/surface_builder add: minecraft:soul_sand_valley 12 net.minecraft.world.gen.surfacebuilders.SoulSandValleySurfaceBuilder@485ceb2b (req. id 12)
[27Sep2026 09:11:46.144] [Server thread/TRACE] [net.minecraftforge.registries.ForgeRegistry/REGISTRIES]: Registry minecraft:worldgen/surface_builder add: minecraft:basalt_deltas 13 net.minecraft.world.gen.surfacebuilders.BasaltDeltasSurfaceBuilder@6193bd75 (req. id 13)
[27Sep2026 09:11:46.144] [Server thread/TRACE] [net.minecraftforge.registries.ForgeRegistry/REGISTRIES]: Registry minecraft:worldgen/surface_builder add: minecraft:nope 14 net.minecraft.world.gen.surfacebuilders.NoopSurfaceBuilder@6e13fe09 (req. id 14)
[27Sep2026 09:11:46.144] [Server thread/DEBUG] [net.minecraftforge.registries.ForgeRegistry/REGISTRIES]: Registry minecraft:worldgen/feature Sync: ACTIVE -> FROZEN
[27Sep2026 09:11:46.144] [Server thread/TRACE] [net.minecraftforge.registries.ForgeRegistry/REGISTRIES]: Registry minecraft:worldgen/feature add: minecraft:no_op 0 net.minecraft.world.gen.feature.NoOpFeature@5aefefe8 (req. id 0)
[27Sep2026 09:11:46.144] [Server thread/TRACE] [net.minecraftforge.registries.ForgeRegistry/REGISTRIES]: Registry minecraft:worldgen/feature add: minecraft:tree 1 net.minecraft.world.gen.feature.TreeFeature@5c21d5fa (req. id 1)
[27Sep2026 09:11:46.144] [Server thread/TRACE] [net.minecraftforge.registries.ForgeRegistry/REGISTRIES]: Registry minecraft:worldgen/feature add: minecraft:flower 2 net.minecraft.world.gen.feature.DefaultFlowersFeature@387ea8de (req. id 2)
[27Sep2026 09:11:46.144] [Server thread/TRACE] [net.minecraftforge.registries.ForgeRegistry/REGISTRIES]: Registry minecraft:worldgen/feature add: minecraft:no_bonemeal_flower 3 net.minecraft.world.gen.feature.DefaultFlowersFeature@771481e4 (req. id 3)
[27Sep2026 09:11:46.145] [Server thread/TRACE] [net.minecraftforge.registries.ForgeRegistry/REGISTRIES]: Registry minecraft:worldgen/feature add: minecraft:random_patch 4 net.minecraft.world.gen.feature.RandomPatchFeature@4073f516 (req. id 4)
[27Sep2026 09:11:46.145] [Server thread/TRACE] [net.minecraftforge.registries.ForgeRegistry/REGISTRIES]: Registry minecraft:worldgen/feature add: minecraft:block_pile 5 net.minecraft.world.gen.feature.BlockPileFeature@5bb09989 (req. id 5)
[27Sep2026 09:11:46.145] [Server thread/TRACE] [net.minecraftforge.registries.ForgeRegistry/REGISTRIES]: Registry minecraft:worldgen/feature add: minecraft:spring_feature 6 net.minecraft.world.gen.feature.SpringFeature@554367c0 (req. id 6)
[27Sep2026 09:11:46.145] [Server thread/TRACE] [net.minecraftforge.registries.ForgeRegistry/REGISTRIES]: Registry minecraft:worldgen/feature add: minecraft:chorus_plant 7 net.minecraft.world.gen.feature.ChorusPlantFeature@53ced167 (req. id 7)
[27Sep2026 09:11:46.145] [Server thread/TRACE] [net.minecraftforge.registries.ForgeRegistry/REGISTRIES]: Registry minecraft:worldgen/feature add: minecraft:emerald_ore 8 net.minecraft.world.gen.feature.ReplaceBlockFeature@2ffb6f14 (req. id 8)
[27Sep2026 09:11:46.145] [Server thread/TRACE] [net.minecraftforge.registries.ForgeRegistry/REGISTRIES]: Registry minecraft:worldgen/feature add: minecraft:void_start_platform 9 net.minecraft.world.gen.feature.VoidStartPlatformFeature@31efca3e (req. id 9)
[27Sep2026 09:11:46.145] [Server thread/TRACE] [net.minecraftforge.registries.ForgeRegistry/REGISTRIES]: Registry minecraft:worldgen/feature add: minecraft:desert_well 10 net.minecraft.world.gen.feature.DesertWellsFeature@67d3e851 (req. id 10)
[27Sep2026 09:11:46.145] [Server thread/TRACE] [net.minecraftforge.registries.ForgeRegistry/REGISTRIES]: Registry minecraft:worldgen/feature add: minecraft:fossil 11 net.minecraft.world.gen.feature.FossilsFeature@d7c7cd2 (req. id 11)
[27Sep2026 09:11:46.145] [Server thread/TRACE] [net.minecraftforge.registries.ForgeRegistry/REGISTRIES]: Registry minecraft:worldgen/feature add: minecraft:huge_red_mushroom 12 net.minecraft.world.gen.feature.BigRedMushroomFeature@762fc8c6 (req. id 12)
[27Sep2026 09:11:46.145] [Server thread/TRACE] [net.minecraftforge.registries.ForgeRegistry/REGISTRIES]: Registry minecraft:worldgen/feature add: minecraft:huge_brown_mushroom 13 net.minecraft.world.gen.feature.BigBrownMushroomFeature@57d7628a (req. id 13)
[27Sep2026 09:11:46.145] [Server thread/TRACE] [net.minecraftforge.registries.ForgeRegistry/REGISTRIES]: Registry minecraft:worldgen/feature add: minecraft:ice_spike 14 net.minecraft.world.gen.feature.IceSpikeFeature@6a24c5dc (req. id 14)
[27Sep2026 09:11:46.145] [Server thread/TRACE] [net.minecraftforge.registries.ForgeRegistry/REGISTRIES]: Registry minecraft:worldgen/feature add: minecraft:glowstone_blob 15 net.minecraft.world.gen.feature.GlowstoneBlobFeature@5833871c (req. id 15)
[27Sep2026 09:11:46.145] [Server thread/TRACE] [net.minecraftforge.registries.ForgeRegistry/REGISTRIES]: Registry minecraft:worldgen/feature add: minecraft:freeze_top_layer 16 net.minecraft.world.gen.feature.IceAndSnowFeature@535dcbd (req. id 16)
[27Sep2026 09:11:46.145] [Server thread/TRACE] [net.minecraftforge.registries.ForgeRegistry/REGISTRIES]: Registry minecraft:worldgen/feature add: minecraft:vines 17 net.minecraft.world.gen.feature.VinesFeature@450c60f5 (req. id 17)
[27Sep2026 09:11:46.145] [Server thread/TRACE] [net.minecraftforge.registries.ForgeRegistry/REGISTRIES]: Registry minecraft:worldgen/feature add: minecraft:monster_room 18 net.minecraft.world.gen.feature.DungeonsFeature@7a6795a (req. id 18)
[27Sep2026 09:11:46.145] [Server thread/TRACE] [net.minecraftforge.registries.ForgeRegistry/REGISTRIES]: Registry minecraft:worldgen/feature add: minecraft:blue_ice 19 net.minecraft.world.gen.feature.BlueIceFeature@547420f2 (req. id 19)
[27Sep2026 09:11:46.145] [Server thread/TRACE] [net.minecraftforge.registries.ForgeRegistry/REGISTRIES]: Registry minecraft:worldgen/feature add: minecraft:iceberg 20 net.minecraft.world.gen.feature.IcebergFeature@a61f25d (req. id 20)
[27Sep2026 09:11:46.145] [Server thread/TRACE] [net.minecraftforge.registries.ForgeRegistry/REGISTRIES]: Registry minecraft:worldgen/feature add: minecraft:forest_rock 21 net.minecraft.world.gen.feature.BlockBlobFeature@6e4b313f (req. id 21)
[27Sep2026 09:11:46.145] [Server thread/TRACE] [net.minecraftforge.registries.ForgeRegistry/REGISTRIES]: Registry minecraft:worldgen/feature add: minecraft:disk 22 net.minecraft.world.gen.feature.SphereReplaceFeature@1b1eb4c4 (req. id 22)
[27Sep2026 09:11:46.145] [Server thread/TRACE] [net.minecraftforge.registries.ForgeRegistry/REGISTRIES]: Registry minecraft:worldgen/feature add: minecraft:ice_patch 23 net.minecraft.world.gen.feature.IcePathFeature@6f9f5268 (req. id 23)
[27Sep2026 09:11:46.145] [Server thread/TRACE] [net.minecraftforge.registries.ForgeRegistry/REGISTRIES]: Registry minecraft:worldgen/feature add: minecraft:lake 24 net.minecraft.world.gen.feature.LakesFeature@28d34bba (req. id 24)
[27Sep2026 09:11:46.145] [Server thread/TRACE] [net.minecraftforge.registries.ForgeRegistry/REGISTRIES]: Registry minecraft:worldgen/feature add: minecraft:ore 25 net.minecraft.world.gen.feature.OreFeature@3d3db3cb (req. id 25)
[27Sep2026 09:11:46.145] [Server thread/TRACE] [net.minecraftforge.registries.ForgeRegistry/REGISTRIES]: Registry minecraft:worldgen/feature add: minecraft:end_spike 26 net.minecraft.world.gen.feature.EndSpikeFeature@5b078322 (req. id 26)
[27Sep2026 09:11:46.145] [Server thread/TRACE] [net.minecraftforge.registries.ForgeRegistry/REGISTRIES]: Registry minecraft:worldgen/feature add: minecraft:end_island 27 net.minecraft.world.gen.feature.EndIslandFeature@2c23571 (req. id 27)
[27Sep2026 09:11:46.145] [Server thread/TRACE] [net.minecraftforge.registries.ForgeRegistry/REGISTRIES]: Registry minecraft:worldgen/feature add: minecraft:end_gateway 28 net.minecraft.world.gen.feature.EndGatewayFeature@26c8153d (req. id 28)
[27Sep2026 09:11:46.145] [Server thread/TRACE] [net.minecraftforge.registries.ForgeRegistry/REGISTRIES]: Registry minecraft:worldgen/feature add: minecraft:seagrass 29 net.minecraft.world.gen.feature.SeaGrassFeature@7b6f1f90 (req. id 29)
[27Sep2026 09:11:46.145] [Server thread/TRACE] [net.minecraftforge.registries.ForgeRegistry/REGISTRIES]: Registry minecraft:worldgen/feature add: minecraft:kelp 30 net.minecraft.world.gen.feature.KelpFeature@45e1d9f9 (req. id 30)
[27Sep2026 09:11:46.145] [Server thread/TRACE] [net.minecraftforge.registries.ForgeRegistry/REGISTRIES]: Registry minecraft:worldgen/feature add: minecraft:coral_tree 31 net.minecraft.world.gen.feature.CoralTreeFeature@1fc37b21 (req. id 31)
[27Sep2026 09:11:46.145] [Server thread/TRACE] [net.minecraftforge.registries.ForgeRegistry/REGISTRIES]: Registry minecraft:worldgen/feature add: minecraft:coral_mushroom 32 net.minecraft.world.gen.feature.CoralMushroomFeature@ece42e4 (req. id 32)
[27Sep2026 09:11:46.145] [Server thread/TRACE] [net.minecraftforge.registries.ForgeRegistry/REGISTRIES]: Registry minecraft:worldgen/feature add: minecraft:coral_claw 33 net.minecraft.world.gen.feature.CoralClawFeature@553d1bdf (req. id 33)
[27Sep2026 09:11:46.145] [Server thread/TRACE] [net.minecraftforge.registries.ForgeRegistry/REGISTRIES]: Registry minecraft:worldgen/feature add: minecraft:sea_pickle 34 net.minecraft.world.gen.feature.SeaPickleFeature@57e3f0d7 (req. id 34)
[27Sep2026 09:11:46.145] [Server thread/TRACE] [net.minecraftforge.registries.ForgeRegistry/REGISTRIES]: Registry minecraft:worldgen/feature add: minecraft:simple_block 35 net.minecraft.world.gen.feature.BlockWithContextFeature@7630e999 (req. id 35)
[27Sep2026 09:11:46.145] [Server thread/TRACE] [net.minecraftforge.registries.ForgeRegistry/REGISTRIES]: Registry minecraft:worldgen/feature add: minecraft:bamboo 36 net.minecraft.world.gen.feature.BambooFeature@24be0a99 (req. id 36)
[27Sep2026 09:11:46.145] [Server thread/TRACE] [net.minecraftforge.registries.ForgeRegistry/REGISTRIES]: Registry minecraft:worldgen/feature add: minecraft:huge_fungus 37 net.minecraft.world.gen.feature.HugeFungusFeature@34aadb1d (req. id 37)
[27Sep2026 09:11:46.145] [Server thread/TRACE] [net.minecraftforge.registries.ForgeRegistry/REGISTRIES]: Registry minecraft:worldgen/feature add: minecraft:nether_forest_vegetation 38 net.minecraft.world.gen.feature.NetherVegetationFeature@1f49a58 (req. id 38)
[27Sep2026 09:11:46.145] [Server thread/TRACE] [net.minecraftforge.registries.ForgeRegistry/REGISTRIES]: Registry minecraft:worldgen/feature add: minecraft:weeping_vines 39 net.minecraft.world.gen.feature.WeepingVineFeature@23f7cc9b (req. id 39)
[27Sep2026 09:11:46.145] [Server thread/TRACE] [net.minecraftforge.registries.ForgeRegistry/REGISTRIES]: Registry minecraft:worldgen/feature add: minecraft:twisting_vines 40 net.minecraft.world.gen.feature.TwistingVineFeature@acdde94 (req. id 40)
[27Sep2026 09:11:46.145] [Server thread/TRACE] [net.minecraftforge.registries.ForgeRegistry/REGISTRIES]: Registry minecraft:worldgen/feature add: minecraft:basalt_columns 41 net.minecraft.world.gen.feature.BasaltColumnFeature@70184afb (req. id 41)
[27Sep2026 09:11:46.146] [Server thread/TRACE] [net.minecraftforge.registries.ForgeRegistry/REGISTRIES]: Registry minecraft:worldgen/feature add: minecraft:delta_feature 42 net.minecraft.world.gen.feature.structure.BasaltDeltasStructure@32b07bba (req. id 42)
[27Sep2026 09:11:46.146] [Server thread/TRACE] [net.minecraftforge.registries.ForgeRegistry/REGISTRIES]: Registry minecraft:worldgen/feature add: minecraft:netherrack_replace_blobs 43 net.minecraft.world.gen.feature.structure.NetherackBlobReplacementStructure@367f85ae (req. id 43)
[27Sep2026 09:11:46.146] [Server thread/TRACE] [net.minecraftforge.registries.ForgeRegistry/REGISTRIES]: Registry minecraft:worldgen/feature add: minecraft:fill_layer 44 net.minecraft.world.gen.feature.FillLayerFeature@606dff03 (req. id 44)
[27Sep2026 09:11:46.146] [Server thread/TRACE] [net.minecraftforge.registries.ForgeRegistry/REGISTRIES]: Registry minecraft:worldgen/feature add: minecraft:bonus_chest 45 net.minecraft.world.gen.feature.BonusChestFeature@7bd7c6ca (req. id 45)
[27Sep2026 09:11:46.146] [Server thread/TRACE] [net.minecraftforge.registries.ForgeRegistry/REGISTRIES]: Registry minecraft:worldgen/feature add: minecraft:basalt_pillar 46 net.minecraft.world.gen.feature.BasaltPillarFeature@295c8062 (req. id 46)
[27Sep2026 09:11:46.146] [Server thread/TRACE] [net.minecraftforge.registries.ForgeRegistry/REGISTRIES]: Registry minecraft:worldgen/feature add: minecraft:no_surface_ore 47 net.minecraft.world.gen.feature.NoExposedOreFeature@23b1076c (req. id 47)
[27Sep2026 09:11:46.146] [Server thread/TRACE] [net.minecraftforge.registries.ForgeRegistry/REGISTRIES]: Registry minecraft:worldgen/feature add: minecraft:random_selector 48 net.minecraft.world.gen.feature.MultipleWithChanceRandomFeature@6c0f9fd (req. id 48)
[27Sep2026 09:11:46.146] [Server thread/TRACE] [net.minecraftforge.registries.ForgeRegistry/REGISTRIES]: Registry minecraft:worldgen/feature add: minecraft:simple_random_selector 49 net.minecraft.world.gen.feature.SingleRandomFeatureConfig@f65f11e (req. id 49)
[27Sep2026 09:11:46.146] [Server thread/TRACE] [net.minecraftforge.registries.ForgeRegistry/REGISTRIES]: Registry minecraft:worldgen/feature add: minecraft:random_boolean_selector 50 net.minecraft.world.gen.feature.TwoFeatureChoiceFeature@54d26c7 (req. id 50)
[27Sep2026 09:11:46.146] [Server thread/TRACE] [net.minecraftforge.registries.ForgeRegistry/REGISTRIES]: Registry minecraft:worldgen/feature add: minecraft:decorated 51 < DecoratedFeature [minecraft:decorated] > (req. id 51)
[27Sep2026 09:11:46.146] [Server thread/DEBUG] [net.minecraftforge.registries.ForgeRegistry/REGISTRIES]: Registry minecraft:worldgen/decorator Sync: ACTIVE -> FROZEN
[27Sep2026 09:11:46.146] [Server thread/TRACE] [net.minecraftforge.registries.ForgeRegistry/REGISTRIES]: Registry minecraft:worldgen/decorator add: minecraft:nope 0 Passthrough@1f3db353 (req. id 0)
[27Sep2026 09:11:46.146] [Server thread/TRACE] [net.minecraftforge.registries.ForgeRegistry/REGISTRIES]: Registry minecraft:worldgen/decorator add: minecraft:chance 1 ChancePlacement@4264a16b (req. id 1)
[27Sep2026 09:11:46.146] [Server thread/TRACE] [net.minecraftforge.registries.ForgeRegistry/REGISTRIES]: Registry minecraft:worldgen/decorator add: minecraft:count 2 CountPlacement@3a7fb404 (req. id 2)
[27Sep2026 09:11:46.146] [Server thread/TRACE] [net.minecraftforge.registries.ForgeRegistry/REGISTRIES]: Registry minecraft:worldgen/decorator add: minecraft:count_noise 3 CountNoisePlacement@e9d4129 (req. id 3)
[27Sep2026 09:11:46.146] [Server thread/TRACE] [net.minecraftforge.registries.ForgeRegistry/REGISTRIES]: Registry minecraft:worldgen/decorator add: minecraft:count_noise_biased 4 CountNoiseBiasedPlacement@23d9784c (req. id 4)
[27Sep2026 09:11:46.146] [Server thread/TRACE] [net.minecraftforge.registries.ForgeRegistry/REGISTRIES]: Registry minecraft:worldgen/decorator add: minecraft:count_extra 5 CountExtraPlacement@5af8ab42 (req. id 5)
[27Sep2026 09:11:46.146] [Server thread/TRACE] [net.minecraftforge.registries.ForgeRegistry/REGISTRIES]: Registry minecraft:worldgen/decorator add: minecraft:square 6 SquarePlacement@4c84d218 (req. id 6)
[27Sep2026 09:11:46.146] [Server thread/TRACE] [net.minecraftforge.registries.ForgeRegistry/REGISTRIES]: Registry minecraft:worldgen/decorator add: minecraft:heightmap 7 HeightmapPlacement@ed6fefc (req. id 7)
[27Sep2026 09:11:46.146] [Server thread/TRACE] [net.minecraftforge.registries.ForgeRegistry/REGISTRIES]: Registry minecraft:worldgen/decorator add: minecraft:heightmap_spread_double 8 HeightmapSpreadDoublePlacement@7871ccfe (req. id 8)
[27Sep2026 09:11:46.146] [Server thread/TRACE] [net.minecraftforge.registries.ForgeRegistry/REGISTRIES]: Registry minecraft:worldgen/decorator add: minecraft:top_solid_heightmap 9 TopSolidOnce@6382f8d8 (req. id 9)
[27Sep2026 09:11:46.146] [Server thread/TRACE] [net.minecraftforge.registries.ForgeRegistry/REGISTRIES]: Registry minecraft:worldgen/decorator add: minecraft:heightmap_world_surface 10 HeightmapWorldSurfacePlacement@301f2fae (req. id 10)
[27Sep2026 09:11:46.146] [Server thread/TRACE] [net.minecraftforge.registries.ForgeRegistry/REGISTRIES]: Registry minecraft:worldgen/decorator add: minecraft:range 11 RangePlacement@11067efd (req. id 11)
[27Sep2026 09:11:46.146] [Server thread/TRACE] [net.minecraftforge.registries.ForgeRegistry/REGISTRIES]: Registry minecraft:worldgen/decorator add: minecraft:range_biased 12 RangeBiasedPlacement@4f411ec0 (req. id 12)
[27Sep2026 09:11:46.146] [Server thread/TRACE] [net.minecraftforge.registries.ForgeRegistry/REGISTRIES]: Registry minecraft:worldgen/decorator add: minecraft:range_very_biased 13 RangeVeryBiasedPlacement@5b1abd85 (req. id 13)
[27Sep2026 09:11:46.146] [Server thread/TRACE] [net.minecraftforge.registries.ForgeRegistry/REGISTRIES]: Registry minecraft:worldgen/decorator add: minecraft:depth_average 14 DepthAveragePlacement@3ae41acd (req. id 14)
[27Sep2026 09:11:46.146] [Server thread/TRACE] [net.minecraftforge.registries.ForgeRegistry/REGISTRIES]: Registry minecraft:worldgen/decorator add: minecraft:spread_32_above 15 Spread32AbovePlacement@70bed4d4 (req. id 15)
[27Sep2026 09:11:46.146] [Server thread/TRACE] [net.minecraftforge.registries.ForgeRegistry/REGISTRIES]: Registry minecraft:worldgen/decorator add: minecraft:carving_mask 16 CaveEdge@5896ce7 (req. id 16)
[27Sep2026 09:11:46.146] [Server thread/TRACE] [net.minecraftforge.registries.ForgeRegistry/REGISTRIES]: Registry minecraft:worldgen/decorator add: minecraft:fire 17 FirePlacement@9014b70 (req. id 17)
[27Sep2026 09:11:46.146] [Server thread/TRACE] [net.minecraftforge.registries.ForgeRegistry/REGISTRIES]: Registry minecraft:worldgen/decorator add: minecraft:magma 18 NetherMagma@410d51f0 (req. id 18)
[27Sep2026 09:11:46.146] [Server thread/TRACE] [net.minecraftforge.registries.ForgeRegistry/REGISTRIES]: Registry minecraft:worldgen/decorator add: minecraft:emerald_ore 19 Height4To32@2324d9db (req. id 19)
[27Sep2026 09:11:46.146] [Server thread/TRACE] [net.minecraftforge.registries.ForgeRegistry/REGISTRIES]: Registry minecraft:worldgen/decorator add: minecraft:lava_lake 20 LakeLava@2d63bed9 (req. id 20)
[27Sep2026 09:11:46.146] [Server thread/TRACE] [net.minecraftforge.registries.ForgeRegistry/REGISTRIES]: Registry minecraft:worldgen/decorator add: minecraft:water_lake 21 LakeWater@1e4104a (req. id 21)
[27Sep2026 09:11:46.147] [Server thread/TRACE] [net.minecraftforge.registries.ForgeRegistry/REGISTRIES]: Registry minecraft:worldgen/decorator add: minecraft:glowstone 22 GlowstonePlacement@2e1adaf7 (req. id 22)
[27Sep2026 09:11:46.147] [Server thread/TRACE] [net.minecraftforge.registries.ForgeRegistry/REGISTRIES]: Registry minecraft:worldgen/decorator add: minecraft:end_gateway 23 EndGateway@67db71eb (req. id 23)
[27Sep2026 09:11:46.147] [Server thread/TRACE] [net.minecraftforge.registries.ForgeRegistry/REGISTRIES]: Registry minecraft:worldgen/decorator add: minecraft:dark_oak_tree 24 DarkOakTreePlacement@50908b3e (req. id 24)
[27Sep2026 09:11:46.147] [Server thread/TRACE] [net.minecraftforge.registries.ForgeRegistry/REGISTRIES]: Registry minecraft:worldgen/decorator add: minecraft:iceberg 25 IcebergPlacement@486ee774 (req. id 25)
[27Sep2026 09:11:46.147] [Server thread/TRACE] [net.minecraftforge.registries.ForgeRegistry/REGISTRIES]: Registry minecraft:worldgen/decorator add: minecraft:end_island 26 EndIsland@327f9a90 (req. id 26)
[27Sep2026 09:11:46.147] [Server thread/TRACE] [net.minecraftforge.registries.ForgeRegistry/REGISTRIES]: Registry minecraft:worldgen/decorator add: minecraft:decorated 27 DecoratedPlacement@56b49c80 (req. id 27)
[27Sep2026 09:11:46.147] [Server thread/TRACE] [net.minecraftforge.registries.ForgeRegistry/REGISTRIES]: Registry minecraft:worldgen/decorator add: minecraft:count_multilayer 28 CountMultilayerPlacement@273b7fd0 (req. id 28)
[27Sep2026 09:11:46.147] [Server thread/DEBUG] [net.minecraftforge.registries.ForgeRegistry/REGISTRIES]: Registry minecraft:chunk_status Sync: ACTIVE -> FROZEN
[27Sep2026 09:11:46.147] [Server thread/TRACE] [net.minecraftforge.registries.ForgeRegistry/REGISTRIES]: Registry minecraft:chunk_status add: minecraft:empty 0 minecraft:empty (req. id 0)
[27Sep2026 09:11:46.147] [Server thread/TRACE] [net.minecraftforge.registries.ForgeRegistry/REGISTRIES]: Registry minecraft:chunk_status add: minecraft:structure_starts 1 minecraft:structure_starts (req. id 1)
[27Sep2026 09:11:46.147] [Server thread/TRACE] [net.minecraftforge.registries.ForgeRegistry/REGISTRIES]: Registry minecraft:chunk_status add: minecraft:structure_references 2 minecraft:structure_references (req. id 2)
[27Sep2026 09:11:46.147] [Server thread/TRACE] [net.minecraftforge.registries.ForgeRegistry/REGISTRIES]: Registry minecraft:chunk_status add: minecraft:biomes 3 minecraft:biomes (req. id 3)
[27Sep2026 09:11:46.147] [Server thread/TRACE] [net.minecraftforge.registries.ForgeRegistry/REGISTRIES]: Registry minecraft:chunk_status add: minecraft:noise 4 minecraft:noise (req. id 4)
[27Sep2026 09:11:46.147] [Server thread/TRACE] [net.minecraftforge.registries.ForgeRegistry/REGISTRIES]: Registry minecraft:chunk_status add: minecraft:surface 5 minecraft:surface (req. id 5)
[27Sep2026 09:11:46.147] [Server thread/TRACE] [net.minecraftforge.registries.ForgeRegistry/REGISTRIES]: Registry minecraft:chunk_status add: minecraft:carvers 6 minecraft:carvers (req. id 6)
[27Sep2026 09:11:46.147] [Server thread/TRACE] [net.minecraftforge.registries.ForgeRegistry/REGISTRIES]: Registry minecraft:chunk_status add: minecraft:liquid_carvers 7 minecraft:liquid_carvers (req. id 7)
[27Sep2026 09:11:46.147] [Server thread/TRACE] [net.minecraftforge.registries.ForgeRegistry/REGISTRIES]: Registry minecraft:chunk_status add: minecraft:features 8 minecraft:features (req. id 8)
[27Sep2026 09:11:46.147] [Server thread/TRACE] [net.minecraftforge.registries.ForgeRegistry/REGISTRIES]: Registry minecraft:chunk_status add: minecraft:light 9 minecraft:light (req. id 9)
[27Sep2026 09:11:46.147] [Server thread/TRACE] [net.minecraftforge.registries.ForgeRegistry/REGISTRIES]: Registry minecraft:chunk_status add: minecraft:spawn 10 minecraft:spawn (req. id 10)
[27Sep2026 09:11:46.147] [Server thread/TRACE] [net.minecraftforge.registries.ForgeRegistry/REGISTRIES]: Registry minecraft:chunk_status add: minecraft:heightmaps 11 minecraft:heightmaps (req. id 11)
[27Sep2026 09:11:46.147] [Server thread/TRACE] [net.minecraftforge.registries.ForgeRegistry/REGISTRIES]: Registry minecraft:chunk_status add: minecraft:full 12 minecraft:full (req. id 12)
[27Sep2026 09:11:46.147] [Server thread/DEBUG] [net.minecraftforge.registries.ForgeRegistry/REGISTRIES]: Registry minecraft:worldgen/structure_feature Sync: ACTIVE -> FROZEN
[27Sep2026 09:11:46.147] [Server thread/TRACE] [net.minecraftforge.registries.ForgeRegistry/REGISTRIES]: Registry minecraft:worldgen/structure_feature add: minecraft:pillager_outpost 0 net.minecraft.world.gen.feature.structure.PillagerOutpostStructure@731bac9e (req. id 0)
[27Sep2026 09:11:46.147] [Server thread/TRACE] [net.minecraftforge.registries.ForgeRegistry/REGISTRIES]: Registry minecraft:worldgen/structure_feature add: minecraft:mineshaft 1 net.minecraft.world.gen.feature.structure.MineshaftStructure@5fbec347 (req. id 1)
[27Sep2026 09:11:46.147] [Server thread/TRACE] [net.minecraftforge.registries.ForgeRegistry/REGISTRIES]: Registry minecraft:worldgen/structure_feature add: minecraft:mansion 2 net.minecraft.world.gen.feature.structure.WoodlandMansionStructure@45129f18 (req. id 2)
[27Sep2026 09:11:46.147] [Server thread/TRACE] [net.minecraftforge.registries.ForgeRegistry/REGISTRIES]: Registry minecraft:worldgen/structure_feature add: minecraft:jungle_pyramid 3 net.minecraft.world.gen.feature.structure.JunglePyramidStructure@51d9355a (req. id 3)
[27Sep2026 09:11:46.147] [Server thread/TRACE] [net.minecraftforge.registries.ForgeRegistry/REGISTRIES]: Registry minecraft:worldgen/structure_feature add: minecraft:desert_pyramid 4 net.minecraft.world.gen.feature.structure.DesertPyramidStructure@645aa4a (req. id 4)
[27Sep2026 09:11:46.147] [Server thread/TRACE] [net.minecraftforge.registries.ForgeRegistry/REGISTRIES]: Registry minecraft:worldgen/structure_feature add: minecraft:igloo 5 net.minecraft.world.gen.feature.structure.IglooStructure@41f0ded (req. id 5)
[27Sep2026 09:11:46.147] [Server thread/TRACE] [net.minecraftforge.registries.ForgeRegistry/REGISTRIES]: Registry minecraft:worldgen/structure_feature add: minecraft:ruined_portal 6 net.minecraft.world.gen.feature.structure.RuinedPortalStructure@bf2a613 (req. id 6)
[27Sep2026 09:11:46.147] [Server thread/TRACE] [net.minecraftforge.registries.ForgeRegistry/REGISTRIES]: Registry minecraft:worldgen/structure_feature add: minecraft:shipwreck 7 net.minecraft.world.gen.feature.structure.ShipwreckStructure@6a9ba3d0 (req. id 7)
[27Sep2026 09:11:46.147] [Server thread/TRACE] [net.minecraftforge.registries.ForgeRegistry/REGISTRIES]: Registry minecraft:worldgen/structure_feature add: minecraft:swamp_hut 8 net.minecraft.world.gen.feature.structure.SwampHutStructure@55805857 (req. id 8)
[27Sep2026 09:11:46.147] [Server thread/TRACE] [net.minecraftforge.registries.ForgeRegistry/REGISTRIES]: Registry minecraft:worldgen/structure_feature add: minecraft:stronghold 9 net.minecraft.world.gen.feature.structure.StrongholdStructure@41078196 (req. id 9)
[27Sep2026 09:11:46.147] [Server thread/TRACE] [net.minecraftforge.registries.ForgeRegistry/REGISTRIES]: Registry minecraft:worldgen/structure_feature add: minecraft:monument 10 net.minecraft.world.gen.feature.structure.OceanMonumentStructure@2675681a (req. id 10)
[27Sep2026 09:11:46.147] [Server thread/TRACE] [net.minecraftforge.registries.ForgeRegistry/REGISTRIES]: Registry minecraft:worldgen/structure_feature add: minecraft:ocean_ruin 11 net.minecraft.world.gen.feature.structure.OceanRuinStructure@25428f07 (req. id 11)
[27Sep2026 09:11:46.147] [Server thread/TRACE] [net.minecraftforge.registries.ForgeRegistry/REGISTRIES]: Registry minecraft:worldgen/structure_feature add: minecraft:fortress 12 net.minecraft.world.gen.feature.structure.FortressStructure@3306975e (req. id 12)
[27Sep2026 09:11:46.147] [Server thread/TRACE] [net.minecraftforge.registries.ForgeRegistry/REGISTRIES]: Registry minecraft:worldgen/structure_feature add: minecraft:endcity 13 net.minecraft.world.gen.feature.structure.EndCityStructure@6fc4226e (req. id 13)
[27Sep2026 09:11:46.147] [Server thread/TRACE] [net.minecraftforge.registries.ForgeRegistry/REGISTRIES]: Registry minecraft:worldgen/structure_feature add: minecraft:buried_treasure 14 net.minecraft.world.gen.feature.structure.BuriedTreasureStructure@53d574b9 (req. id 14)
[27Sep2026 09:11:46.147] [Server thread/TRACE] [net.minecraftforge.registries.ForgeRegistry/REGISTRIES]: Registry minecraft:worldgen/structure_feature add: minecraft:village 15 net.minecraft.world.gen.feature.structure.VillageStructure@5b0a273 (req. id 15)
[27Sep2026 09:11:46.147] [Server thread/TRACE] [net.minecraftforge.registries.ForgeRegistry/REGISTRIES]: Registry minecraft:worldgen/structure_feature add: minecraft:nether_fossil 16 net.minecraft.world.gen.feature.structure.NetherFossilStructure@43f20dd7 (req. id 16)
[27Sep2026 09:11:46.147] [Server thread/TRACE] [net.minecraftforge.registries.ForgeRegistry/REGISTRIES]: Registry minecraft:worldgen/structure_feature add: minecraft:bastion_remnant 17 net.minecraft.world.gen.feature.structure.BastionRemantsStructure@28af5acc (req. id 17)
[27Sep2026 09:11:46.147] [Server thread/DEBUG] [net.minecraftforge.registries.ForgeRegistry/REGISTRIES]: Registry minecraft:worldgen/block_state_provider_type Sync: ACTIVE -> FROZEN
[27Sep2026 09:11:46.147] [Server thread/TRACE] [net.minecraftforge.registries.ForgeRegistry/REGISTRIES]: Registry minecraft:worldgen/block_state_provider_type add: minecraft:simple_state_provider 0 net.minecraft.world.gen.blockstateprovider.BlockStateProviderType@b772d22 (req. id 0)
[27Sep2026 09:11:46.147] [Server thread/TRACE] [net.minecraftforge.registries.ForgeRegistry/REGISTRIES]: Registry minecraft:worldgen/block_state_provider_type add: minecraft:weighted_state_provider 1 net.minecraft.world.gen.blockstateprovider.BlockStateProviderType@3c776431 (req. id 1)
[27Sep2026 09:11:46.147] [Server thread/TRACE] [net.minecraftforge.registries.ForgeRegistry/REGISTRIES]: Registry minecraft:worldgen/block_state_provider_type add: minecraft:plain_flower_provider 2 net.minecraft.world.gen.blockstateprovider.BlockStateProviderType@2b892b12 (req. id 2)
[27Sep2026 09:11:46.147] [Server thread/TRACE] [net.minecraftforge.registries.ForgeRegistry/REGISTRIES]: Registry minecraft:worldgen/block_state_provider_type add: minecraft:forest_flower_provider 3 net.minecraft.world.gen.blockstateprovider.BlockStateProviderType@15932f2d (req. id 3)
[27Sep2026 09:11:46.147] [Server thread/TRACE] [net.minecraftforge.registries.ForgeRegistry/REGISTRIES]: Registry minecraft:worldgen/block_state_provider_type add: minecraft:rotated_block_provider 4 net.minecraft.world.gen.blockstateprovider.BlockStateProviderType@77f1589c (req. id 4)
[27Sep2026 09:11:46.147] [Server thread/DEBUG] [net.minecraftforge.registries.ForgeRegistry/REGISTRIES]: Registry minecraft:worldgen/block_placer_type Sync: ACTIVE -> FROZEN
[27Sep2026 09:11:46.147] [Server thread/TRACE] [net.minecraftforge.registries.ForgeRegistry/REGISTRIES]: Registry minecraft:worldgen/block_placer_type add: minecraft:simple_block_placer 0 net.minecraft.world.gen.blockplacer.BlockPlacerType@3f7f2eec (req. id 0)
[27Sep2026 09:11:46.147] [Server thread/TRACE] [net.minecraftforge.registries.ForgeRegistry/REGISTRIES]: Registry minecraft:worldgen/block_placer_type add: minecraft:double_plant_placer 1 net.minecraft.world.gen.blockplacer.BlockPlacerType@54c034ec (req. id 1)
[27Sep2026 09:11:46.148] [Server thread/TRACE] [net.minecraftforge.registries.ForgeRegistry/REGISTRIES]: Registry minecraft:worldgen/block_placer_type add: minecraft:column_placer 2 net.minecraft.world.gen.blockplacer.BlockPlacerType@979df0a (req. id 2)
[27Sep2026 09:11:46.148] [Server thread/DEBUG] [net.minecraftforge.registries.ForgeRegistry/REGISTRIES]: Registry minecraft:worldgen/foliage_placer_type Sync: ACTIVE -> FROZEN
[27Sep2026 09:11:46.148] [Server thread/TRACE] [net.minecraftforge.registries.ForgeRegistry/REGISTRIES]: Registry minecraft:worldgen/foliage_placer_type add: minecraft:blob_foliage_placer 0 net.minecraft.world.gen.foliageplacer.FoliagePlacerType@6fd6171a (req. id 0)
[27Sep2026 09:11:46.148] [Server thread/TRACE] [net.minecraftforge.registries.ForgeRegistry/REGISTRIES]: Registry minecraft:worldgen/foliage_placer_type add: minecraft:spruce_foliage_placer 1 net.minecraft.world.gen.foliageplacer.FoliagePlacerType@5c842a5 (req. id 1)
[27Sep2026 09:11:46.148] [Server thread/TRACE] [net.minecraftforge.registries.ForgeRegistry/REGISTRIES]: Registry minecraft:worldgen/foliage_placer_type add: minecraft:pine_foliage_placer 2 net.minecraft.world.gen.foliageplacer.FoliagePlacerType@7c4781af (req. id 2)
[27Sep2026 09:11:46.148] [Server thread/TRACE] [net.minecraftforge.registries.ForgeRegistry/REGISTRIES]: Registry minecraft:worldgen/foliage_placer_type add: minecraft:acacia_foliage_placer 3 net.minecraft.world.gen.foliageplacer.FoliagePlacerType@4b96b4ec (req. id 3)
[27Sep2026 09:11:46.148] [Server thread/TRACE] [net.minecraftforge.registries.ForgeRegistry/REGISTRIES]: Registry minecraft:worldgen/foliage_placer_type add: minecraft:bush_foliage_placer 4 net.minecraft.world.gen.foliageplacer.FoliagePlacerType@cb33752 (req. id 4)
[27Sep2026 09:11:46.148] [Server thread/TRACE] [net.minecraftforge.registries.ForgeRegistry/REGISTRIES]: Registry minecraft:worldgen/foliage_placer_type add: minecraft:fancy_foliage_placer 5 net.minecraft.world.gen.foliageplacer.FoliagePlacerType@233ab314 (req. id 5)
[27Sep2026 09:11:46.148] [Server thread/TRACE] [net.minecraftforge.registries.ForgeRegistry/REGISTRIES]: Registry minecraft:worldgen/foliage_placer_type add: minecraft:jungle_foliage_placer 6 net.minecraft.world.gen.foliageplacer.FoliagePlacerType@50973e23 (req. id 6)
[27Sep2026 09:11:46.148] [Server thread/TRACE] [net.minecraftforge.registries.ForgeRegistry/REGISTRIES]: Registry minecraft:worldgen/foliage_placer_type add: minecraft:mega_pine_foliage_placer 7 net.minecraft.world.gen.foliageplacer.FoliagePlacerType@82a5c7e (req. id 7)
[27Sep2026 09:11:46.148] [Server thread/TRACE] [net.minecraftforge.registries.ForgeRegistry/REGISTRIES]: Registry minecraft:worldgen/foliage_placer_type add: minecraft:dark_oak_foliage_placer 8 net.minecraft.world.gen.foliageplacer.FoliagePlacerType@192b23c (req. id 8)
[27Sep2026 09:11:46.148] [Server thread/DEBUG] [net.minecraftforge.registries.ForgeRegistry/REGISTRIES]: Registry minecraft:worldgen/tree_decorator_type Sync: ACTIVE -> FROZEN
[27Sep2026 09:11:46.148] [Server thread/TRACE] [net.minecraftforge.registries.ForgeRegistry/REGISTRIES]: Registry minecraft:worldgen/tree_decorator_type add: minecraft:trunk_vine 0 net.minecraft.world.gen.treedecorator.TreeDecoratorType@6af295e3 (req. id 0)
[27Sep2026 09:11:46.148] [Server thread/TRACE] [net.minecraftforge.registries.ForgeRegistry/REGISTRIES]: Registry minecraft:worldgen/tree_decorator_type add: minecraft:leave_vine 1 net.minecraft.world.gen.treedecorator.TreeDecoratorType@5c281f19 (req. id 1)
[27Sep2026 09:11:46.148] [Server thread/TRACE] [net.minecraftforge.registries.ForgeRegistry/REGISTRIES]: Registry minecraft:worldgen/tree_decorator_type add: minecraft:cocoa 2 net.minecraft.world.gen.treedecorator.TreeDecoratorType@50a736bc (req. id 2)
[27Sep2026 09:11:46.148] [Server thread/TRACE] [net.minecraftforge.registries.ForgeRegistry/REGISTRIES]: Registry minecraft:worldgen/tree_decorator_type add: minecraft:beehive 3 net.minecraft.world.gen.treedecorator.TreeDecoratorType@5cff5c1f (req. id 3)
[27Sep2026 09:11:46.148] [Server thread/TRACE] [net.minecraftforge.registries.ForgeRegistry/REGISTRIES]: Registry minecraft:worldgen/tree_decorator_type add: minecraft:alter_ground 4 net.minecraft.world.gen.treedecorator.TreeDecoratorType@4e2661cc (req. id 4)
[27Sep2026 09:11:46.148] [Server thread/DEBUG] [net.minecraftforge.registries.ForgeRegistry/REGISTRIES]: Registry minecraft:worldgen/biome Sync: ACTIVE -> FROZEN
[27Sep2026 09:11:46.148] [Server thread/TRACE] [net.minecraftforge.registries.ForgeRegistry/REGISTRIES]: Registry minecraft:worldgen/biome add: minecraft:plains 1 minecraft:plains (req. id 1)
[27Sep2026 09:11:46.148] [Server thread/TRACE] [net.minecraftforge.registries.ForgeRegistry/REGISTRIES]: Registry minecraft:worldgen/biome add: minecraft:the_void 127 minecraft:the_void (req. id 127)
[27Sep2026 09:11:46.148] [Server thread/TRACE] [net.minecraftforge.registries.ForgeRegistry/REGISTRIES]: Registry minecraft:worldgen/biome add: minecraft:ocean 0 minecraft:ocean (req. id 0)
[27Sep2026 09:11:46.148] [Server thread/TRACE] [net.minecraftforge.registries.ForgeRegistry/REGISTRIES]: Registry minecraft:worldgen/biome add: minecraft:desert 2 minecraft:desert (req. id 2)
[27Sep2026 09:11:46.148] [Server thread/TRACE] [net.minecraftforge.registries.ForgeRegistry/REGISTRIES]: Registry minecraft:worldgen/biome add: minecraft:mountains 3 minecraft:mountains (req. id 3)
[27Sep2026 09:11:46.148] [Server thread/TRACE] [net.minecraftforge.registries.ForgeRegistry/REGISTRIES]: Registry minecraft:worldgen/biome add: minecraft:forest 4 minecraft:forest (req. id 4)
[27Sep2026 09:11:46.148] [Server thread/TRACE] [net.minecraftforge.registries.ForgeRegistry/REGISTRIES]: Registry minecraft:worldgen/biome add: minecraft:taiga 5 minecraft:taiga (req. id 5)
[27Sep2026 09:11:46.148] [Server thread/TRACE] [net.minecraftforge.registries.ForgeRegistry/REGISTRIES]: Registry minecraft:worldgen/biome add: minecraft:swamp 6 minecraft:swamp (req. id 6)
[27Sep2026 09:11:46.148] [Server thread/TRACE] [net.minecraftforge.registries.ForgeRegistry/REGISTRIES]: Registry minecraft:worldgen/biome add: minecraft:river 7 minecraft:river (req. id 7)
[27Sep2026 09:11:46.148] [Server thread/TRACE] [net.minecraftforge.registries.ForgeRegistry/REGISTRIES]: Registry minecraft:worldgen/biome add: minecraft:nether_wastes 8 minecraft:nether_wastes (req. id 8)
[27Sep2026 09:11:46.148] [Server thread/TRACE] [net.minecraftforge.registries.ForgeRegistry/REGISTRIES]: Registry minecraft:worldgen/biome add: minecraft:the_end 9 minecraft:the_end (req. id 9)
[27Sep2026 09:11:46.148] [Server thread/TRACE] [net.minecraftforge.registries.ForgeRegistry/REGISTRIES]: Registry minecraft:worldgen/biome add: minecraft:frozen_ocean 10 minecraft:frozen_ocean (req. id 10)
[27Sep2026 09:11:46.148] [Server thread/TRACE] [net.minecraftforge.registries.ForgeRegistry/REGISTRIES]: Registry minecraft:worldgen/biome add: minecraft:frozen_river 11 minecraft:frozen_river (req. id 11)
[27Sep2026 09:11:46.148] [Server thread/TRACE] [net.minecraftforge.registries.ForgeRegistry/REGISTRIES]: Registry minecraft:worldgen/biome add: minecraft:snowy_tundra 12 minecraft:snowy_tundra (req. id 12)
[27Sep2026 09:11:46.148] [Server thread/TRACE] [net.minecraftforge.registries.ForgeRegistry/REGISTRIES]: Registry minecraft:worldgen/biome add: minecraft:snowy_mountains 13 minecraft:snowy_mountains (req. id 13)
[27Sep2026 09:11:46.148] [Server thread/TRACE] [net.minecraftforge.registries.ForgeRegistry/REGISTRIES]: Registry minecraft:worldgen/biome add: minecraft:mushroom_fields 14 minecraft:mushroom_fields (req. id 14)
[27Sep2026 09:11:46.148] [Server thread/TRACE] [net.minecraftforge.registries.ForgeRegistry/REGISTRIES]: Registry minecraft:worldgen/biome add: minecraft:mushroom_field_shore 15 minecraft:mushroom_field_shore (req. id 15)
[27Sep2026 09:11:46.148] [Server thread/TRACE] [net.minecraftforge.registries.ForgeRegistry/REGISTRIES]: Registry minecraft:worldgen/biome add: minecraft:beach 16 minecraft:beach (req. id 16)
[27Sep2026 09:11:46.148] [Server thread/TRACE] [net.minecraftforge.registries.ForgeRegistry/REGISTRIES]: Registry minecraft:worldgen/biome add: minecraft:desert_hills 17 minecraft:desert_hills (req. id 17)
[27Sep2026 09:11:46.148] [Server thread/TRACE] [net.minecraftforge.registries.ForgeRegistry/REGISTRIES]: Registry minecraft:worldgen/biome add: minecraft:wooded_hills 18 minecraft:wooded_hills (req. id 18)
[27Sep2026 09:11:46.148] [Server thread/TRACE] [net.minecraftforge.registries.ForgeRegistry/REGISTRIES]: Registry minecraft:worldgen/biome add: minecraft:taiga_hills 19 minecraft:taiga_hills (req. id 19)
[27Sep2026 09:11:46.148] [Server thread/TRACE] [net.minecraftforge.registries.ForgeRegistry/REGISTRIES]: Registry minecraft:worldgen/biome add: minecraft:mountain_edge 20 minecraft:mountain_edge (req. id 20)
[27Sep2026 09:11:46.148] [Server thread/TRACE] [net.minecraftforge.registries.ForgeRegistry/REGISTRIES]: Registry minecraft:worldgen/biome add: minecraft:jungle 21 minecraft:jungle (req. id 21)
[27Sep2026 09:11:46.148] [Server thread/TRACE] [net.minecraftforge.registries.ForgeRegistry/REGISTRIES]: Registry minecraft:worldgen/biome add: minecraft:jungle_hills 22 minecraft:jungle_hills (req. id 22)
[27Sep2026 09:11:46.148] [Server thread/TRACE] [net.minecraftforge.registries.ForgeRegistry/REGISTRIES]: Registry minecraft:worldgen/biome add: minecraft:jungle_edge 23 minecraft:jungle_edge (req. id 23)
[27Sep2026 09:11:46.148] [Server thread/TRACE] [net.minecraftforge.registries.ForgeRegistry/REGISTRIES]: Registry minecraft:worldgen/biome add: minecraft:deep_ocean 24 minecraft:deep_ocean (req. id 24)
[27Sep2026 09:11:46.148] [Server thread/TRACE] [net.minecraftforge.registries.ForgeRegistry/REGISTRIES]: Registry minecraft:worldgen/biome add: minecraft:stone_shore 25 minecraft:stone_shore (req. id 25)
[27Sep2026 09:11:46.148] [Server thread/TRACE] [net.minecraftforge.registries.ForgeRegistry/REGISTRIES]: Registry minecraft:worldgen/biome add: minecraft:snowy_beach 26 minecraft:snowy_beach (req. id 26)
[27Sep2026 09:11:46.148] [Server thread/TRACE] [net.minecraftforge.registries.ForgeRegistry/REGISTRIES]: Registry minecraft:worldgen/biome add: minecraft:birch_forest 27 minecraft:birch_forest (req. id 27)
[27Sep2026 09:11:46.148] [Server thread/TRACE] [net.minecraftforge.registries.ForgeRegistry/REGISTRIES]: Registry minecraft:worldgen/biome add: minecraft:birch_forest_hills 28 minecraft:birch_forest_hills (req. id 28)
[27Sep2026 09:11:46.148] [Server thread/TRACE] [net.minecraftforge.registries.ForgeRegistry/REGISTRIES]: Registry minecraft:worldgen/biome add: minecraft:dark_forest 29 minecraft:dark_forest (req. id 29)
[27Sep2026 09:11:46.148] [Server thread/TRACE] [net.minecraftforge.registries.ForgeRegistry/REGISTRIES]: Registry minecraft:worldgen/biome add: minecraft:snowy_taiga 30 minecraft:snowy_taiga (req. id 30)
[27Sep2026 09:11:46.148] [Server thread/TRACE] [net.minecraftforge.registries.ForgeRegistry/REGISTRIES]: Registry minecraft:worldgen/biome add: minecraft:snowy_taiga_hills 31 minecraft:snowy_taiga_hills (req. id 31)
[27Sep2026 09:11:46.148] [Server thread/TRACE] [net.minecraftforge.registries.ForgeRegistry/REGISTRIES]: Registry minecraft:worldgen/biome add: minecraft:giant_tree_taiga 32 minecraft:giant_tree_taiga (req. id 32)
[27Sep2026 09:11:46.148] [Server thread/TRACE] [net.minecraftforge.registries.ForgeRegistry/REGISTRIES]: Registry minecraft:worldgen/biome add: minecraft:giant_tree_taiga_hills 33 minecraft:giant_tree_taiga_hills (req. id 33)
[27Sep2026 09:11:46.148] [Server thread/TRACE] [net.minecraftforge.registries.ForgeRegistry/REGISTRIES]: Registry minecraft:worldgen/biome add: minecraft:wooded_mountains 34 minecraft:wooded_mountains (req. id 34)
[27Sep2026 09:11:46.148] [Server thread/TRACE] [net.minecraftforge.registries.ForgeRegistry/REGISTRIES]: Registry minecraft:worldgen/biome add: minecraft:savanna 35 minecraft:savanna (req. id 35)
[27Sep2026 09:11:46.148] [Server thread/TRACE] [net.minecraftforge.registries.ForgeRegistry/REGISTRIES]: Registry minecraft:worldgen/biome add: minecraft:savanna_plateau 36 minecraft:savanna_plateau (req. id 36)
[27Sep2026 09:11:46.149] [Server thread/TRACE] [net.minecraftforge.registries.ForgeRegistry/REGISTRIES]: Registry minecraft:worldgen/biome add: minecraft:badlands 37 minecraft:badlands (req. id 37)
[27Sep2026 09:11:46.149] [Server thread/TRACE] [net.minecraftforge.registries.ForgeRegistry/REGISTRIES]: Registry minecraft:worldgen/biome add: minecraft:wooded_badlands_plateau 38 minecraft:wooded_badlands_plateau (req. id 38)
[27Sep2026 09:11:46.149] [Server thread/TRACE] [net.minecraftforge.registries.ForgeRegistry/REGISTRIES]: Registry minecraft:worldgen/biome add: minecraft:badlands_plateau 39 minecraft:badlands_plateau (req. id 39)
[27Sep2026 09:11:46.149] [Server thread/TRACE] [net.minecraftforge.registries.ForgeRegistry/REGISTRIES]: Registry minecraft:worldgen/biome add: minecraft:small_end_islands 40 minecraft:small_end_islands (req. id 40)
[27Sep2026 09:11:46.149] [Server thread/TRACE] [net.minecraftforge.registries.ForgeRegistry/REGISTRIES]: Registry minecraft:worldgen/biome add: minecraft:end_midlands 41 minecraft:end_midlands (req. id 41)
[27Sep2026 09:11:46.149] [Server thread/TRACE] [net.minecraftforge.registries.ForgeRegistry/REGISTRIES]: Registry minecraft:worldgen/biome add: minecraft:end_highlands 42 minecraft:end_highlands (req. id 42)
[27Sep2026 09:11:46.149] [Server thread/TRACE] [net.minecraftforge.registries.ForgeRegistry/REGISTRIES]: Registry minecraft:worldgen/biome add: minecraft:end_barrens 43 minecraft:end_barrens (req. id 43)
[27Sep2026 09:11:46.149] [Server thread/TRACE] [net.minecraftforge.registries.ForgeRegistry/REGISTRIES]: Registry minecraft:worldgen/biome add: minecraft:warm_ocean 44 minecraft:warm_ocean (req. id 44)
[27Sep2026 09:11:46.149] [Server thread/TRACE] [net.minecraftforge.registries.ForgeRegistry/REGISTRIES]: Registry minecraft:worldgen/biome add: minecraft:lukewarm_ocean 45 minecraft:lukewarm_ocean (req. id 45)
[27Sep2026 09:11:46.149] [Server thread/TRACE] [net.minecraftforge.registries.ForgeRegistry/REGISTRIES]: Registry minecraft:worldgen/biome add: minecraft:cold_ocean 46 minecraft:cold_ocean (req. id 46)
[27Sep2026 09:11:46.149] [Server thread/TRACE] [net.minecraftforge.registries.ForgeRegistry/REGISTRIES]: Registry minecraft:worldgen/biome add: minecraft:deep_warm_ocean 47 minecraft:deep_warm_ocean (req. id 47)
[27Sep2026 09:11:46.149] [Server thread/TRACE] [net.minecraftforge.registries.ForgeRegistry/REGISTRIES]: Registry minecraft:worldgen/biome add: minecraft:deep_lukewarm_ocean 48 minecraft:deep_lukewarm_ocean (req. id 48)
[27Sep2026 09:11:46.149] [Server thread/TRACE] [net.minecraftforge.registries.ForgeRegistry/REGISTRIES]: Registry minecraft:worldgen/biome add: minecraft:deep_cold_ocean 49 minecraft:deep_cold_ocean (req. id 49)
[27Sep2026 09:11:46.149] [Server thread/TRACE] [net.minecraftforge.registries.ForgeRegistry/REGISTRIES]: Registry minecraft:worldgen/biome add: minecraft:deep_frozen_ocean 50 minecraft:deep_frozen_ocean (req. id 50)
[27Sep2026 09:11:46.149] [Server thread/TRACE] [net.minecraftforge.registries.ForgeRegistry/REGISTRIES]: Registry minecraft:worldgen/biome add: minecraft:sunflower_plains 129 minecraft:sunflower_plains (req. id 129)
[27Sep2026 09:11:46.149] [Server thread/TRACE] [net.minecraftforge.registries.ForgeRegistry/REGISTRIES]: Registry minecraft:worldgen/biome add: minecraft:desert_lakes 130 minecraft:desert_lakes (req. id 130)
[27Sep2026 09:11:46.149] [Server thread/TRACE] [net.minecraftforge.registries.ForgeRegistry/REGISTRIES]: Registry minecraft:worldgen/biome add: minecraft:gravelly_mountains 131 minecraft:gravelly_mountains (req. id 131)
[27Sep2026 09:11:46.149] [Server thread/TRACE] [net.minecraftforge.registries.ForgeRegistry/REGISTRIES]: Registry minecraft:worldgen/biome add: minecraft:flower_forest 132 minecraft:flower_forest (req. id 132)
[27Sep2026 09:11:46.149] [Server thread/TRACE] [net.minecraftforge.registries.ForgeRegistry/REGISTRIES]: Registry minecraft:worldgen/biome add: minecraft:taiga_mountains 133 minecraft:taiga_mountains (req. id 133)
[27Sep2026 09:11:46.149] [Server thread/TRACE] [net.minecraftforge.registries.ForgeRegistry/REGISTRIES]: Registry minecraft:worldgen/biome add: minecraft:swamp_hills 134 minecraft:swamp_hills (req. id 134)
[27Sep2026 09:11:46.149] [Server thread/TRACE] [net.minecraftforge.registries.ForgeRegistry/REGISTRIES]: Registry minecraft:worldgen/biome add: minecraft:ice_spikes 140 minecraft:ice_spikes (req. id 140)
[27Sep2026 09:11:46.149] [Server thread/TRACE] [net.minecraftforge.registries.ForgeRegistry/REGISTRIES]: Registry minecraft:worldgen/biome add: minecraft:modified_jungle 149 minecraft:modified_jungle (req. id 149)
[27Sep2026 09:11:46.149] [Server thread/TRACE] [net.minecraftforge.registries.ForgeRegistry/REGISTRIES]: Registry minecraft:worldgen/biome add: minecraft:modified_jungle_edge 151 minecraft:modified_jungle_edge (req. id 151)
[27Sep2026 09:11:46.149] [Server thread/TRACE] [net.minecraftforge.registries.ForgeRegistry/REGISTRIES]: Registry minecraft:worldgen/biome add: minecraft:tall_birch_forest 155 minecraft:tall_birch_forest (req. id 155)
[27Sep2026 09:11:46.149] [Server thread/TRACE] [net.minecraftforge.registries.ForgeRegistry/REGISTRIES]: Registry minecraft:worldgen/biome add: minecraft:tall_birch_hills 156 minecraft:tall_birch_hills (req. id 156)
[27Sep2026 09:11:46.149] [Server thread/TRACE] [net.minecraftforge.registries.ForgeRegistry/REGISTRIES]: Registry minecraft:worldgen/biome add: minecraft:dark_forest_hills 157 minecraft:dark_forest_hills (req. id 157)
[27Sep2026 09:11:46.149] [Server thread/TRACE] [net.minecraftforge.registries.ForgeRegistry/REGISTRIES]: Registry minecraft:worldgen/biome add: minecraft:snowy_taiga_mountains 158 minecraft:snowy_taiga_mountains (req. id 158)
[27Sep2026 09:11:46.149] [Server thread/TRACE] [net.minecraftforge.registries.ForgeRegistry/REGISTRIES]: Registry minecraft:worldgen/biome add: minecraft:giant_spruce_taiga 160 minecraft:giant_spruce_taiga (req. id 160)
[27Sep2026 09:11:46.149] [Server thread/TRACE] [net.minecraftforge.registries.ForgeRegistry/REGISTRIES]: Registry minecraft:worldgen/biome add: minecraft:giant_spruce_taiga_hills 161 minecraft:giant_spruce_taiga_hills (req. id 161)
[27Sep2026 09:11:46.150] [Server thread/TRACE] [net.minecraftforge.registries.ForgeRegistry/REGISTRIES]: Registry minecraft:worldgen/biome add: minecraft:modified_gravelly_mountains 162 minecraft:modified_gravelly_mountains (req. id 162)
[27Sep2026 09:11:46.150] [Server thread/TRACE] [net.minecraftforge.registries.ForgeRegistry/REGISTRIES]: Registry minecraft:worldgen/biome add: minecraft:shattered_savanna 163 minecraft:shattered_savanna (req. id 163)
[27Sep2026 09:11:46.150] [Server thread/TRACE] [net.minecraftforge.registries.ForgeRegistry/REGISTRIES]: Registry minecraft:worldgen/biome add: minecraft:shattered_savanna_plateau 164 minecraft:shattered_savanna_plateau (req. id 164)
[27Sep2026 09:11:46.150] [Server thread/TRACE] [net.minecraftforge.registries.ForgeRegistry/REGISTRIES]: Registry minecraft:worldgen/biome add: minecraft:eroded_badlands 165 minecraft:eroded_badlands (req. id 165)
[27Sep2026 09:11:46.150] [Server thread/TRACE] [net.minecraftforge.registries.ForgeRegistry/REGISTRIES]: Registry minecraft:worldgen/biome add: minecraft:modified_wooded_badlands_plateau 166 minecraft:modified_wooded_badlands_plateau (req. id 166)
[27Sep2026 09:11:46.150] [Server thread/TRACE] [net.minecraftforge.registries.ForgeRegistry/REGISTRIES]: Registry minecraft:worldgen/biome add: minecraft:modified_badlands_plateau 167 minecraft:modified_badlands_plateau (req. id 167)
[27Sep2026 09:11:46.150] [Server thread/TRACE] [net.minecraftforge.registries.ForgeRegistry/REGISTRIES]: Registry minecraft:worldgen/biome add: minecraft:bamboo_jungle 168 minecraft:bamboo_jungle (req. id 168)
[27Sep2026 09:11:46.150] [Server thread/TRACE] [net.minecraftforge.registries.ForgeRegistry/REGISTRIES]: Registry minecraft:worldgen/biome add: minecraft:bamboo_jungle_hills 169 minecraft:bamboo_jungle_hills (req. id 169)
[27Sep2026 09:11:46.150] [Server thread/TRACE] [net.minecraftforge.registries.ForgeRegistry/REGISTRIES]: Registry minecraft:worldgen/biome add: minecraft:soul_sand_valley 170 minecraft:soul_sand_valley (req. id 170)
[27Sep2026 09:11:46.150] [Server thread/TRACE] [net.minecraftforge.registries.ForgeRegistry/REGISTRIES]: Registry minecraft:worldgen/biome add: minecraft:crimson_forest 171 minecraft:crimson_forest (req. id 171)
[27Sep2026 09:11:46.150] [Server thread/TRACE] [net.minecraftforge.registries.ForgeRegistry/REGISTRIES]: Registry minecraft:worldgen/biome add: minecraft:warped_forest 172 minecraft:warped_forest (req. id 172)
[27Sep2026 09:11:46.150] [Server thread/TRACE] [net.minecraftforge.registries.ForgeRegistry/REGISTRIES]: Registry minecraft:worldgen/biome add: minecraft:basalt_deltas 173 minecraft:basalt_deltas (req. id 173)
[27Sep2026 09:11:46.150] [Server thread/DEBUG] [net.minecraftforge.registries.ForgeRegistry/REGISTRIES]: Registry minecraft:data_serializers Sync: ACTIVE -> FROZEN
[27Sep2026 09:11:46.150] [Server thread/DEBUG] [net.minecraftforge.registries.ForgeRegistry/REGISTRIES]: Registry forge:loot_modifier_serializers Sync: ACTIVE -> FROZEN
[27Sep2026 09:11:46.150] [Server thread/DEBUG] [net.minecraftforge.registries.ForgeRegistry/REGISTRIES]: Registry forge:world_types Sync: ACTIVE -> FROZEN
[27Sep2026 09:11:46.812] [Server thread/DEBUG] [net.minecraftforge.registries.ObjectHolderRegistry/REGISTRIES]: Applying holder lookups
[27Sep2026 09:11:46.817] [Server thread/DEBUG] [net.minecraftforge.registries.ObjectHolderRegistry/REGISTRIES]: Holder lookups applied
[27Sep2026 09:11:46.817] [Server thread/DEBUG] [net.minecraftforge.registries.GameData/REGISTRIES]: FROZEN state restored.
[27Sep2026 09:11:46.818] [Server thread/DEBUG] [net.minecraftforge.fml.loading.FileUtils/CORE]: Found existing serverconfig directory : /home/runner/work/MCVoice/MCVoice/run/saves/New World/serverconfig
[27Sep2026 09:11:46.818] [Server thread/DEBUG] [net.minecraftforge.fml.config.ConfigTracker/CONFIG]: Unloading configs type SERVER
[27Sep2026 09:11:46.818] [Server thread/TRACE] [net.minecraftforge.fml.config.ConfigTracker/CONFIG]: Closing config file type SERVER at forge-server.toml for forge
[27Sep2026 09:11:46.856] [Worker-Main-6/DEBUG] [net.minecraft.util.Util/]: Worker-Main-6 shutdown
[27Sep2026 09:11:46.856] [Worker-Main-8/DEBUG] [net.minecraft.util.Util/]: Worker-Main-8 shutdown
[27Sep2026 09:11:46.857] [Worker-Main-9/DEBUG] [net.minecraft.util.Util/]: Worker-Main-9 shutdown
[27Sep2026 09:11:46.858] [Render thread/TRACE] [cpw.mods.modlauncher.TransformingClassLoader/CLASSLOADING]: Delegating to parent org.lwjgl.glfw.GLFWMonitorCallback
[27Sep2026 09:11:46.858] [Render thread/TRACE] [cpw.mods.modlauncher.TransformingClassLoader/CLASSLOADING]: Delegating to parent org.lwjgl.glfw.Callbacks
[27Sep2026 09:11:46.869] [mcvoice-shutdown/TRACE] [cpw.mods.modlauncher.TransformingClassLoader/CLASSLOADING]: Delegating to parent java.util.concurrent.ScheduledExecutorService
[27Sep2026 09:11:46.869] [mcvoice-shutdown/TRACE] [cpw.mods.modlauncher.TransformingClassLoader/CLASSLOADING]: Attempting to load dev.mcvoice.client.json.Json
[27Sep2026 09:11:46.869] [mcvoice-shutdown/TRACE] [net.minecraftforge.fml.loading.ModJarURLHandler/CORE]: Loading modjar URL modjar://mcvoice/dev/mcvoice/client/json/Json.class got resource dev/mcvoice/client/json/Json.class true
[27Sep2026 09:11:46.870] [mcvoice-shutdown/DEBUG] [cpw.mods.modlauncher.LaunchPluginHandler/LAUNCHPLUGIN]: LaunchPluginService {AFTER=[org.spongepowered.asm.launch.MixinLaunchPluginLegacy@21ab988f, net.minecraftforge.eventbus.service.ModLauncherService@7a24eb3, net.minecraftforge.common.asm.ObjectHolderDefinalize@5e840abf, net.minecraftforge.common.asm.RuntimeEnumExtender@56de6d6b, net.minecraftforge.common.asm.CapabilityInjectDefinalize@31e32ea2, net.minecraftforge.fml.loading.RuntimeDistCleaner@1473b8c0]}
[27Sep2026 09:11:46.870] [mcvoice-shutdown/DEBUG] [cpw.mods.modlauncher.LaunchPluginHandler/LAUNCHPLUGIN]: Final flags state for dev.mcvoice.client.json.Json is 0
[27Sep2026 09:11:46.870] [mcvoice-shutdown/DEBUG] [cpw.mods.modlauncher.LaunchPluginHandler/LAUNCHPLUGIN]: LauncherPluginService mixin offering transform dev.mcvoice.client.json.Json
[27Sep2026 09:11:46.870] [mcvoice-shutdown/DEBUG] [cpw.mods.modlauncher.LaunchPluginHandler/LAUNCHPLUGIN]: LauncherPluginService eventbus offering transform dev.mcvoice.client.json.Json
[27Sep2026 09:11:46.870] [mcvoice-shutdown/TRACE] [cpw.mods.modlauncher.TransformingClassLoader/CLASSLOADING]: Delegating to parent java.lang.Object
[27Sep2026 09:11:46.870] [mcvoice-shutdown/DEBUG] [cpw.mods.modlauncher.LaunchPluginHandler/LAUNCHPLUGIN]: LauncherPluginService object_holder_definalize offering transform dev.mcvoice.client.json.Json
[27Sep2026 09:11:46.870] [mcvoice-shutdown/DEBUG] [cpw.mods.modlauncher.LaunchPluginHandler/LAUNCHPLUGIN]: LauncherPluginService runtime_enum_extender offering transform dev.mcvoice.client.json.Json
[27Sep2026 09:11:46.870] [mcvoice-shutdown/DEBUG] [cpw.mods.modlauncher.LaunchPluginHandler/LAUNCHPLUGIN]: LauncherPluginService capability_inject_definalize offering transform dev.mcvoice.client.json.Json
[27Sep2026 09:11:46.870] [mcvoice-shutdown/DEBUG] [cpw.mods.modlauncher.LaunchPluginHandler/LAUNCHPLUGIN]: LauncherPluginService runtimedistcleaner offering transform dev.mcvoice.client.json.Json
[27Sep2026 09:11:46.870] [mcvoice-shutdown/DEBUG] [cpw.mods.modlauncher.LaunchPluginHandler/LAUNCHPLUGIN]: Final flags state for dev.mcvoice.client.json.Json is 0
[27Sep2026 09:11:46.870] [mcvoice-shutdown/TRACE] [cpw.mods.modlauncher.TransformingClassLoader/CLASSLOADING]: Loaded transform target dev.mcvoice.client.json.Json from modjar://mcvoice/dev/mcvoice/client/json/Json.class reason classloading
[27Sep2026 09:11:46.871] [mcvoice-shutdown/TRACE] [cpw.mods.modlauncher.TransformingClassLoader/CLASSLOADING]: Class loaded for dev.mcvoice.client.json.Json
[27Sep2026 09:11:46.871] [mcvoice-shutdown/TRACE] [cpw.mods.modlauncher.TransformingClassLoader/CLASSLOADING]: Attempting to load dev.mcvoice.client.json.Json$ParseException
[27Sep2026 09:11:46.871] [mcvoice-shutdown/TRACE] [net.minecraftforge.fml.loading.ModJarURLHandler/CORE]: Loading modjar URL modjar://mcvoice/dev/mcvoice/client/json/Json$ParseException.class got resource dev/mcvoice/client/json/Json$ParseException.class true
[27Sep2026 09:11:46.871] [mcvoice-shutdown/DEBUG] [cpw.mods.modlauncher.LaunchPluginHandler/LAUNCHPLUGIN]: LaunchPluginService {AFTER=[org.spongepowered.asm.launch.MixinLaunchPluginLegacy@21ab988f, net.minecraftforge.eventbus.service.ModLauncherService@7a24eb3, net.minecraftforge.common.asm.ObjectHolderDefinalize@5e840abf, net.minecraftforge.common.asm.RuntimeEnumExtender@56de6d6b, net.minecraftforge.common.asm.CapabilityInjectDefinalize@31e32ea2, net.minecraftforge.fml.loading.RuntimeDistCleaner@1473b8c0]}
[27Sep2026 09:11:46.871] [mcvoice-shutdown/DEBUG] [cpw.mods.modlauncher.LaunchPluginHandler/LAUNCHPLUGIN]: Final flags state for dev.mcvoice.client.json.Json$ParseException is 0
[27Sep2026 09:11:46.871] [mcvoice-shutdown/DEBUG] [cpw.mods.modlauncher.LaunchPluginHandler/LAUNCHPLUGIN]: LauncherPluginService mixin offering transform dev.mcvoice.client.json.Json$ParseException
[27Sep2026 09:11:46.871] [mcvoice-shutdown/DEBUG] [cpw.mods.modlauncher.LaunchPluginHandler/LAUNCHPLUGIN]: LauncherPluginService eventbus offering transform dev.mcvoice.client.json.Json$ParseException
[27Sep2026 09:11:46.871] [mcvoice-shutdown/TRACE] [cpw.mods.modlauncher.TransformingClassLoader/CLASSLOADING]: Delegating to parent java.lang.Exception
[27Sep2026 09:11:46.871] [mcvoice-shutdown/DEBUG] [cpw.mods.modlauncher.LaunchPluginHandler/LAUNCHPLUGIN]: LauncherPluginService object_holder_definalize offering transform dev.mcvoice.client.json.Json$ParseException
[27Sep2026 09:11:46.871] [mcvoice-shutdown/DEBUG] [cpw.mods.modlauncher.LaunchPluginHandler/LAUNCHPLUGIN]: LauncherPluginService runtime_enum_extender offering transform dev.mcvoice.client.json.Json$ParseException
[27Sep2026 09:11:46.871] [mcvoice-shutdown/DEBUG] [cpw.mods.modlauncher.LaunchPluginHandler/LAUNCHPLUGIN]: LauncherPluginService capability_inject_definalize offering transform dev.mcvoice.client.json.Json$ParseException
[27Sep2026 09:11:46.871] [mcvoice-shutdown/DEBUG] [cpw.mods.modlauncher.LaunchPluginHandler/LAUNCHPLUGIN]: LauncherPluginService runtimedistcleaner offering transform dev.mcvoice.client.json.Json$ParseException
[27Sep2026 09:11:46.871] [mcvoice-shutdown/DEBUG] [cpw.mods.modlauncher.LaunchPluginHandler/LAUNCHPLUGIN]: Final flags state for dev.mcvoice.client.json.Json$ParseException is 0
[27Sep2026 09:11:46.871] [mcvoice-shutdown/TRACE] [cpw.mods.modlauncher.TransformingClassLoader/CLASSLOADING]: Loaded transform target dev.mcvoice.client.json.Json$ParseException from modjar://mcvoice/dev/mcvoice/client/json/Json$ParseException.class reason classloading
[27Sep2026 09:11:46.871] [mcvoice-shutdown/TRACE] [cpw.mods.modlauncher.TransformingClassLoader/CLASSLOADING]: Class loaded for dev.mcvoice.client.json.Json$ParseException
